,Date,Open,High,Low,Close,Volume,Daily Return,Rolling Volatility,MA_10,MA_50,MA_200,H-L,H-PC,L-PC,TR,ATR_14,Momentum_10,MACD,Signal_Line,RSI_14
200,2021-03-16,373.88337321175214,374.59897398640015,372.0095583736193,372.7911071777344,73722500.0,-0.0012613801582154194,0.011250667908672041,365.3552764892578,361.6479852294922,327.7880432128906,2.58941561278084,1.3370416133532785,1.2523739994275616,2.58941561278084,6.59191390239062,0.024240871805750297,2.5049578938911736,1.5706493745503485,53.59747748214591
201,2021-03-17,371.4917228010157,374.872084062615,370.3335373606462,374.0623168945313,97959300.0,0.0034099786511023744,0.011264247463950432,366.84677734375,362.1841357421875,328.2378846740723,4.538546701968812,2.080976884880613,2.457569817088199,4.538546701968812,6.169536541834057,0.04152894424703035,2.8535375196372,1.827227003567719,65.09608017528353
202,2021-03-18,371.4446291288149,373.55381671421173,367.93242950176943,368.6198120117187,115349100.0,-0.014549727777971144,0.011743892547688513,368.23846740722655,362.56360290527346,328.6487521362305,5.6213872124423006,0.5085001803195723,6.129887392761873,6.129887392761873,6.113044278224062,0.03923537187992143,2.6599623352578874,1.9937740699057527,60.439368519569825
203,2021-03-19,368.31561424381664,369.9121420972191,365.7366010584032,367.937744140625,113624500.0,-0.0018503288452439426,0.011712452047640348,368.909423828125,362.8876208496094,329.03714874267575,4.175541038815879,1.2923300855003959,2.8832109533154835,4.175541038815879,5.701053088008186,0.018574310039305653,2.4235779323063866,2.0797348423858795,51.313113468671425
204,2021-03-22,368.4573290534802,372.2738835812704,368.4006499768492,370.875732421875,73778600.0,0.007985014660869094,0.011828752402756888,370.05402221679685,363.16588012695314,329.44404708862305,3.873233604421216,4.336139440645411,0.4629058362241949,4.336139440645411,5.7370386687962025,0.03184484293068812,2.4451267908081036,2.1528132320703244,58.17928470556944
205,2021-03-23,370.2333708419937,371.6976284521401,367.1631290926305,367.9566650390625,90686600.0,-0.00787074248226094,0.011835033106010924,370.39353637695314,363.34508056640624,329.7992520141602,4.534499359509596,0.8218960302651226,3.712603329244473,4.534499359509596,5.689670491817919,0.009312945506561476,2.201285030711233,2.1625075917985064,60.92323294244076
206,2021-03-24,369.3736817381601,371.0268887536122,366.038928168748,366.0861511230469,97588600.0,-0.005083516875056593,0.011896337356518153,370.31907348632814,363.53526977539065,330.12715927124026,4.987960584864197,3.070223714549684,1.9177368703145135,4.987960584864197,5.230792138009901,-0.0020298975625505644,1.8359402620561696,2.0971941258500393,65.07711435948755
207,2021-03-25,364.6313524159487,368.9485625721345,362.6663816326693,368.1455993652344,116128600.0,0.005625583584272897,0.011708387982324774,370.0786193847656,363.76514038085935,330.4765678405762,6.282180939465206,2.862411449087631,3.4197694903775755,6.282180939465206,4.86435821405954,-0.006489111063764708,1.6930655565088273,2.016368411981797,60.3914334282607
208,2021-03-26,369.30757679748655,374.4844872829987,368.70299031657015,374.0782775878906,114409100.0,0.016115032293976927,0.010831291089737908,370.38153381347655,364.0944580078125,330.8639616394043,5.781496966428563,6.338887917764339,0.5573909513357762,6.338887917764339,4.896105032259039,0.008163728237720491,2.0350945707049277,2.020113643726423,69.57391922057136
209,2021-03-29,372.5856666713803,374.8056935585765,371.08361328718706,373.8893432617187,108107600.0,-0.0005050662855651256,0.010727316878472823,370.44427490234375,364.4450433349609,331.33590377807616,3.722080271389416,0.7274159706858541,2.994664300703562,3.722080271389416,4.611127512293507,0.0016808863542097097,2.2648023755148756,2.069051390084114,64.36125326782935
210,2021-03-30,372.60454838267634,373.57757768374887,371.28195965297925,372.89739990234375,76262200.0,-0.0026530399361518464,0.009486102416771969,370.4549041748047,364.8277655029297,331.78615020751954,2.2956180307696172,0.3117655779698225,2.6073836087394398,2.6073836087394398,4.512870193761237,0.00028512677089875815,2.3398337793842643,2.123207867944144,59.72266647885612
211,2021-03-31,373.47364088825344,375.9865190732753,373.4453013490467,374.4088745117187,112734200.0,0.004053325686290021,0.009297898846682282,370.48955993652345,365.1851629638672,332.23075103759766,2.541217724228602,3.0891191709315535,0.5479014467029515,3.0891191709315535,4.3252672695821035,0.0009264702738958075,2.4925277680140994,2.197071847958135,56.6551819604845
212,2021-04-01,376.3644225030954,378.5088868681517,376.1565895873112,378.4521789550781,99682900.0,0.010799168285293703,0.008876613628186012,371.47279663085936,365.5247442626953,332.66809341430667,2.352297280840503,4.100012356433012,1.7477150755925095,4.100012356433012,4.41568146883664,0.026673463072155457,2.906297740137177,2.3389170263939434,61.37713289291134
213,2021-04-05,381.14449986290174,384.43203041114225,381.0689373716322,383.8840942382813,91684800.0,0.014352976638160486,0.00854194005236158,373.067431640625,365.96637451171875,333.1386389160156,3.3630930395100336,5.979851456064125,2.6167584165540916,5.979851456064125,4.529393275152407,0.04333980503930479,3.630671470345135,2.5972679151841818,64.85456002690378
214,2021-04-06,383.3173351846648,384.7154576111067,382.9772318717166,383.6574096679687,62021000.0,-0.0005905026379444678,0.007901252073256324,374.34559936523436,366.42908264160155,333.60749313354495,1.7382257393900886,0.8313633728253649,0.9068623665647237,1.7382257393900886,4.468593998481639,0.034463503887481206,4.138742473071773,2.9055628267617,65.3004555755797
215,2021-04-07,383.4873063902955,384.4508794233749,383.02441770229257,384.1013488769531,55836300.0,0.0011571240325285448,0.00770629047287699,375.96006774902344,366.87223266601563,334.0868507385254,1.426461721082319,0.7934697554061927,0.6329919656761263,1.426461721082319,4.246302214132604,0.043876590294068096,4.525052597599142,3.229460780929189,64.47277766778836
216,2021-04-08,385.3673190717819,385.98136170115106,384.4226292328612,385.9246826171875,57863100.0,0.0047470120726351706,0.007290371198481038,377.9439208984375,367.36314880371094,334.56607955932617,1.5587324682898611,1.8800128241979337,0.3212803559080726,1.8800128241979337,3.9427397449494657,0.054190882209779634,4.921600798685176,3.5678887844803864,77.8542109989173
217,2021-04-09,385.80186202697575,388.9004432633174,385.6790477463552,388.7303771972656,61104600.0,0.007270057362102511,0.007318864530040114,380.0023986816406,368.0868243408203,335.0526597595215,3.221395516962218,2.9757606461299133,0.24563487083230484,3.221395516962218,3.8745864933884895,0.055914773577421695,5.400016184286585,3.9343142644416265,81.32654815907375
218,2021-04-12,388.12575739952746,389.14600955996264,387.51171487882584,388.8720703125,56704900.0,0.0003645022965685918,0.007136694705555308,381.4817779541016,368.75269409179685,335.5771162414551,1.6342946811367938,0.41563236269701065,1.2186623184397831,1.6342946811367938,3.681597581995017,0.039547318331344616,5.724607561864389,4.292372923926179,79.60837082262188
219,2021-04-13,388.7681724828664,390.65755198684445,388.38084622499366,390.0245971679687,56551000.0,0.002963768661869981,0.007134333872184462,383.0953033447266,369.5839855957031,336.09211303710936,2.276705761850792,1.785481674344453,0.49122408750633895,2.276705761850792,3.5203266107336737,0.04315515859716679,6.005618816962851,4.635022102533514,88.54783923305374
220,2021-04-14,389.9963052708021,391.0638094336997,388.144721203013,388.6926574707031,61659900.0,-0.0034150146091733724,0.0071935356861834755,384.6748291015625,370.27263244628904,336.63453659057615,2.919088230686725,1.0392122657310097,1.8798759649557155,2.919088230686725,3.3725500140067117,0.04235818638718292,6.051092629956543,4.91823620801812,90.24585300975963
221,2021-04-15,390.85597006538586,393.142132191828,390.8087471046535,392.8681640625,60229800.0,0.010742437531410243,0.007399125009129446,386.5207580566406,370.94460144042966,337.1772457885742,2.33338508717452,4.449474721124886,2.1160896339503665,4.449474721124886,3.241642426982403,0.04930248935700243,6.35085078557978,5.204759123530453,90.92927261795882
222,2021-04-16,394.1717877737483,394.79528645183314,392.7358697703559,394.1812438964844,82037300.0,0.003342291267397046,0.0073987358890403405,388.0936645507812,371.6371826171875,337.7083100891113,2.0594166814772166,1.9271223893331353,0.13229429214408128,2.0594166814772166,2.9359659101047515,0.04156156528107413,6.618076782746812,5.487422655373725,89.29127846636507
223,2021-04-19,393.2365398616549,393.6899724622035,390.90315517252697,392.2445983886719,78498500.0,-0.004913083861293743,0.006535308325630553,388.9297149658203,372.20930053710936,338.2196057128906,2.7868172896765486,0.4912714342808613,3.27808872395741,3.27808872395741,2.9042522281453222,0.02177871986850577,6.597531961866991,5.709444516672378,83.58117290257603
224,2021-04-20,391.0165230941458,392.1312500378734,387.8801463236465,389.3727722167969,81851800.0,-0.007321518724980214,0.00683958545874682,389.5012512207031,372.69535583496094,338.70855712890625,4.251103714226872,0.11334835079850336,4.364452065025375,4.364452065025375,3.029757117880032,0.014897047221828608,6.2771584963344935,5.822987312604802,78.2020166349923
225,2021-04-21,388.74928495396665,393.2649007675184,388.607558428953,393.05706787109375,66793000.0,0.009462129653599716,0.0069037097818190046,390.3968231201172,373.2023687744141,339.19342391967774,4.6573423385654,3.892128550721509,0.7652137878438907,4.6573423385654,3.141773058425307,0.02331603109524516,6.248523001501269,5.9080944503840955,79.71124280149127
226,2021-04-22,392.8869635852258,393.72772232070054,388.39023195526994,389.4671630859375,97582800.0,-0.009133291520745712,0.007005954906277229,390.7510711669922,373.64247802734377,339.6756098937988,5.337490365430597,0.6706544496067863,4.66683591582381,5.337490365430597,3.230164344782277,0.009179201611895671,5.868505374522613,5.9001766352118,67.8068952451994
227,2021-04-23,390.0339972045161,395.1164319521115,389.9584347202658,393.68994140625,73209200.0,0.01084245020004615,0.006979522023621786,391.2470275878906,374.17024658203127,340.1677033996582,5.157997231845684,5.649268866173998,0.49127163432831367,5.649268866173998,3.206551302647268,0.012758365437614438,5.840753021393084,5.888291912448057,66.49713511182293
228,2021-04-26,394.351320730685,395.08817763703104,393.75616153139686,394.5119018554687,52182400.0,0.0020878370584798134,0.006968103830868908,391.8110107421875,374.70258850097656,340.6723114013672,1.3320161056341817,1.3982362307810376,0.06622012514685593,1.3982362307810376,3.1822663377466216,0.014503051192225058,5.818017931313079,5.874237116221062,67.90276695598608
229,2021-04-27,394.8141756176997,395.0125812201906,393.2743267307123,394.4268493652344,51303100.0,-0.00021558916178265886,0.006353160843582339,392.25123596191406,375.196884765625,341.16150543212893,1.7382544894783223,0.5006793647219183,1.237575124756404,1.7382544894783223,3.2045372497749076,0.011287114272359178,5.727118526117067,5.844813398200263,67.23430785875405
230,2021-04-28,394.7008333481329,395.8344726121784,393.8411621916665,394.3135070800781,51238900.0,-0.0002873594567374127,0.006348111130668138,392.8133209228516,375.69531616210935,341.6629734802246,1.9933104205118752,1.4076232469440129,0.5856871735678624,1.9933104205118752,3.212629935225903,0.014460910185314368,5.581593185610643,5.79216935568234,64.84945001636837
231,2021-04-29,397.0719529926651,397.4498230794909,393.4065526082123,396.8263244628906,78544300.0,0.006372638364381844,0.006283077318412417,393.2091369628906,376.2423083496094,342.15795486450196,4.043270471278618,3.1363159994127727,0.9069544718658449,4.043270471278618,3.271335289105646,0.010075034738016964,5.604422374605008,5.754619959466874,64.48116544538297
232,2021-04-30,394.53075788137056,395.3904289545435,393.312100115044,394.218994140625,85527000.0,-0.006570457052703538,0.006611839590264096,393.21291198730466,376.76860412597654,342.62621841430666,2.078328839499477,1.43589550834713,3.514224347846607,3.514224347846607,3.4056159795849186,9.576874781624944e-05,5.350448267629531,5.673785621099405,58.78878778454414
233,2021-05-03,396.23122487304954,396.6185511398328,394.5685904754569,395.06927490234375,68128300.0,0.002156874159684463,0.006331071068675743,393.49537963867186,377.3248986816406,343.1036827087402,2.049960664375874,2.399556999207789,0.3495963348319151,2.399556999207789,3.414391067967561,0.007201313989473768,5.158320600505192,5.570692616980563,58.375199875160504
234,2021-05-04,393.0570188353754,393.5577031829844,388.9003902550838,392.63189697265625,101591200.0,-0.006169495034231587,0.00590975562875844,393.8212921142578,377.8889434814453,343.5646176147461,4.657312927900648,1.511571719359324,6.168884647259972,6.168884647259972,3.6465193834370786,0.008370191724768938,4.754574238988198,5.40746894138209,56.308395457286736
235,2021-05-05,394.294609636373,394.5307820721771,392.1879411303291,392.7547607421875,60162200.0,0.0003129235563350541,0.0059001901792606086,393.7910614013672,378.4465936279297,344.0140266418457,2.34284094184801,1.8988850995208395,0.44395584232717056,2.34284094184801,3.496045542060159,-0.0007691176513976439,4.39386665828664,5.204748484763001,49.79130442596362
236,2021-05-06,392.8303293787919,396.0233853735317,390.799252165048,395.8911437988281,74321400.0,0.007985601627625849,0.006086788804965762,394.43345947265624,378.98655883789064,344.47589553833006,5.224133208483693,3.2686246313442098,1.955508577139483,5.224133208483693,3.7220967225606216,0.0164942807038988,4.311384248770594,5.02607563756452,52.948829415244454
237,2021-05-07,396.66579074021297,399.43372477306895,395.97615684791066,398.7724304199219,67733800.0,0.007277976954588983,0.0061795138753016465,394.94170837402345,379.7619250488281,344.94353240966797,3.457567925158287,3.5425809742408205,0.0850130490825336,3.5425809742408205,3.740989026152294,0.012909877746729803,4.427474920504551,4.9063554941525265,60.90243345511487
238,2021-05-10,399.1314218968624,399.358138212809,394.7008246349968,394.8236389160156,81852400.0,-0.00990236837523606,0.0065158023436747495,394.97288208007814,380.4954150390625,345.40963607788086,4.657313577812204,0.585707792887149,4.071605784925055,4.657313577812204,3.7619077056370673,0.0007901841720889813,4.152970284992989,4.75567845232062,58.78761997162208
239,2021-05-11,390.2513958626027,392.30135676111274,387.37953055018073,391.2999877929687,116888000.0,-0.008924620452617993,0.006850768889284111,394.6601959228515,380.98479919433595,345.867833404541,4.921826210932011,2.522282154902882,7.444108365834893,7.444108365834893,3.9609624218706023,-0.0079276083190023,3.609486275446102,4.526440016945716,47.15257295122333
240,2021-05-12,388.48473396616635,389.76949804803,381.6546174387772,382.9866333007813,134811000.0,-0.0212454759814249,0.00827276360740811,393.5275085449219,381.3651678466797,346.27353820800784,8.114880609252793,1.5304897449386772,9.64537035419147,9.64537035419147,4.268668135353522,-0.028725553591032682,2.4793723908067022,4.117026491717914,40.89231735226407
241,2021-05-13,384.5548041979105,389.5427641561605,384.5075524199053,387.5872497558594,106394000.0,0.012012472642785266,0.008705775467054906,392.6036010742188,381.9339666748047,346.7118180847168,5.035211736255178,6.556130855379195,1.5209191191240166,6.556130855379195,4.333443991725322,-0.02328241383566587,1.9327013164566438,3.68016145666566,41.513456806574844
242,2021-05-14,390.3552187169453,394.3984894367975,390.32687917943207,393.538818359375,82201600.0,0.01535542928015432,0.009044621654672937,392.53558349609375,382.71068481445315,347.16141189575194,4.071610257365421,6.811239680938115,2.739629423572694,6.811239680938115,4.72008709530797,-0.0017253754673407506,1.9571416873578755,3.3355575028041033,48.81575976182984
243,2021-05-17,392.4147206430433,393.3594104690016,390.49697261988825,392.5375061035156,65129200.0,-0.0025443798912486715,0.009030980696019176,392.28240661621095,383.3368713378906,347.6114154052734,2.8624378491133484,0.17940789037339755,3.041845739486746,3.041845739486746,4.813200756022858,-0.00640841735782649,1.8741097559742457,3.043267953438132,47.7508341277407
244,2021-05-18,392.8019447520136,393.047573286382,388.9948466175032,389.1554565429687,59810200.0,-0.0086158634728144,0.009163592969854053,391.9347625732422,383.9313854980469,348.0325553894043,4.05272666887879,0.5100671828663508,3.5426594860124396,4.05272666887879,4.9603019166204945,-0.008854197675971509,1.5179057450064306,2.738195511751792,44.30297486107892
245,2021-05-19,384.4131117843544,388.31465568718664,382.9110299226571,388.1351623535156,106467100.0,-0.0026218164805313915,0.009041039915394187,391.472802734375,384.40285827636717,348.43799423217774,5.403625764529522,0.8408008557820494,6.244426620311572,6.244426620311572,5.117527355837134,-0.011762043011120271,1.1401394677959615,2.418584302960626,40.073405879441445
246,2021-05-20,389.0232297703426,393.5860974338589,388.9004443190321,392.3107604980469,78022200.0,0.010758103231904848,0.009113793915440099,391.11476440429686,384.9124578857422,348.8583811950684,4.6856531148268346,5.450935080343299,0.7652819655164649,5.450935080343299,5.2558638367297545,-0.009043858032349972,1.1642718437014423,2.1677218111087893,47.89589192659698
247,2021-05-21,393.812776607687,395.06923000856034,391.52664375966594,391.9895324707031,76578700.0,-0.000818810136474335,0.008877027428631216,390.436474609375,385.34124572753905,349.2675897216797,3.542586248894395,2.7584695105134642,0.7841167383809307,3.542586248894395,5.337508783135941,-0.017009445567929826,1.144285892799985,1.9630346274470285,46.56404340901151
248,2021-05-24,394.2567974011119,397.0719830962271,394.0111688527152,395.985595703125,51376700.0,0.010194311075693241,0.008839753530125413,390.55267028808595,385.83997497558596,349.6864128112793,3.0608142435119134,5.082450625523961,2.0216363820120478,5.082450625523961,5.2599063530119405,0.0029429767434885346,1.4343613641353272,1.8572999747846883,53.61584292894663
249,2021-05-25,397.08139256102805,397.4403792449848,394.52129165177274,395.10699462890625,57451400.0,-0.002218770287991556,0.008846501301822048,390.93337097167966,386.2768762207031,350.0997221374512,2.919087593212055,1.454783541859797,1.4643040513522578,2.919087593212055,5.301066828109372,0.009729125874524236,1.5751946378748016,1.8008789074027112,52.49543182968981
250,2021-05-26,395.7021943153733,396.4012555107979,394.6536025222363,395.8911437988281,43088600.0,0.0019846501848401754,0.008855488122045946,392.22382202148435,386.738876953125,350.51228256225585,1.7476529885615832,1.2942608818916597,0.4533921066699236,1.7476529885615832,5.05274681240065,0.0336944148333036,1.730136371449305,1.7867304002120301,50.0
251,2021-05-27,396.93030008843584,397.4498679127247,395.8155442865395,396.0989685058594,56707700.0,0.0005249541705758531,0.00885496328511558,393.0749938964844,387.1796099853516,350.9388163757324,1.6343236261852212,1.5587241138965737,0.07559951228864747,1.6343236261852212,4.916442716110964,0.021960781102478233,1.8483914228569347,1.7990626047410112,46.82525186634775
252,2021-05-28,397.6860190902907,397.9505310497316,396.5712921776214,396.8074645996094,58520200.0,0.0017886845209986735,0.008752460411108077,393.4018585205078,387.74336303710936,351.3472268676758,1.379238872110193,1.8515625438722054,0.4723236717620125,1.8515625438722054,4.716031927972393,0.008305778458808755,1.9764953090981408,1.8345491456124372,52.552213467847444
253,2021-06-01,399.1975411945775,399.3392388863988,396.0139414565421,396.45794677734375,54216600.0,-0.0008808247158815785,0.008624919090281537,393.7939025878906,388.31376708984374,351.7567379760742,3.3252974298566755,2.531774286789414,0.7935231430672616,3.3252974298566755,4.421831146831091,0.009987429514045632,2.0264556750711336,1.8729304515041767,57.22591987085223
254,2021-06-02,397.1192470803606,397.9316953007315,396.09899478020424,397.0814514160156,49097100.0,0.001572687957802632,0.008619588689509622,394.5865020751953,388.83788146972654,352.1693196105957,1.8327005205272826,1.4737485233877692,0.3589519971395134,1.8327005205272826,3.863783301569364,0.0203671688005016,2.0922431617523216,1.9167929935538057,75.16857741046347
255,2021-06-03,394.73862860160705,396.76024973049454,393.2554587344202,395.6077270507813,58138800.0,-0.003711390597518349,0.008544022641045668,395.33375854492186,389.3909027099609,352.56953674316406,3.504790996074348,0.3212016855210891,3.8259926815954373,3.8259926815954373,3.6687734320133814,0.019252480635752356,2.0023807798826283,1.9339105508195704,66.12225468027876
256,2021-06-04,397.47820932299726,399.52819875012193,395.67384845451096,399.2258911132813,55938800.0,0.009145837695014425,0.008754631120587164,396.02527160644536,390.05369750976564,352.98443603515625,3.8543502956109705,3.9204716993406237,0.06612140372965314,3.9204716993406237,3.462290004756418,0.017626665673038167,2.1977850978778406,1.9866854602312245,62.61521673201498
257,2021-06-07,399.21643214025033,399.3959254964903,397.8938722755683,398.8385620117187,51555000.0,-0.000970200355699613,0.008604715470531817,396.7101745605469,390.6675567626953,353.4039825439453,1.5020532209219937,0.17003438320898567,1.332018837713008,1.5020532209219937,3.3523048248589356,0.017472480700814197,2.2949356170043416,2.048335491585848,64.36855679070922
258,2021-06-08,399.7077249420533,399.8021996968463,397.0720609101083,398.9236450195313,47134300.0,0.0002133269345458988,0.00845876211763818,397.00397949218757,391.16446411132813,353.81905197143556,2.730138786737996,0.9636376851275941,1.7665011016104017,2.730138786737996,3.2578342618488785,0.007419586339218798,2.3516848321340262,2.1090053596954834,76.21688120644649
259,2021-06-09,399.77380435045234,399.84939567559417,398.1017138596426,398.3284301757813,48436300.0,-0.0014920520535223192,0.008157623326370936,397.32612304687507,391.6532458496094,354.2255419921875,1.7476818159515801,0.9257506560628599,0.8219311598887202,1.7476818159515801,2.9366382043945936,0.008153324518844984,2.3218651147754485,2.1515773107114766,77.99656342986452
260,2021-06-10,399.5659501325712,401.14359462724616,398.2339341870371,400.1799926757813,51020100.0,0.004648331275733719,0.007911490084580485,397.75500793457036,392.19889770507814,354.62522705078123,2.909660440209052,2.8151644514648524,0.09449598874419962,2.909660440209052,2.7551185872421473,0.010833404444966721,2.4197450784998864,2.2052108642691586,74.77645756585197
261,2021-06-11,400.737406558681,400.9546667518774,399.43373008092857,400.84130859375,45570800.0,0.0016525461793999163,0.006032811430964344,398.2292419433594,392.72754638671876,355.02261581420896,1.5209366709488563,0.7746740760961188,0.7462625948527375,1.5209366709488563,2.610715045960323,0.011972614081221744,2.5216107634382183,2.2684908441029705,77.28568337676246
262,2021-06-14,400.95466089957426,401.84267156480246,399.6982362258093,401.73876953125,42358500.0,0.0022389432382818875,0.005598469219011186,398.7223724365235,393.1932781982422,355.4083824157715,2.144435338993162,1.0013629710524583,1.1430723679407038,2.144435338993162,2.400856811208123,0.012427450014370178,2.6442760812566917,2.3436478915337147,71.92194985813275
263,2021-06-15,401.88990270946545,401.9276695399214,400.1138814702221,401.00189208984375,51508500.0,-0.001834220387208485,0.004688448868757117,399.17676696777346,393.53563415527344,355.7869155883789,1.8137880696992852,0.18890000867139634,1.6248880610278889,1.8137880696992852,2.3219068452429252,0.01146135510572055,2.6514649408455284,2.4052113013960774,72.70722440611638
264,2021-06-16,401.14357585272023,401.37029214615194,396.6940956162795,398.762939453125,80386100.0,-0.005583396689353037,0.004844558561294082,399.3449157714844,393.8377447509766,356.1437481689453,4.6761965298724135,0.3684000563081895,4.307796473564224,4.6761965298724135,2.5310885267651275,0.0042346174345668786,2.448275205219943,2.4138240821608505,59.9473157902525
265,2021-06-17,398.3473419098784,399.6226500161628,396.12731521839567,398.6307373046875,90949700.0,-0.0003315306799042128,0.004355454130563364,399.647216796875,394.1283325195312,356.5058500671387,3.495334797767157,0.8597105630378223,2.6356242347293346,3.495334797767157,2.664017896163837,0.007641433792111352,2.250634355436034,2.3811861368158875,58.815715928242405
266,2021-06-18,395.3096883274855,396.01103650529984,393.04450841386256,393.2530212402344,118676300.0,-0.01349047015494631,0.0053572589023551465,399.0499298095703,394.2748992919922,356.82570098876954,2.966528091437283,2.619700799387658,5.586228890824941,5.586228890824941,2.9307797780890326,-0.01496112853901077,1.6411476861567849,2.233178446684067,40.660272962006694
267,2021-06-21,395.03485692913233,399.07241066609714,394.21029261360286,398.8828430175781,72822000.0,0.01431602930751441,0.0057361839384823645,399.0543579101562,394.47794860839844,357.14988708496094,4.8621180524942815,5.8193894258627665,0.957271373368485,5.8193894258627665,3.108929206375182,0.00011102488594905147,1.5940296946160402,2.105348696270462,54.9876656351413
268,2021-06-22,398.87335595589127,401.85885819780464,398.14354659358435,401.0153198242187,57700300.0,0.005346123163654237,0.005806142068894611,399.263525390625,394.7208135986328,357.5422152709961,3.7153116042202896,2.9760151802265113,0.7392964239937783,3.7153116042202896,3.243401426638968,0.005243296131481445,1.709060418643844,2.0260910407451385,57.618489812659675
269,2021-06-23,401.09113879833075,401.9062159552063,400.44665515001634,400.5319519042969,49445400.0,-0.0012053602344511694,0.0054344292444738,399.48387756347654,394.9309606933594,357.945294342041,1.4595608051899376,0.8908961309875849,0.5686646742023527,1.4595608051899376,3.0743705783242894,0.0055319218051876895,1.7411484690007342,1.9691025263962576,59.91685811180382
270,2021-06-24,402.7024024500127,403.3279120211782,402.446483246939,402.90142822265625,45110300.0,0.005915823462008252,0.005515924181504879,399.7560211181641,395.21513610839844,358.40392562866214,0.8814287742391684,2.7959601168813037,1.9145313426421353,2.7959601168813037,2.994048322434338,0.006800528753769575,1.9354645854856471,1.9623749382141356,57.79413744188682
271,2021-06-25,403.6596645844344,404.787525568789,403.327935661278,404.33258056640625,58129500.0,0.003552115340130113,0.00554124106409407,400.1051483154297,395.4444244384766,358.8389888000488,1.459589907511031,1.8860973461327717,0.4265074386217407,1.8860973461327717,3.0214800456636794,0.008709860729934515,2.1798159795495167,2.005863146481212,61.15641840473171
272,2021-06-28,404.8633520200861,405.3182680848234,403.65019430751784,405.1476745605469,53159600.0,0.0020158998639159265,0.005544134366682967,400.4460388183594,395.6637530517578,359.30567626953126,1.6680737773055512,0.9856875184171372,0.682386258888414,1.6680737773055512,2.9456182592756477,0.008485377284533469,2.4114399148352277,2.086978500152015,62.27488904697761
273,2021-06-29,405.53625513996815,406.180738827245,404.8254198873644,405.36566162109375,35970500.0,0.000538043469664018,0.005542980000294814,400.8824157714844,395.9261743164063,359.7726600646973,1.3553189398806467,1.0330642666981475,0.3222546731824991,1.3553189398806467,2.9175923395562955,0.010882166935691995,2.582820143437914,2.186146828809195,64.08828977658735
274,2021-06-30,404.90122907447613,406.38925114312417,404.8727968213665,405.7068481445313,64827900.0,0.0008416759379004102,0.005525989351185896,401.576806640625,396.25285583496094,360.2208049011231,1.516454321757692,1.02358952203042,0.49286479972727193,1.516454321757692,2.8180776168097696,0.01741362600278107,2.7148757130910326,2.291892605665563,61.776762768824256
275,2021-07-01,406.4745290238891,408.11419934095505,406.408177461728,407.95306396484375,53441000.0,0.005536548940658248,0.005609533239143789,402.5090393066406,396.55077575683595,360.67219604492186,1.7060218792270803,2.407351196423747,0.7013293171966666,2.407351196423747,2.881392940057976,0.02338587014937299,2.9665846070254815,2.426831005937547,64.195127418565
276,2021-07-02,409.1283813138995,411.43148076283416,408.03841070588646,411.0713195800781,57697700.0,0.007643662692292219,0.0056492447320627545,404.290869140625,396.98285888671876,361.14548248291015,3.3930700569476926,3.4784167979904055,0.08534674104271289,3.4784167979904055,2.9766773299863507,0.04531001003793622,3.378734933607916,2.617211791471621,67.11089525732177
277,2021-07-06,411.128189943579,411.3461898530777,407.5550681683477,410.3225708007813,68710400.0,-0.0018214571137235014,0.005443541472814556,405.4348419189453,397.31551147460937,361.6289392089844,3.791121684730001,0.27487027299957845,3.5162514117304227,3.791121684730001,3.1179154453456874,0.0286794179881511,3.603411384478079,2.8144517100729125,67.08169369506442
278,2021-07-07,411.01440086881,412.0569649645775,408.9766790457856,411.7726135253906,63549500.0,0.003533909240672317,0.005437502875663253,406.5105712890625,397.6607257080078,362.13770034790036,3.080285918791901,1.7343941637961962,1.345891754995705,3.080285918791901,3.003921830268508,0.026825144001698664,3.854048349550567,3.0223710379684436,74.55235115711992
279,2021-07-08,406.3893383023635,409.1853024616348,405.1951255677102,408.4176025390625,97595200.0,-0.008147727352735279,0.005830985420009709,407.29913635253905,397.9405407714844,362.6469381713867,3.9901768939246267,2.5873110637558057,6.577487957680432,6.577487957680432,3.2240756274051705,0.019687943988672796,3.738859359178889,3.165668702210533,66.46702651188406
280,2021-07-09,409.94342875768245,413.0805793649907,408.21846159942754,412.77728271484375,76238600.0,0.010674564829424193,0.00615230156710229,408.28672180175784,398.3098162841797,363.16236328125,4.862117765563141,4.662976825928183,0.19914093963495816,4.862117765563141,3.172353404172185,0.024511837884897636,3.9537842455975465,3.323291810887936,84.01615069444398
281,2021-07-12,412.6919970412863,414.5117480670907,412.2560261724641,414.2558288574219,52889600.0,0.0035819464987358884,0.006131254935063547,409.2790466308594,398.6584063720703,363.72109146118163,2.2557218946266175,1.734465352246957,0.5212565423796605,2.2557218946266175,2.917805723369603,0.024542292083202133,4.195062019885086,3.4976458526873664,81.31306224545136
282,2021-07-13,413.45974048183285,414.9761950094737,412.5783115918039,412.84368896484375,52911300.0,-0.003408859439523182,0.006230465145685335,410.04864807128905,399.03090026855466,364.26872756958005,2.3978834176697887,0.7203661520518381,1.6775172656179507,2.3978834176697887,2.8237037100445668,0.018995578371872712,4.223641002384625,3.642844882626818,74.8214560172143
283,2021-07-14,414.5590843458804,415.05194859765265,412.1991207290611,413.4596557617187,64130400.0,0.001492009720239107,0.006227713995569585,410.85804748535156,399.39870788574217,364.794924621582,2.8528278685915325,2.208259632808904,0.6445682357826286,2.8528278685915325,2.9232227860018236,0.019967143019111067,4.247036234550876,3.76368315301163,76.97823857955314
284,2021-07-15,412.1043498556356,412.78675282847234,410.12349249986374,412.0474853515625,55126400.0,-0.0034154974747283573,0.006277988760190306,411.4921112060547,399.7870196533203,365.28846420288085,2.663260328608601,0.6729029332463483,3.3361632618549493,3.3361632618549493,2.9618087249285128,0.01562861764850565,4.104314788462943,3.8318094801018927,69.88083360752326
285,2021-07-16,413.2417601881087,413.2891376406709,408.4175612043477,408.8156127929687,75874700.0,-0.00784344686835392,0.0064198996827029235,411.5783660888672,400.1082366943359,365.77437683105467,4.87157643632321,1.2416522891084014,3.6299241472148083,4.87157643632321,3.175057231370687,0.002114333496461507,3.6879099780109073,3.8030295796836957,59.03730827248986
286,2021-07-19,403.9344913737417,408.8819057334789,399.9348573210503,402.7781982421875,147987000.0,-0.014768062573575547,0.007304730376944227,410.7490539550781,400.2459777832031,366.21828826904294,8.947048412428614,0.06629294051020906,8.880755471918405,8.947048412428614,3.694983991022334,-0.020174409993775066,2.8380223135999927,3.6100281264669554,46.05419228411967
287,2021-07-20,403.4511685662533,409.8392283654541,402.64554941183593,408.55023193359375,99608200.0,0.01433055144642048,0.0071583810346375525,410.5718200683594,400.44153381347655,366.68098068237305,7.193678953618189,7.061030123266619,0.13264883035157027,7.193678953618189,4.112009706289301,-0.004319379418316394,2.6002609073092913,3.408074682635423,54.475315260296696
288,2021-07-21,409.76335419318394,412.00013086589416,408.50281905070426,411.8579406738281,64724400.0,0.008096210653411262,0.006732516693413624,410.5803527832031,400.7822198486328,367.1752133178711,3.497311815189903,3.449898932300414,0.04741288288948908,3.497311815189903,4.253499527248745,0.00020721909528420568,2.648210805791905,3.2561019072667197,57.97893860113737
289,2021-07-22,412.0379949818656,412.96683008086154,411.0428372446235,412.7203979492187,47878500.0,0.0020940649437997116,0.006677943054771057,411.01063232421876,401.2106280517578,367.64600509643554,1.9239928362380283,1.1088894070334163,0.815103429204612,1.9239928362380283,4.218973930092623,0.010535283943215124,2.724399360123755,3.1497613978381267,56.41425082489818
290,2021-07-23,414.6728808632472,417.3077092860723,413.9810196647843,416.9665222167969,63766600.0,0.010288137656090823,0.006920975008696264,411.42955627441404,401.8902258300781,368.16067031860354,3.326689621287983,4.587311336853588,1.2606217155656054,4.587311336853588,4.298180682868564,0.010148910023343394,3.0917661250609285,3.138162343282687,57.69811362861091
291,2021-07-26,416.3693854786226,417.99956884632775,416.3220080304527,417.9900817871094,43719200.0,0.0024547763807769574,0.006862514276706638,411.8029815673828,402.49828247070315,368.65312225341796,1.6775608158750401,1.0330466295308725,0.6445141863441677,1.6775608158750401,4.147212049378924,0.009014364239574135,3.4260067627425315,3.1957312271746563,59.941093101229775
292,2021-07-27,416.9380184234522,416.9664506743468,413.22270707079593,416.08502197265625,67397100.0,-0.004557667508061636,0.006984590765323405,412.1271148681641,402.94920654296874,369.1218910217285,3.743743603550854,1.0236311127625868,4.767374716313441,4.767374716313441,4.267718392059034,0.007851235454124916,3.4968628126194403,3.2559575442636133,55.52593111679269
293,2021-07-28,416.7200477747256,417.30766695039506,414.4738130246525,415.9144287109375,52472400.0,-0.00040999616114512083,0.006993751015779888,412.3725921630859,403.4167449951172,369.5754147338867,2.8338539257425737,1.2226449777388098,1.611208948003764,2.8338539257425737,4.00031596120633,0.005937152307391003,3.498917944065397,3.30454962422397,60.46010566726737
294,2021-07-29,416.8527897951727,418.7293765088144,416.84330273533806,417.6394348144531,47435300.0,0.004147502429434846,0.007019092338009805,412.931787109375,403.9864245605469,370.0114041137695,1.8860737734763688,2.8149477978769255,0.9288740244005567,2.8149477978769255,3.8540895349430286,0.013571128721049153,3.5982617055178707,3.3632920404827504,57.32237418410748
295,2021-07-30,415.0425015354718,417.0802235277088,414.9097984013731,415.6111755371094,68951200.0,-0.00485648410630779,0.007152449001435587,413.61134338378906,404.53594482421875,370.44803436279295,2.170425126335715,0.5592112867443007,2.7296364130800157,2.7296364130800157,3.887940571975414,0.0166225616916007,3.473290844582607,3.385291801302722,52.007899219843544
296,2021-08-02,417.3456234296735,417.9048104022537,414.3790661102858,414.7392272949219,58783300.0,-0.0020979903657804,0.007113516421524536,414.8074462890625,404.98451416015627,370.8906187438965,3.5257442919678965,2.293634865144327,1.2321094268235697,3.5257442919678965,3.968502062996708,0.02969631699266473,3.266240414620313,3.3614815239662406,52.853851801685494
297,2021-08-03,415.5448653486864,418.2365583722427,413.3270625530231,418.11334228515625,58053900.0,0.008135509660471607,0.00713790913707031,415.7637573242188,405.5069903564453,371.3520896911621,4.9094958192196145,3.497331077320837,1.4121647418987777,4.9094958192196145,4.115406916612999,0.023407428521829532,3.3359594739605996,3.3563771139651126,56.46914585825685
298,2021-08-04,416.8148227844002,418.08484492651655,415.81966503037125,416.0566101074219,46732200.0,-0.004919078081779271,0.00722696662928251,416.1836242675781,405.9084106445313,371.80426162719726,2.2651798961452982,0.028497358639697268,2.2936772547849955,2.2936772547849955,4.040943630393717,0.010194460319799648,3.1884962330665303,3.3228009377853964,55.47501898342212
299,2021-08-05,417.2318774104478,418.7767640479432,416.90963555415453,418.69146728515625,38969700.0,0.006332929494988759,0.007307480825682128,416.7807312011719,406.3801000976562,372.2943605041504,1.8671284937886412,2.7201539405212998,0.8530254467326586,2.7201539405212998,3.8872705949792947,0.014467589597236818,3.2468142524352857,3.3076036007153746,63.71042088922943
300,2021-08-06,419.0137119909047,419.8098440396247,418.7293605223864,419.3833312988281,46930000.0,0.001652443547889737,0.007013203103101186,417.022412109375,406.8499438476563,372.78149612426756,1.0804835172382923,1.1183767544684429,0.03789323723015059,1.1183767544684429,3.328079762267854,0.005796170563483916,3.3106957074195407,3.308222022056208,77.07036283401575
301,2021-08-09,419.3549301151535,419.6771719975136,418.26498838164866,419.0421752929687,41222600.0,-0.0008134705897892003,0.006684593466437604,417.12762145996095,407.3088079833984,373.26997314453126,1.412183615864933,0.2938406986854716,1.1183429171794614,1.412183615864933,2.915115809571193,0.0025170298332466423,3.2958018302882692,3.305737983702621,70.78481728948555
302,2021-08-10,419.497033445632,420.2837073084507,418.80517232354134,419.5633850097656,43339300.0,0.0012438120731703695,0.006654273764045326,417.4754577636719,407.76392639160156,373.7522430419922,1.478534984909345,1.2415320154819938,0.23700296942735122,1.478534984909345,2.770917464551153,0.008359741046717994,3.288151826123169,3.302220752186731,67.15909739608384
303,2021-08-11,420.6439373841189,420.70080189870544,419.5065892444576,420.60601806640625,44034300.0,0.0024850430087370867,0.006599588318588257,417.9446166992187,408.2468878173828,374.23424072265624,1.194212654247849,1.1374168889398106,0.056795765308038426,1.194212654247849,2.7187903086947114,0.01128017936287895,3.3278594248013746,3.30734848670966,67.42053443575202
304,2021-08-12,420.4543021704061,422.0086757832904,419.54444115923184,421.8664855957031,38909400.0,0.002996789097529984,0.0066143971485797416,418.36732177734376,408.7425885009766,374.7524969482422,2.4642346240585766,1.402657716884164,1.0615769071744126,2.4642346240585766,2.5671419720664965,0.010121292265247828,3.4215951591535827,3.330197821198445,62.46971146677263
305,2021-08-13,422.321432603143,422.6531615025155,421.82859724553487,422.63421630859375,39470300.0,0.0018198428628586338,0.006538679937705888,419.0696258544922,409.28311828613283,375.2800773620605,0.8245642569806364,0.786675906812377,0.03788835016825942,0.8245642569806364,2.5062136464311817,0.0168981037682836,3.517285775310768,3.3676154120209096,61.97458393988268
306,2021-08-16,421.3168081069156,423.76206874302704,419.7434892166579,423.62939453125,73740000.0,0.002354703391856061,0.006201168381835464,419.958642578125,409.7711883544922,375.8668273925781,4.0185795263691375,1.1278524344332936,2.890727091935844,4.0185795263691375,2.4527282757208746,0.021435559144749705,3.631561463562491,3.4204046223292264,70.41033008041467
307,2021-08-17,421.0418946552004,421.72429760131735,417.82893460503686,420.8523559570313,92673900.0,-0.006555349109547803,0.00530372282838519,420.2325439453125,410.21146423339843,376.42412811279297,3.8953629962804825,1.905096929932654,5.800459926213136,5.800459926213136,2.6646287043259145,0.006550887988661769,3.4581782394509446,3.42795934575357,61.70779921796549
308,2021-08-18,419.82879402483263,421.4116000048217,415.99978206929455,416.2461853027344,89351900.0,-0.010944861277590756,0.005258538886915868,420.2515014648437,410.5579150390625,376.9745246887207,5.411817935527154,0.5592440477904006,4.852573887736753,5.411817935527154,2.850119428443788,0.00045564759868499394,2.9154834305940085,3.325464162721658,47.09368649959004
309,2021-08-19,413.4881577625044,418.1038727524995,413.34599648280425,416.89068603515625,92812200.0,0.001548364297808913,0.004998335458647314,420.07142333984376,410.92916015625,377.51098571777345,4.7578762696952595,1.8576874497651374,2.900188819930122,4.7578762696952595,2.9949937039163053,-0.00430097432287424,2.508483471476552,3.162068024472637,52.832580041481705
310,2021-08-20,417.24132721491486,420.53958411069095,416.74846295309345,420.2078552246094,72008700.0,0.007956928040300237,0.005244209710830585,420.15387573242185,411.32971740722655,378.03670104980466,3.7911211575975017,3.648898075534703,0.14222308206279877,3.7911211575975017,3.0139491943184202,0.0019660388581199673,2.425639638603286,3.014782347298767,60.92378781043874
311,2021-08-23,421.9139521285281,424.82364507616273,420.2837685839085,423.904296875,54973000.0,0.008796698120778323,0.005118881029496093,420.640087890625,411.79097717285157,378.5456916809082,4.539876492254223,4.615789851553359,0.07591335929913612,4.615789851553359,2.992970196627973,0.011602940870168998,2.6279637229803825,2.93741862243509,61.42058230176265
312,2021-08-24,424.5771484375,425.1173901582532,424.05588083436186,424.5771484375,38744700.0,0.001587272333543721,0.0051083367870223976,421.14146423339844,412.24774475097655,379.0266363525391,1.0615093238913573,1.2130932832532153,0.15158395936185798,1.2130932832532153,2.915785627232846,0.011949954659693951,2.8102062074868854,2.9119761394454495,67.77388038323193
313,2021-08-25,424.7667608801489,425.989376788988,424.38762557536865,425.4681091308594,40529700.0,0.0020984659599279087,0.004966600693301863,421.62767333984374,412.73706909179685,379.51241119384764,1.601751213619366,1.412228351488011,0.18952286213135494,1.601751213619366,2.8358997181684225,0.011559727763299499,2.992037426357001,2.92798839682776,65.2452830706828
314,2021-08-26,425.18371201071784,425.4206570887891,422.86166759999514,422.9564514160156,57829600.0,-0.005903280788716492,0.005188392552916375,421.736669921875,413.2209393310547,379.965,2.558989488793941,0.04745204207029019,2.606441530864231,2.606441530864231,2.94219005933955,0.002583674829664151,2.900040330824936,2.9223987836271954,57.430017565413365
315,2021-08-27,423.77157135751264,427.11723504048143,423.714706846955,426.7381286621094,77235100.0,0.008941055830767208,0.005441708484259177,422.1470611572266,413.7830871582031,380.43893508911134,3.40252819352645,4.160783624465807,0.7582554309393572,4.160783624465807,3.13851863138247,0.009710317326789841,3.0965862006141265,2.9572362670245815,63.99992894028881
316,2021-08-30,427.42044222141794,429.4107864460952,427.17401011128976,428.6146545410156,48357400.0,0.004397371017184293,0.005313437637335782,422.6455871582031,414.4903198242188,380.9099235534668,2.236776334805427,2.6726577839858123,0.4358814491803855,2.6726577839858123,3.223813117030789,0.011767974730086506,3.3649807704116483,3.0387851677019952,65.69166890637862
317,2021-08-31,428.5199781246597,428.8611652020728,427.3731718825137,427.979736328125,59300200.0,-0.0014813264226126721,0.005294335518217132,423.3583251953125,415.0722576904297,381.3939579772949,1.4879933195591093,0.24651066105718655,1.2414826585019227,1.4879933195591093,3.244797450267307,0.01693558386975358,3.486265310730005,3.128281196307597,62.966699652893304
318,2021-09-01,428.9274756466226,429.4487432728979,427.97020823128537,428.2071533203125,48721400.0,0.0005313732704699259,0.005074056646846569,424.55442199707034,415.61609436035155,381.8562045288086,1.4785350416125311,1.4690069447729002,0.009528096839630962,1.4785350416125311,3.174390337235447,0.028735321643557965,3.5597008182111267,3.2145651206883032,61.570461023042796
319,2021-09-02,429.64781324647686,430.33967441969605,428.3114394259816,429.5245971679687,42501000.0,0.0030766507225317152,0.004892716066883634,425.81781311035155,416.195947265625,382.3040829467773,2.0282349937144772,2.1325210993835526,0.10428610566907537,2.1325210993835526,3.2678158259785124,0.030305093291882912,3.6817646045896026,3.308005017468563,62.32628425181023
320,2021-09-03,428.3776920020868,429.9415234990838,427.970124546445,429.4202270507813,47170500.0,-0.00024298984941850676,0.004779038830978779,426.7390502929687,416.7263232421875,382.7605813598633,1.9713989526388218,0.41692633111512123,1.5544726215237006,1.9713989526388218,3.1215886421406327,0.021923368903343565,3.7271153725510544,3.3918270884850616,60.700325034905894
321,2021-09-07,429.0696130746208,429.16439688975737,427.2024847198726,427.8848876953125,51671500.0,-0.0035753773547496648,0.004890063244460274,427.137109375,417.19736938476564,383.2297492980957,1.9619121698847835,0.25583016102393685,2.2177423309087203,2.2177423309087203,2.8656802424760315,0.009390305428978118,3.5976951382093603,3.4330006984299217,63.619728931684364
322,2021-09-08,427.34473278250624,428.0840003623598,425.42071073892623,427.3636779785156,56181900.0,-0.0012181073269594833,0.0048982221540306995,427.41576232910154,417.641689453125,383.689278717041,2.6632896234335703,0.19911266704730224,2.464176956386268,2.6632896234335703,2.6693567916122043,0.006563069989212522,3.4137201608101577,3.429144590905969,75.57805456868843
323,2021-09-09,427.16463779043585,428.9369825103565,425.28802218606927,425.5344543457031,57970400.0,-0.004280250585320999,0.005028162031404068,427.4223968505859,418.04506530761716,384.15114791870116,3.648960324287202,1.5733045318408472,2.075655792446355,3.648960324287202,2.5901485097973427,0.00015593463627450177,3.0847564538393044,3.360266963492636,68.85868718464997
324,2021-09-10,427.4868975351088,427.91338137851,422.056105204092,422.1793212890625,89948200.0,-0.007884515630583788,0.005341948652288466,427.3446838378906,418.3745147705078,384.5862561035156,5.857276174418018,2.378927032806871,3.4783491416111474,5.857276174418018,2.7377310109988082,-0.001837376222425191,2.524221494243079,3.193057869642725,54.29416574159629
325,2021-09-13,425.2121892344571,425.4775665749538,420.91871649077,423.2597351074219,83738600.0,0.002559134860183221,0.005331299793678192,426.99684448242186,418.6806481933594,384.99976318359376,4.558850084183803,3.298245285891312,1.2606047982924906,4.558850084183803,2.733663884758126,-0.008151119670493978,2.142476727998428,2.982941641313866,48.41546469249316
326,2021-09-14,424.71933153361607,424.9278443703824,420.07521354086856,420.9756164550781,78197100.0,-0.005396494074174196,0.00545090519735099,426.2329406738281,418.87873413085936,385.40447479248047,4.852630829513828,1.6681092629605132,3.1845215665533146,4.852630829513828,2.9936308523481694,-0.017822624599986736,1.6367643636255593,2.713706185776205,41.79620754903224
327,2021-09-15,421.4020787262818,424.9941742162732,420.2837048971315,424.4918518066406,78792200.0,0.008352586739279078,0.0057394751258295585,425.8841522216797,419.16211975097656,385.8220329284668,4.710469319141737,4.0185577611950976,0.6919115579466393,4.710469319141737,3.2156821455997675,-0.00814964874601043,1.5023957943569144,2.471444107492347,48.01377381732927
328,2021-09-16,423.96110047245674,424.9467711818383,420.8334080562652,423.8189392089844,77786700.0,-0.0015852191150249606,0.005550120882549138,425.44533081054686,419.4030462646484,386.2437741088867,4.113363125573073,0.4549193751976759,3.6584437503753975,4.113363125573073,3.323319402364685,-0.01024787670477234,1.3263203172609224,2.2424193494460622,51.89666650560237
329,2021-09-17,423.0373841183324,423.4652342286047,419.3291757295664,419.69049072265625,118425000.0,-0.009741066536652299,0.005432611973526173,424.4619201660156,419.6285040283203,386.6263084411621,4.136058499038313,0.353704980379689,4.489763479418002,4.489763479418002,3.3468179634326987,-0.022895327788333253,0.8439197614557088,1.9627194318479917,34.73460716254601
330,2021-09-20,413.491187460344,415.08855261540714,407.7672521297652,412.6925048828125,166445500.0,-0.016674158682495,0.006576090970844279,422.7891479492188,419.6268084716797,386.9702429199219,7.3213004856419275,4.6019381072491115,11.923238592891039,11.923238592891039,4.007573735497358,-0.03895420176840125,-0.10189059583171911,1.5497974263120495,21.77441256314725
331,2021-09-21,415.0600361208461,416.37216788294455,411.7702182793726,412.30267333984375,92526100.0,-0.0009446053377670793,0.006286871255319865,421.2309265136719,419.58774536132813,387.3126968383789,4.6019496035719385,3.6796630001320523,0.9222866034398862,4.6019496035719385,4.2299991843554166,-0.03641683734005696,-0.8728466330791207,1.0652686144338155,21.965278171919422
332,2021-09-22,414.6036394523698,418.3879006292685,412.416772495929,416.3246154785156,102350100.0,0.009754829155222966,0.0063636551495665356,420.12702026367185,419.65736389160156,387.66044647216796,5.971128133339448,6.085227289424722,0.11409915608527399,6.085227289424722,4.559048630627716,-0.02583060533411774,-1.1460863590845634,0.6229976197301398,31.290057518488013
333,2021-09-23,418.2167277534638,423.00885200549953,417.9790235804786,421.3829345703125,76396000.0,0.012149939983690183,0.006955015300036826,419.7118682861328,419.8158294677734,388.03705078125,5.0298284250209235,6.684236526983909,1.6544081019629857,6.684236526983909,4.884171161170599,-0.00975601325108666,-0.9435896201809442,0.309680171747923,38.531410452611844
334,2021-09-24,419.72853840774184,422.79968688281105,419.50984011448503,422.0770568847656,62094800.0,0.001647248280618907,0.006947810020225071,419.70164184570314,420.0164208984375,388.4120620727539,3.289846768326015,1.416752312498545,1.87309445582747,3.289846768326015,4.978346005148255,-0.00024222978042753862,-0.7188135903122657,0.10398141933588528,39.825242866240195
335,2021-09-27,421.03112942133527,422.2101328126967,420.1658827653251,420.8695068359375,61371100.0,-0.002860970595608081,0.006857532456206163,419.4626190185547,420.2574987792969,388.79660018920896,2.0442500473716336,0.13307592793108824,1.9111741194405454,2.0442500473716336,4.965953699181321,-0.005647190302374816,-0.6308441851614361,-0.042983701563579,40.19032175471536
336,2021-09-28,418.0645908860193,418.39738252936206,411.64657825709514,412.3882141113281,130436300.0,-0.02015183468237236,0.007790910062741251,418.6038787841797,420.4496990966797,389.13929428100585,6.750804272266919,2.472124306575438,9.222928578842357,9.222928578842357,5.434499338853377,-0.020398811731810462,-1.2313035388136768,-0.28064766901359856,32.87247231483188
337,2021-09-29,413.7858703755339,415.5448868544254,412.5117796384684,413.082275390625,82329200.0,0.0016830288925508974,0.007708543635707173,417.4629211425781,420.5403399658203,389.48747451782225,3.0331072159569885,3.1566727430972605,0.12356552714027202,3.1566727430972605,5.399335940196953,-0.026878198880511794,-1.6323502404626424,-0.5509881833034074,35.37871441993666
338,2021-09-30,414.5751030750784,415.2882156275778,407.691199186937,408.0335083007813,140506000.0,-0.01222218282076959,0.008040560666150554,415.88437805175784,420.4638513183594,389.81809967041016,7.5970164406408,2.205940236952813,5.391076203687987,7.5970164406408,5.523603102070008,-0.03724569491317442,-2.3307089883465437,-0.9069323443120346,34.02541706988251
339,2021-10-01,409.78298672233353,414.5845993910466,406.21742414161906,412.8826293945313,129240100.0,0.011884124698345877,0.00859845022198739,415.20359191894534,420.46709594726565,390.1498582458496,8.367175249427532,6.551091090265288,1.8160841591622443,8.367175249427532,5.795626328158846,-0.01622114743749048,-2.464470894584963,-1.2184400543666203,39.20057370473393
340,2021-10-04,411.703714224933,412.6164903165724,405.3902761342409,407.55816650390625,128570000.0,-0.012895826832029944,0.008857465168811687,414.6901580810547,420.2789288330078,390.45227508544923,7.226214182331546,0.2661390779588828,7.492353260290429,7.492353260290429,5.984177930357175,-0.012441074936323848,-2.965928448928878,-1.5679377332790718,36.867538255209965
341,2021-10-05,409.0793552867115,414.0711428099617,408.2711843295782,411.7987060546875,90682500.0,0.010404746854068003,0.009285106486730884,414.63976135253904,420.15510131835936,390.76619049072264,5.799958480383509,6.512976306055464,0.7130178256719546,6.512976306055464,6.112928429422441,-0.0012223235931843046,-2.9867318854730343,-1.8516965637178644,37.750141515907806
342,2021-10-06,408.15709000231993,413.71937371377385,406.5121956189314,413.51019287109375,113032200.0,0.004156124803799122,0.009370415115673311,414.3583190917969,420.1036047363281,391.0956315612793,7.2071780948424475,1.920667659086348,5.2865104357560995,7.2071780948424475,6.333915212941682,-0.006760163830781485,-2.832465180767599,-2.0478502871278113,40.24678340217621
343,2021-10-07,416.82852554592546,419.9566914356434,416.6478680609118,417.0852355957031,72437500.0,0.008645597584395759,0.009633200127116116,413.9285491943359,420.12702087402346,391.44916213989256,3.3088233747316167,6.446498564549643,3.137675189818026,6.446498564549643,6.4736820047367996,-0.010199034232346804,-2.3941335545392803,-2.117106940610105,47.50905556589773
344,2021-10-08,417.86496301430975,418.25480137059486,415.6875844942296,416.3246154785156,74557400.0,-0.0018236562991762462,0.009607713925105567,413.3533050537109,420.10072448730466,391.80180877685547,2.5672168763652508,1.169565774891737,1.3976511014735138,2.5672168763652508,5.805394739270672,-0.013628889114957299,-2.084104015651235,-2.110506355618331,53.94304668496774
345,2021-10-11,415.6590347825032,418.60657237517626,413.24395222399545,413.3105163574219,65233300.0,-0.007239781192446171,0.009585609962766512,412.5974060058594,420.0547113037109,392.13783142089846,5.362620151180806,2.281956896660631,3.080663254520175,5.362620151180806,5.859728349814162,-0.017960413752337367,-2.057893862186347,-2.0999838569319347,51.035141202349806
346,2021-10-12,414.2423435904771,414.6511878263725,411.4944692725718,412.2931518554687,71181200.0,-0.002461501611232597,0.00955584127000461,412.58789978027346,420.0057897949219,392.46203460693357,3.156718553800715,1.3406714689506316,1.8160470848500836,3.156718553800715,5.650549154412447,-0.00023051642264870775,-2.0950643419672588,-2.0989999539389994,45.58697274541514
347,2021-10-13,413.32948221817855,414.6035729991626,410.31540980058895,413.7763671875,72974000.0,0.0035974774874534265,0.009560170736540162,412.6573089599609,419.91905029296873,392.7787292480469,4.28816319857367,2.3104211436939295,1.9777420548797409,4.28816319857367,5.479401059526002,0.00168027494333578,-1.9819919638333658,-2.075598355917873,40.966446552961415
348,2021-10-14,417.484583283401,420.88852331393775,417.00917493406746,420.73638916015625,70236800.0,0.016820733431357038,0.010126351642072508,413.92759704589844,420.01264587402346,393.13356674194335,3.8793483798702937,7.112156126437753,3.2328077465674596,7.112156126437753,5.752423156533983,0.031131955099165554,-1.3156002627605972,-1.9235987372864178,48.61408621682858
349,2021-10-15,422.87573323432537,424.311475756708,422.2481907215612,423.9406433105469,66260200.0,0.007615823667609822,0.010269375296068346,415.0333984375,420.11762939453126,393.5019302368164,2.063285035146805,3.575086596551728,1.5118015614049227,3.575086596551728,5.861768624332561,0.02678246341395263,-0.5228958893789013,-1.6434581677049147,53.048919040269894
350,2021-10-18,422.13407838865146,425.53798930193824,421.4684951126115,425.1957092285156,62213200.0,0.002960475570749521,0.010034363880394631,416.7971527099609,420.233876953125,393.86767074584964,4.069494189326747,1.5973459913913644,2.4721481979353825,4.069494189326747,5.493666167938589,0.043276136203837634,0.20424693666274152,-1.2739171468313835,64.8447525733083
351,2021-10-19,426.8406986489136,428.5426398609434,426.222644503992,428.4761047363281,46996800.0,0.007715024955836203,0.009312123710443983,418.464892578125,420.4225555419922,394.2737773132324,2.319995356951381,3.346930632427757,1.0269352754763759,3.346930632427757,5.5072560171764815,0.040498909871333755,1.0333021037099002,-0.8124732967231267,66.83325557849264
352,2021-10-20,428.941921907584,430.4632343578258,428.8278285517246,430.1589660644531,49571600.0,0.003927550006926461,0.009300219434104124,420.12976989746096,420.63446716308596,394.67633987426757,1.6354058061011756,1.9871296214976724,0.3517238153964968,1.9871296214976724,5.106549815809116,0.04026206241196428,1.8053165758199725,-0.2889153222145069,76.11687277783564
353,2021-10-21,429.55048185592744,431.5091620813401,429.1131142662613,431.2809753417969,41305400.0,0.0026083596201866843,0.009133925501036104,421.5493438720703,420.84796630859375,395.0740605163574,2.3960478150788163,1.3501960168869687,1.0458517981918476,2.3960478150788163,4.680040713355636,0.03403558441913823,2.479102824516815,0.2646883071317575,73.81265922780668
354,2021-10-22,430.8436238986918,432.3078899044283,428.8659086931158,430.8341064453125,58845100.0,-0.0010361433080376958,0.008829370830143225,423.00029296875,421.0273187255859,395.44341720581053,3.441981211312509,1.0269145626314184,2.4150666486810906,3.441981211312509,4.390728424142927,0.03485138862164061,2.943098488311705,0.800370343367747,84.47894572196805
355,2021-10-25,431.9370349329455,433.4773534356401,430.1400063520101,433.1445617675781,45214500.0,0.0053627493452839126,0.008878103389404379,424.98369750976565,421.23752563476563,395.8141567993164,3.337347083629993,2.6432469903276115,0.6941000933023815,3.337347083629993,4.163897765398251,0.0479882427985554,3.4573980968980322,1.331775894073804,83.53760688760356
356,2021-10-26,434.7133952006861,435.9399278188588,433.15404192648214,433.5343627929687,56075100.0,0.0008999328625987069,0.008828379664619449,427.1078186035156,421.435625,396.1989451599121,2.7858858923766547,2.7953660512806664,0.00948015890401166,2.7953660512806664,3.8487683337152663,0.051519679242565175,3.852034076056384,1.8358275304703202,82.82427473156348
357,2021-10-27,434.00029823752453,434.6753699759611,431.53765742767655,431.6137390136719,72438000.0,-0.004430153510608825,0.007466496505852604,428.8915557861328,421.65085266113283,396.5737535095215,3.137712548284526,1.1410071829923822,1.9967053652921436,3.137712548284526,3.612426475410615,0.04310872548718803,3.964111831452385,2.2614843906667335,75.18142772511848
358,2021-10-28,433.05899976775305,435.85440340468415,433.049511331318,435.7783508300781,51437900.0,0.009648932459664694,0.007639338652058623,430.395751953125,422.0414959716797,396.9645832824707,2.8048920733661475,4.240664391012274,1.4357723176461263,4.240664391012274,3.7319584407425452,0.03575151105885466,4.338966721103304,2.6769808567540476,80.15928888687026
359,2021-10-29,433.4488020672072,436.957317992765,433.1540512131141,436.6625671386719,70162400.0,0.0020290505641444856,0.006851182250192718,431.6679443359375,422.43693359375,397.36609573364257,3.803266779650926,1.178967162686888,2.624299616964038,3.803266779650926,3.6205760570618395,0.030008738319543093,4.653745309166595,3.0723337472365575,88.7627529051802
360,2021-11-01,437.6609194196054,438.0412693163941,435.66422754458085,437.4137268066406,48433600.0,0.0017202291299913686,0.00656422863121601,432.88974609375,422.78105102539064,397.78435791015625,2.3770417718132535,1.3787021777222321,0.9983395940910214,2.3770417718132535,3.5648848583484494,0.02873504438766239,4.907254144448302,3.4393178266789066,92.07017837958858
361,2021-11-02,437.584916207298,439.4960672927222,437.4517879250813,439.1822814941406,48908400.0,0.0040432080182106755,0.005496506033014428,433.9603637695312,423.08661071777345,398.19757431030274,2.044279367640911,2.0823404860815913,0.038061118440680275,2.0823404860815913,3.4073260931704437,0.024986636686311403,5.191030339247902,3.789660329192706,92.14524880601277
362,2021-11-03,438.6117196019942,442.2723695959826,438.16483460506646,441.863525390625,52509800.0,0.006105082125268169,0.005306335224787085,435.1308197021484,423.4323382568359,398.5995263671875,4.107534990916122,3.090088101841957,1.017446889074165,4.107534990916122,3.1927102977760415,0.027209846241861513,5.5680934768959105,4.145346958733347,90.84571361142268
363,2021-11-04,442.4720479958212,444.0314013202998,442.12025045756326,443.9458312988281,52847100.0,0.004712554416801629,0.005311819586998415,436.3973052978516,423.8018927001953,399.0102426147461,1.9111508627365197,2.1678759296747785,0.2567250669382588,2.1678759296747785,3.0921952501419736,0.029365672684713573,5.966169130386845,4.509511393064047,90.430573612965
364,2021-11-05,446.19931867375465,447.5019330819236,443.9554048937376,445.4862060546875,66390600.0,0.0034697358264470513,0.005174611306581333,437.8625152587891,424.25248779296874,399.43506362915036,3.5465281881860165,3.556101783095471,0.009573594909454641,3.556101783095471,3.0555243639825966,0.034008680812819714,6.332940131391183,4.874197140729475,90.53967208716719
365,2021-11-08,446.59863305396107,447.10256476399456,445.17240794821066,445.8664855957031,50405200.0,0.0008536280940849572,0.005077905014937776,439.13470764160155,424.63505493164064,399.8546768188477,1.9301568157839029,1.6163587093070646,0.31379810647683826,1.9301568157839029,2.9543262342223215,0.029371080583834086,6.578461760733262,5.2150500647302325,89.29964524333678
366,2021-11-09,446.2372868578039,446.4749910254794,442.96647518925965,444.3927001953125,51149100.0,-0.003305441086072114,0.004731022236029914,440.2205413818359,424.95061584472654,400.2697459411621,3.5085158362197717,0.6085054297763008,2.900010406443471,3.5085158362197717,3.062996678131043,0.025046082465968622,6.578286859921889,5.487697423768564,82.47295492743206
367,2021-11-10,442.6812501780706,444.39273773990254,439.31537977138765,440.8176574707031,69429700.0,-0.008044782740666334,0.005213289553736327,441.14093322753905,425.20737426757813,400.71110122680665,5.077357968514889,3.7544590043125936e-05,5.077320423924846,5.077357968514889,3.2545188319479053,0.021324433457711844,6.217995003933595,5.633756939801571,69.5669814935871
368,2021-11-11,442.3294445310498,442.40552611905025,440.9412602245931,440.9602661132813,34848500.0,0.000323509369829722,0.00524974584739264,441.65912475585935,425.4624365234375,401.1380096435547,1.464265894457128,1.5878686483471256,0.12360275388999753,1.5878686483471256,3.122082220307521,0.01189117190730693,5.876230905869988,5.682251733015255,71.03912935411728
369,2021-11-12,442.24383594176913,444.8490642794322,441.28350183921975,444.2880859375,53466700.0,0.007546756658033615,0.00434536929427678,442.4216766357422,425.7577062988281,401.6171499633789,3.5655624402124317,3.8887981661508775,0.32323572593844574,3.8887981661508775,3.161471583344727,0.017463184098412743,5.80696852549147,5.707195091510498,72.21380677234859
370,2021-11-15,445.5907556899695,445.7523782809208,443.2992839431096,444.4402465820313,46980500.0,0.00034248193761543533,0.004213969652836813,443.12432861328125,426.0581066894531,402.068049621582,2.453094337811251,1.4642923434208228,0.9888019943904283,2.453094337811251,3.137023603811197,0.016063784341401766,5.698665019340012,5.705489077076401,71.94803184811978
371,2021-11-16,444.17400510179345,447.3497293227274,444.09795253490535,446.1992492675781,48857500.0,0.003957793424592904,0.004227859782350216,443.826025390625,426.4243939208984,402.50269729614257,3.2517767878220525,2.9094827406960917,0.3422940471259608,3.2517767878220525,3.145171049492449,0.0159773471497191,5.689189096053099,5.702229080871741,79.54546016532768
372,2021-11-17,445.9330449024421,446.11370240187745,444.4878139235829,445.1153564453125,47858300.0,-0.0024291677407454193,0.0041580238759349785,444.1512084960938,426.77942749023435,402.93051315307616,1.6258884782945415,0.08554686570067815,1.7114353439952197,1.7114353439952197,2.9645118318483736,0.007359356153719077,5.530466491176924,5.667876562932778,71.61099016908496
373,2021-11-18,446.1612468047309,446.89339427995975,443.40388400635703,446.6271667480469,50625600.0,0.0033964460691890963,0.004146188475291634,444.4193420410156,427.20128173828124,403.3454554748535,3.4895102736027184,1.7780378346472503,1.711472438955468,3.4895102736027184,2.9421006528449305,0.006039780667326244,5.463686166877494,5.627038483721722,72.41246289986464
374,2021-11-19,446.5130208680076,447.7776233405202,445.45762824880177,445.8284606933594,57315600.0,-0.0017883060282762875,0.004213721610328066,444.4535675048828,427.6742645263672,403.7492477416992,2.3199950917184538,1.150456592473347,1.1695384992451068,2.3199950917184538,2.938025889981016,0.0007682721350745769,5.28538672704525,5.558708132386428,68.88609738188912
375,2021-11-22,447.7300826152093,450.24974102650214,444.3641834265001,444.5733642578125,72762000.0,-0.00281520034318794,0.004286405395181957,444.3242553710937,428.100537109375,404.1335824584961,5.885557600002016,4.421280333142761,1.4642772668592556,5.885557600002016,3.2096842552610463,-0.002900243412919723,4.985339453377605,5.444034396584664,62.3852477750653
376,2021-11-23,444.240578956404,446.0281189919321,441.60682714800225,445.1628723144531,73206500.0,0.001326008492714692,0.004194263790318943,444.4012725830078,428.5842822265625,404.52208831787107,4.4212918439298505,1.4547547341196037,2.966537109810247,4.4212918439298505,3.2320954590477413,0.0017330890421964895,4.74047297905804,5.303322113079339,58.38572813651348
377,2021-11-24,443.1375841129621,446.47495967812506,442.3103783101897,446.3513488769531,61858800.0,0.0026697567034756897,0.004203330744776172,444.9546417236328,429.02147216796874,404.91733749389647,4.164581367935341,1.3120873636719352,2.8524940042634057,4.164581367935341,3.374717276066353,0.012553243529310754,4.58941078930269,5.16053984832401,56.40495599152333
378,2021-11-26,439.60067157371947,441.0839435809935,435.2554314804199,436.39642333984375,112669600.0,-0.022302891124125757,0.006579777451639667,444.4982574462891,429.27302185058596,405.25984558105466,5.828512100573619,5.267405295959634,11.095917396533252,11.095917396533252,3.9132755341690517,-0.010349782336772084,3.624631130103296,4.8533581046798675,33.286610164926415
379,2021-11-29,441.24551898634536,443.6130433165056,439.02061135981705,441.74945068359375,86268800.0,0.012266432668677885,0.006782514228975369,444.24439392089846,429.7142010498047,405.6200326538086,4.592431956688529,7.216619976661832,2.624188019973303,7.216619976661832,4.290880045660332,-0.005713939523157463,3.254465417353231,4.533579567214541,43.60030398164725
380,2021-11-30,439.2773145924481,441.2074713292348,432.9068311075102,433.154052734375,148559600.0,-0.019457631324538482,0.00806645509132127,443.1157745361328,430.1234320068359,405.9388432312012,8.30064022172462,0.5419793543589435,8.842619576083564,8.842619576083564,4.671887455650603,-0.025394176010054892,2.24168884967861,4.075201423707354,35.69690811979754
381,2021-12-01,438.9350693297473,441.8160429933335,428.14329314515095,428.3429565429687,131939200.0,-0.011107124961743375,0.008381155963055241,441.33014526367185,430.4442376708984,406.23317443847657,13.672749848182548,8.661990258958497,5.010759589224051,13.672749848182548,5.285844018484007,-0.040018652550222744,1.038865473984572,3.467934233762798,34.60807681445914
382,2021-12-02,428.5616632157224,436.4914717810718,428.1623073956631,434.9035949707031,127637800.0,0.015316321483802131,0.009052053117198708,440.30896911621096,430.81581726074216,406.56817138671875,8.329164385408717,8.14851523810313,0.18064914730558712,8.329164385408717,5.767365142559835,-0.022941831430307036,0.6079993365622158,2.8959472543226816,43.548711107470396
383,2021-12-03,436.5865197916,437.6609182957372,426.84064855219214,431.1193237304687,137331600.0,-0.00870140252689644,0.009094381538292605,438.7581848144531,431.0105450439453,406.8874952697754,10.820269743545055,2.757323325034065,8.06294641851099,10.820269743545055,6.2624702552308475,-0.034722122101288444,-0.03838180265131541,2.3090814429278823,36.10831748370073
384,2021-12-06,433.6960437193141,438.1268532041968,431.2524377365643,436.2252197265625,98977500.0,0.011843347572343843,0.009449693098040488,437.79786071777346,431.29350830078124,407.2464730834961,6.874415467632502,7.007529473728084,0.13311400609558177,7.007529473728084,6.587787050653479,-0.02154021515778015,-0.13706042995187318,1.8198530683519314,42.15400865772599
385,2021-12-07,441.5688481438857,445.8190005408262,436.0921339098075,445.2485046386719,95484700.0,0.020684922613519285,0.010523616230085188,437.86537475585936,431.7810882568359,407.6483543395996,9.726866631018709,9.59378081426371,0.1330858167549991,9.726866631018709,7.050293468024669,0.0015186253499159807,0.5069954012481617,1.5572815349311775,49.20260988237511
386,2021-12-08,445.64784251669647,446.883892741032,443.86979073969735,446.427490234375,72238800.0,0.0026479271315238417,0.010537934240198875,437.99183654785156,432.46187377929687,408.0360273742676,3.0141020013346633,1.6353881023601389,1.3787138989745245,3.0141020013346633,7.143341086406058,0.0028407982753524408,1.0998699558199974,1.4657992191089415,51.098734855214154
387,2021-12-09,445.1247883625345,446.53200738560935,443.2136667154886,443.413330078125,61272600.0,-0.006751735101858447,0.010620342217245383,437.6980346679687,433.06849487304686,408.453073425293,3.318340670120733,0.10451715123434724,3.213823518886386,3.318340670120733,7.1311146861573445,-0.006582300705980537,1.311392856985151,1.4349179466841835,47.37489424645898
388,2021-12-10,446.1517498312818,447.73959753946315,443.5655271350629,447.58746337890625,77159800.0,0.009413639639669347,0.010646612854084822,438.817138671875,433.85957397460936,408.900265045166,4.174070404400254,4.326267461338148,0.15219705693789365,4.326267461338148,7.274419855415894,0.025644206598704145,1.7951505744049996,1.5069644722283468,51.36169121013547
389,2021-12-13,447.0645104354329,447.41630797487454,443.3372961712615,443.62255859375,87724700.0,-0.008858391062217419,0.010852844140543993,439.00444946289065,434.47437255859376,409.28422393798826,4.079011803613014,0.17115540403170826,4.250167207644722,4.250167207644722,7.1576062559618014,0.004240204277011994,1.8374167738593314,1.573054932554544,49.29359290853983
390,2021-12-14,440.3137244942528,442.8333830739573,437.61340841103896,440.5704345703125,97264100.0,-0.00688000184912263,0.010830620950911111,439.7460876464844,435.1346179199219,409.6672351074219,5.219974662918332,0.7891755197927068,6.009150182711039,6.009150182711039,7.271024708731886,0.017121811025707867,1.6061178140252537,1.579667508848686,46.70846422411098
391,2021-12-15,440.6275789035962,447.7016299176194,438.0793675685681,447.4544372558594,116899300.0,0.015625203475718497,0.011378649445302477,441.65723571777346,435.8477325439453,410.1087707519531,9.622262349051312,7.131195347306914,2.4910670017443977,9.622262349051312,7.6608590645258845,0.04461724051011329,1.9557485547228453,1.6548837180235179,50.73093987227864
392,2021-12-16,449.327508662101,449.6127420995908,441.93964344822353,443.5085144042969,116568600.0,-0.008818602572726708,0.01151869394318049,442.5177276611328,436.44769897460935,410.5527987670898,7.673098651367241,2.1583048437314005,5.51479380763584,7.673098651367241,7.416372011299741,0.019785808931226168,1.8926135679114395,1.7024296880011023,55.12045479413286
393,2021-12-17,440.3912155292583,443.4349791298813,437.0612164345751,438.7882385253906,135511600.0,-0.01064303328031102,0.011734722159435598,443.284619140625,436.88175903320314,410.9405990600586,6.373762695306198,0.07353527441557617,6.447297969721774,6.447297969721774,7.3614204393754505,0.01778838101842184,1.4450343649081105,1.650950623382504,47.84842831250419
394,2021-12-20,433.64538842595744,434.5231967712665,430.45850677159706,434.1224670410156,107134800.0,-0.010633310272980423,0.011893170448947919,443.0743438720703,437.23771606445314,411.3140626525879,4.06468999966944,4.265041754124127,8.329731753793567,8.329731753793567,7.324785594926165,-0.004820337271799535,0.7057009750276393,1.461900693711531,50.74624900113679
395,2021-12-21,437.5860200573119,441.97514900646394,435.3914701420194,441.83203125,69806300.0,0.017758961570297993,0.01259590256189748,442.7326965332031,437.8081463623047,411.7004151916504,6.5836788644445505,7.852681965448312,1.2690031010037615,7.852681965448312,6.909066460445148,-0.007673183296694974,0.7334169628746849,1.3162039475441618,59.95005276560189
396,2021-12-22,441.5744218873552,446.3642805827982,441.3740279085592,446.2497863769531,58890200.0,0.009998720813551465,0.012779703981054866,442.7149261474609,438.4872790527344,412.09751022338867,4.990252674239002,4.532249332798187,0.4580033414408149,4.990252674239002,6.670572766790168,-0.0003980576046707096,1.099187254501885,1.2728006089357065,58.64260323228227
397,2021-12-23,447.2612618032698,450.54356544604246,447.15631847074775,449.0264587402344,56439700.0,0.006222237966374555,0.012844680479110242,443.2762390136719,439.19228088378907,412.48989181518556,3.3872469752947154,4.293779069089339,0.906532093794624,4.293779069089339,6.204394861471903,0.012658908249601808,1.5947339990925684,1.337187286967079,63.85283786980464
398,2021-12-27,450.41944392796466,455.42876921045337,450.3717477155582,455.3810729980469,56808600.0,0.014151981768826483,0.013182057714476763,444.05559997558595,439.8851745605469,412.9115515136719,5.057021494895196,6.402310470218993,1.3452889753237969,6.402310470218993,6.161164932649825,0.017412484166346998,2.471730061727385,1.5640958419191402,64.53796436676029
399,2021-12-28,455.81995052630975,456.8599783156876,454.23604617815033,455.0089111328125,47274600.0,-0.0008172536965231902,0.012066567585885646,445.19423522949216,440.5065399169922,413.3202864074707,2.623932137537281,1.4789053176407378,1.1450268198965432,2.623932137537281,5.653812468829723,0.025666757288349773,3.1009792490525,1.8714725233458123,58.52719523373541
400,2021-12-29,455.11389431865143,456.6214498247785,454.10249005484945,455.5909729003906,54503000.0,0.0012792315784080355,0.01183793089949432,446.6962890625,441.1144451904297,413.73428573608396,2.5189597699290402,1.6125386919659945,0.9064210779630457,2.5189597699290402,5.618445166586464,0.034093387007976705,3.6050742319880555,2.218192865074261,58.09007175931289
401,2021-12-30,456.0203602742119,457.04131550398193,453.863984724026,454.3315124511719,55329000.0,-0.0027644543551877954,0.010879327307851221,447.3839965820313,441.63155334472657,414.1356317138672,3.1773307799559234,1.4503426035913094,1.726988176364614,3.1773307799559234,5.6083730315746925,0.01536933064623991,3.858467197233608,2.5462477315061305,59.94742780498574
402,2021-12-31,453.8353725035261,454.99941640531046,452.9098387978473,453.1865234375,65237400.0,-0.002520162001298454,0.010503859652168471,448.35179748535154,442.0921044921875,414.55846527099607,2.089577607463127,0.6679039541385805,1.4216736533245466,2.089577607463127,5.448609470583619,0.021821472911748296,3.9216851581190326,2.821335216828711,55.39925722323915
403,2022-01-03,454.4650596674739,455.9440207887045,452.1273920142774,455.8104248046875,72668200.0,0.005789892751630665,0.010132745453620218,450.05401611328125,442.5826934814453,414.9978286743164,3.8166287744271017,2.7574973512045062,1.0591314232225955,3.8166287744271017,5.417642439639503,0.038793624771033874,4.1358373999773335,3.0842356534584354,62.06497781386851
404,2022-01-04,457.2512006490592,457.97636941695663,453.778054569725,455.6577453613281,71178700.0,-0.00033496259640131143,0.009839325502583858,452.2075439453125,443.0791662597656,415.4217387390137,4.198314847231643,2.1659446122691293,2.0323702349625137,4.198314847231643,5.288297058533833,0.04960645890339932,4.244308888572959,3.3162503004813404,65.84474247778479
405,2022-01-05,455.2856409179339,456.06805678954737,446.8127205486723,446.90814208984375,104538900.0,-0.019202138799475743,0.010690062742730511,452.71515502929685,443.35443786621096,415.8164961242676,9.255336240875067,0.41031142821924504,8.845024812655822,9.255336240875067,5.262088050806958,0.011488779628499923,3.58295143047593,3.3695905264802586,49.44791270229477
406,2022-01-06,446.4406765847872,449.2363505073161,444.0934286429578,446.4883728027344,86858900.0,-0.0009392741988240028,0.009717258750214942,452.739013671875,443.61351806640624,416.218507232666,5.1429218643583,2.3282084174723536,2.8147134468859463,5.1429218643583,5.081361137449177,0.0005346477086707324,2.990476653445569,3.293767751873321,53.242551800997035
407,2022-01-07,446.4978308607126,447.6905272471142,443.349094929474,444.72308349609375,85111600.0,-0.003953718426214281,0.009740095191909909,452.3086761474609,443.8757049560547,416.6013946533203,4.3414323176401695,1.2021544443798007,3.139277873260369,4.3414323176401695,4.93094216230049,-0.009583789908982121,2.3513867079097963,3.1052915430806163,56.90189851629393
408,2022-01-10,441.4884986322041,444.38911522991094,435.66813454048366,444.169677734375,119362000.0,-0.0012443828131615264,0.009626568499914456,451.1875366210937,444.0435314941406,416.95185165405275,8.720980689427279,0.33396826618280784,9.054948955610087,9.054948955610087,4.98274339100167,-0.024619809492433475,1.7797324538297516,2.8401797252304437,62.92015512333184
409,2022-01-11,443.9025823157687,448.31078409634137,440.8683401688283,448.2153625488281,74303100.0,0.00910842188753036,0.00961206319869773,450.5081817626953,444.27458740234374,417.32348175048827,7.442443927513068,4.141106361966365,3.301337565546703,7.442443927513068,4.953440674006296,-0.014930583594661484,1.634306029662639,2.599004986116883,59.06258529927861
410,2022-01-12,449.97097007368217,451.507178237759,447.44245943191686,449.4270935058594,67605400.0,0.0027034569947370635,0.009401455048934299,449.8917938232422,444.5148547363281,417.70613021850585,4.064718805842119,3.2918156889308534,0.7729031169112659,4.064718805842119,4.8873311119779475,-0.013529415113935794,1.5984056764782508,2.3988851241891567,54.96267767429001
411,2022-01-13,450.543528435834,451.2018992886118,442.1946522346638,443.2346801757813,91173100.0,-0.013778460220928657,0.009790597870314945,448.7821105957031,444.5959027099609,418.05025924682616,9.007247053947992,1.7748057827524235,7.232441271195569,9.007247053947992,5.224007396610708,-0.024424526961649318,1.0580814796867344,2.1307243952886723,41.82593287776614
412,2022-01-14,440.04772011937735,443.7689270266009,438.8168492936388,443.4158935546875,95890900.0,0.0004088429606508015,0.009143954468055465,447.8050476074219,444.6269500732422,418.37507781982424,4.9520777329620955,0.5342468508196134,4.417830882142482,4.9520777329620955,5.120419343949501,-0.021559842090405845,0.637148415792069,1.8320091993893517,29.549752922730505
413,2022-01-18,438.6642127401799,438.8741284845824,434.43730342003215,435.5632019042969,109709100.0,-0.017709540331174778,0.009740037972143128,445.7803253173828,444.45929748535156,418.6334733581543,4.4368250645502485,4.5417650701051,8.978590134655349,8.978590134655349,5.574323486600791,-0.04442027167120288,-0.3263289416015027,1.4003415711911809,23.532373150434935
414,2022-01-19,437.12796226591615,438.54009602620874,430.76372210073066,431.0404357910156,109357600.0,-0.01038371950042516,0.009727111194974313,443.31859436035154,444.1703820800781,418.87038848876955,7.776373925478083,2.9768941219118688,4.799479803566214,7.776373925478083,5.949853069140009,-0.05402587758228805,-1.4382617298883815,0.8326209109752685,19.82154137950171
415,2022-01-20,432.9488145244408,437.71004946980986,424.1228607297277,426.2697143554687,122379700.0,-0.011067920871024595,0.009749509191128722,441.25475158691404,443.77844665527346,419.08123031616213,13.587188740082183,6.669613678794235,6.917575061287948,13.587188740082183,6.693414352006171,-0.04618046929703512,-2.6736140662264347,0.1313739155349279,18.24644402468367
416,2022-01-21,425.1342313395035,427.5196240681427,417.8731098504364,417.9017333984375,202271200.0,-0.01963071894442181,0.00959918927646199,438.3960876464844,443.2486273193359,419.24111557006836,9.64651421770634,1.2499097126740253,8.396604505032315,9.64651421770634,7.233195538452114,-0.0640254957253431,-4.278545413875804,-0.7506099503472186,15.682851339013737
417,2022-01-24,412.2245779908159,420.1917972856983,401.4712356806785,419.6765441894531,251783900.0,0.004246957237010296,0.00929897954506959,435.8914337158203,442.82580505371095,419.3958464050293,18.72056160501984,2.2900638872608283,16.43049771775901,18.72056160501984,8.297762169208738,-0.0563194046725497,-5.345631558604111,-1.6696142719985971,14.2668738965761
418,2022-01-25,413.2073082147393,419.56199856119224,407.5682357570505,414.55267333984375,167997300.0,-0.01220909512468804,0.009266883575020174,432.9297332763672,442.2976531982422,419.52424942016603,11.993762804141738,0.11454562826088477,12.108308432402623,12.108308432402623,8.862761711006666,-0.06667948281747182,-6.529490667877383,-2.6415895511743543,12.9897107773877
419,2022-01-26,420.51611329659585,423.683921819535,409.1997950829611,413.5126037597656,186391100.0,-0.002508896087193957,0.00832213316708395,429.45945739746094,441.6821435546875,419.641689453125,14.484126736573899,9.131248479691237,5.352878256882661,14.484126736573899,9.236246746413725,-0.07742429574863585,-7.465573974489473,-3.6063864358373783,15.083804230254955
420,2022-01-27,418.168966707125,421.3462975450848,409.76284364392416,411.47076416015625,149878300.0,-0.004937792901702265,0.008278209818319534,425.6638244628906,441.02275390625,419.7555799865723,11.583453901160624,7.833693785319156,3.749760115841468,11.583453901160624,9.696284749042462,-0.08445492026218548,-8.276776601866743,-4.540464469043251,14.588966650351693
421,2022-01-28,412.84470300582825,421.7374545102003,408.207513297401,421.6897583007813,164457400.0,0.024835286077937502,0.010447156535877343,423.50933227539065,440.5325640869141,419.89968795776366,13.529941212799258,10.26669035004403,3.2632508627552284,13.529941212799258,10.352606812982398,-0.04860838476460272,-8.002821559655331,-5.2329358871656675,30.108770361499666
422,2022-01-31,421.012295690161,429.6378845642216,419.64785794069275,429.2848510742187,152251400.0,0.018011091386336275,0.01146652403891891,422.0962280273437,440.2159539794922,420.07520599365233,9.990026623528877,7.948126263440315,2.0419003600885617,9.990026623528877,10.419398074976597,-0.03186859714744528,-7.091107826028519,-5.604570274938238,38.539533353697145
423,2022-02-01,430.01950014340736,432.8342751396366,426.4509620293044,432.1854553222656,123155400.0,0.006756828806766979,0.011648395734395899,421.7584533691406,439.92711975097654,420.2749102783203,6.38331311033221,3.5494240654178952,2.833889044914315,6.38331311033221,10.343745873749393,-0.007754894277715918,-6.064604615211408,-5.696577142992872,37.43635274690157
424,2022-02-02,434.6185924680603,437.1184796033078,432.280895745888,436.3837890625,117361000.0,0.009714194886784933,0.011813168328818168,422.29278869628905,439.73822631835935,420.5099653625488,4.837583857419759,4.933024281042151,0.09544042362239225,4.933024281042151,10.405767693406537,0.012396408382611801,-4.856342090533019,-5.528530132500902,40.234328766760186
425,2022-02-03,430.2772071346521,432.20459422350393,425.2774035345961,426.1266174316406,118024400.0,-0.023504932786103883,0.012698207702493882,422.2784790039062,439.3692913818359,420.67531311035157,6.927190688907842,4.179194838996068,11.10638552790391,11.10638552790391,10.55570615583196,-0.0003356957320893583,-4.672590646132392,-5.3573422352272,37.92590697255676
426,2022-02-04,425.88803500986137,432.0232582839061,423.4835404390657,428.13031005859375,118454400.0,0.004702106240229265,0.012246827667307697,423.30133666992185,439.02864013671876,420.86862884521486,8.539717844840425,5.896640852265477,2.6430769925749473,8.539717844840425,10.81196616382327,0.0244760331022702,-4.315538214937533,-5.148981431169267,39.48268230468091
427,2022-02-07,428.9032013012466,430.3153352851843,425.4109825444908,426.75634765625,84472900.0,-0.0032092154422697083,0.012247287900841045,424.0093170166016,438.63674011230466,421.03396087646485,4.904352740693469,2.1850252265905397,2.719327514102929,4.904352740693469,10.520949207111707,0.016869666806065053,-4.0962201973514425,-4.938429184405702,43.34728349849303
428,2022-02-08,426.2506758361312,431.2027542589715,424.8098890806237,430.2676696777344,81012000.0,0.00822793156040591,0.012440988972511512,425.5808166503906,438.5141650390625,421.21273971557616,6.39286517834779,4.446406602721481,1.946458575626309,6.39286517834779,10.422127153745256,0.03790832226766927,-3.5976038092399563,-4.670264109372553,49.40719216693948
429,2022-02-09,434.3513815732101,436.88944286781225,434.1510167421676,436.5650329589844,92589900.0,0.014635920207452857,0.012930220237324331,427.8860595703125,438.4104766845703,421.4234306335449,2.7384261256446507,6.6217731900778745,3.8833470644332237,6.6217731900778745,9.924597471602093,0.05574782724787575,-2.6635978438764027,-4.2689308562733235,57.71703907918093
430,2022-02-10,430.6493415610099,436.7273187516463,426.6991455790591,428.7219543457031,140103700.0,-0.01796543016769303,0.013244818776227884,429.6111785888672,438.3218347167969,421.59547286987305,10.028173172587174,0.162285792661919,9.865887379925255,10.028173172587174,9.951858825522152,0.04192567659274138,-2.5271310898062325,-3.9205709029799056,58.174816574617736
431,2022-02-11,428.8077848767867,430.90691321691406,418.8177579647856,420.26806640625,153214600.0,-0.01971881274975773,0.013738597831564668,429.46900939941406,438.1603369140625,421.71268157958986,12.089155252128478,2.184958871210938,9.90419638091754,12.089155252128478,9.47818694317277,-0.0033714167027913966,-3.065797701134386,-3.749616262610802,50.40593469274578
432,2022-02-14,419.7528076605907,421.3557846131822,415.38275180062647,418.89404296875,123006300.0,-0.003269397670989882,0.01351981302960806,428.4299285888672,437.84014587402345,421.8360568237305,5.9730328125557435,1.0877182069322089,4.885314605623535,5.9730328125557435,9.039952970326564,-0.02420492612182168,-3.5625007882018735,-3.7121931677290165,53.14093840000212
433,2022-02-15,423.3881578543306,425.82124691183253,422.8633539566384,425.6495056152344,88482700.0,0.016126900727944538,0.014116569109853616,427.7763336181641,437.7307495117187,421.98895797729494,2.957892955194154,6.927203943082532,3.9693109878883774,6.927203943082532,8.500172770791465,-0.015123020977551471,-3.3721600237836356,-3.6441865389399406,58.110210207760645
434,2022-02-16,423.5790048590743,427.5196788103441,421.68024132188873,426.1266174316406,84863600.0,0.0011209030202363746,0.013649141897206403,426.7506164550781,437.5287774658203,422.1564315795898,5.83943748845536,1.8701731951097145,3.9692642933456455,5.83943748845536,8.08988588416966,-0.023504932786103883,-3.146543268314872,-3.544657884814927,60.002616026830104
435,2022-02-17,422.90156832540976,426.09800086720514,416.41331081374534,417.0239562988281,102259100.0,-0.021361400016915777,0.01422636949372723,425.84035034179686,436.96428649902344,422.27777755737304,9.684690053459803,0.028616564435480996,9.713306617895284,9.713306617895284,7.817269127390806,-0.021361400016915777,-3.6600581711398945,-3.567737942079921,46.76631668180335
436,2022-02-18,417.28153330164554,418.5505786166429,412.02414720949537,414.32366943359375,132642900.0,-0.006475136078991639,0.01410634234404502,424.4596862792969,436.3222100830078,422.36994018554685,6.526431407147527,1.5266223178147698,4.999809089332757,6.526431407147527,7.569869469077852,-0.03224868760894417,-4.236082096549865,-3.7014067729739097,38.87627324930778
437,2022-02-22,412.09097104969135,415.53546459791914,406.3373751245111,409.8773193359375,124391800.0,-0.01073158601760471,0.013653194245311898,422.77178344726565,435.65148986816405,422.42546463012695,9.19808947340806,1.2117951643253946,7.986294309082666,9.19808947340806,7.77092492358327,-0.03955190921707974,-4.993803047649351,-3.9598860279089982,33.7864448057349
438,2022-02-23,412.82567481945114,413.3981749869801,402.0341587680179,402.6066589355469,132578000.0,-0.017738625821429155,0.014080355069776616,420.00568237304685,434.7518737792969,422.4643797302246,11.364016218962206,3.5208556510426092,7.843160567919597,11.364016218962206,8.230281490577559,-0.06428791352811913,-6.1105453284832265,-4.390017888023844,26.500261790220463
439,2022-02-24,392.17766239338056,409.1044300817511,391.8151071349742,408.6654968261719,213942900.0,0.015049025534361382,0.014334744877914437,417.2157287597656,434.0527325439453,422.55120727539065,17.289322946776906,6.497771146204229,10.791551800572677,17.289322946776906,8.671919877639917,-0.06390694175324318,-6.432523918163838,-4.798519094051843,37.09808205043095
440,2022-02-25,409.9154884194575,417.7682131888725,408.2457132066048,417.6823425292969,121804500.0,0.022064122792730734,0.015149459976241177,416.111767578125,433.594970703125,422.7246858215332,9.522499982267675,9.102716362700619,0.4197836195670561,9.522499982267675,8.742118601741863,-0.0257500501304031,-5.892188695377513,-5.017253014316977,43.005015987822695
441,2022-02-28,412.22454887589333,418.11171182520815,410.9555325661179,416.6136779785156,145615000.0,-0.0025585581241234223,0.015114931792820913,415.74632873535154,432.9781555175781,422.8698179626465,7.1561792590902655,0.4293692959112718,6.726809963178994,7.1561792590902655,8.90296335305592,-0.008695374975746684,-5.486951277639946,-5.111192666981571,43.18154122135869
442,2022-03-01,415.0965572822185,417.12891678130694,407.53006854077734,410.2685241699219,137785900.0,-0.015230306022071982,0.014429289866922856,414.88377685546874,432.3133557128906,422.9534664916992,9.598848240529605,0.5152388027913162,9.08360943773829,9.598848240529605,9.131962143211764,-0.020591170830929206,-5.613094330780257,-5.211572999741309,37.04892827357779
443,2022-03-02,412.54895149200513,419.5620128646921,411.78563736539417,417.81591796875,117726500.0,0.01839622918696593,0.014455159781977972,414.1004180908203,431.8939093017578,423.0798585510254,7.776375499297956,9.293488694770247,1.517113195472291,9.293488694770247,9.322798964975505,-0.01840384528383676,-5.045886171017514,-5.17843563399655,38.05186404775435
444,2022-03-03,420.2776375908429,420.8882830783172,413.9133960344633,415.73583984375,105501700.0,-0.004978455907358681,0.01435914073544068,413.06134033203125,431.5261767578125,423.2127604675293,6.974887043853926,3.0723651095672153,3.9025219342867103,6.974887043853926,9.104707098637416,-0.024384249100697253,-4.709921495465267,-5.084732806290294,41.06837985365315
445,2022-03-04,411.95736494911114,413.5030949310613,408.2647812992154,412.3581237792969,113978200.0,-0.00812466893814734,0.014173621241112178,412.5947570800781,430.93669860839844,423.3338752746582,5.2383136318459265,2.232744912688702,7.471058544534628,7.471058544534628,8.774843048094997,-0.011188404045037292,-4.662474424371169,-5.000281129906469,44.15128893999629
446,2022-03-07,411.7664976728666,412.48211552013856,400.1353199323876,400.2021179199219,137896600.0,-0.029479244274283167,0.014665675766542607,411.18260192871094,430.0157452392578,423.3733320617676,12.34679558775099,0.12399174084168862,12.2228038469093,12.34679558775099,9.230111817751801,-0.034083381074938135,-5.541877050622304,-5.108600314049636,38.07962035205092
447,2022-03-08,400.38341260301814,407.6254617683835,396.0897054925874,397.16790771484375,164772700.0,-0.007581694521879734,0.014592856276028984,409.9116607666016,428.97857421875,423.39922393798827,11.535756275796075,7.423343848461627,4.112412427334448,11.535756275796075,9.55929412723134,-0.031007843131415247,-6.409757676715628,-5.3688317865828346,30.931411229011033
448,2022-03-09,405.6504491406804,409.8201118893059,403.43679721272144,407.8163757324219,116990800.0,0.02681099809610865,0.016019970595919433,410.43263244628906,428.0272802734375,423.45837783813477,6.383314676584462,12.652204174462156,6.268889497877694,12.652204174462156,10.045920319088967,0.012939966792027136,-6.1672250185293365,-5.528510432972135,39.21065257218733
449,2022-03-10,403.15046636629705,406.8812242969528,401.1658323171435,405.9747924804687,93972700.0,-0.0045157167822056365,0.015852169904084723,410.16356201171874,427.0465979003906,423.5127168273926,5.715391979809283,0.9351514354690948,6.650543415278378,6.650543415278378,9.827151518902046,-0.006584124098070521,-6.053831713627119,-5.633574689103132,42.87998275742039
450,2022-03-11,408.4938208708891,409.1140172955971,400.297613112895,400.8128662109375,95636300.0,-0.012714893547927653,0.015480678921528865,408.4766143798828,425.95103576660154,423.5373254394531,8.816404182702058,3.1392248151283866,5.677179367573672,8.816404182702058,9.990721002870227,-0.04038829177265524,-6.307778864180591,-5.768415524118624,41.56143284210238
451,2022-03-14,401.5952611392904,405.0874510691669,396.7290533137992,397.8835754394531,95729200.0,-0.007308375100770204,0.015169692160600537,406.6036041259766,424.8220770263672,423.5462484741211,8.358397755367662,4.274584858229389,4.083812897138273,8.358397755367662,9.930743023010198,-0.044957963526172096,-6.6685324042006755,-5.948438900135034,42.36425561347506
452,2022-03-15,400.5265795158824,407.2724782814784,399.23849051948713,406.6332092285156,106219100.0,0.02199043722626337,0.01565434912636804,406.2400726318359,423.8910107421875,423.59537719726563,8.033987761991284,9.388902842025288,1.3549150800340044,9.388902842025288,9.789663496086133,-0.008860818530403769,-6.177202910739027,-5.994191702255833,52.51609674907073
453,2022-03-16,410.1826611460115,415.70721048260174,405.3259752734907,415.64996337890625,144954800.0,0.022174170593438847,0.016470095341474502,406.0234771728516,423.0878015136719,423.69133728027344,10.381235209111026,9.074001254086113,1.3072339550249126,10.381235209111026,9.296228657681427,-0.005183992511280433,-5.002577444767951,-5.795868850758257,54.208842381227875
454,2022-03-17,413.71305175070313,420.85015869140625,413.33139466222354,420.85015869140625,102676900.0,0.01251099668150224,0.016308528091297503,406.5349090576172,422.39164978027344,423.8101808166504,7.518764029182705,5.2001953125,2.318568716682705,7.518764029182705,9.1531046610325,0.012301847369181385,-3.6104470126564934,-5.358784483137905,52.00096845616444
455,2022-03-18,419.219203776238,425.7850430387921,418.4726501981483,425.4596252441406,106345500.0,0.010952749945650764,0.0164948390375023,407.8450592041016,421.9626794433594,423.9594403076172,7.312392840643781,4.934884347385832,2.377508493257949,7.312392840643781,9.164262774000608,0.03177214345813639,-2.1108951028051024,-4.709206607071344,55.34835215606507
456,2022-03-21,425.2873009672022,427.31639357395176,421.7842332897094,425.3351745605469,88349800.0,-0.00029250879803777163,0.015751071005254278,410.3583648681641,421.5396154785156,424.08998672485353,5.532160284242366,1.856768329811132,3.675391954431234,5.532160284242366,8.873785062837234,0.06280090862900933,-0.921904400583685,-3.951746165773813,59.85042322358623
457,2022-03-22,426.7421215856696,431.25973563713376,426.7421215856696,430.3121948242187,74650400.0,0.011701407645897222,0.015815695336163327,413.67279357910155,421.25139770507815,424.247354888916,4.517614051464136,5.924561076586883,1.4069470251227472,5.924561076586883,8.633147375824137,0.08345157417192861,0.4171743119406415,-3.0779620702309223,58.45407795429636
458,2022-03-23,427.7471401193155,429.2593791208495,424.684339871641,424.7704772949219,79426100.0,-0.012878365047406137,0.015908251531489264,415.3682037353516,420.86341369628906,424.376589050293,4.575039249208487,1.0528157033692196,5.627854952577707,5.627854952577707,8.536930797875836,0.041572880765396114,1.0194815993369843,-2.258473336317341,55.83870994462391
459,2022-03-24,426.81872377149887,431.1831950629387,425.6893275182375,431.1736145019531,64736900.0,0.015074346145260709,0.015497139108552674,417.8880859375,420.52257873535154,424.54081497192385,5.493867544701175,6.412717768016819,0.9188502233156441,6.412717768016819,8.461335028124564,0.06206991785751503,1.990548321369829,-1.408669004779907,61.702069507953794
460,2022-03-25,431.8148718599814,433.55683972750614,429.2019200586942,433.2792663574219,77101300.0,0.004883535969381958,0.015271671733242573,421.1347259521484,420.19962219238283,424.70631134033204,4.354919668811931,2.3832252255530193,1.9716944432589116,4.354919668811931,7.890486748200345,0.08100139212945856,2.896643498653816,-0.5476065040931625,73.51116000930149
461,2022-03-28,432.6762829489136,436.3612060546875,430.76204021438434,436.3612060546875,68529800.0,0.007113056027756581,0.014670234308862799,424.98248901367185,420.0621527099609,424.8839108276367,5.599165840303158,3.081939697265625,2.517226143037533,5.599165840303158,7.466444574236566,0.09670575261302683,3.8193896846421467,0.32579273365389944,77.83961536127084
462,2022-03-29,440.2949743281158,442.2570907164704,437.57675306698206,441.7593688964844,86581500.0,0.012370858744762847,0.014789974083251728,428.49510498046874,420.0290222167969,425.0840138244629,4.680337649488308,5.895884661782873,1.2155470122945644,5.895884661782873,6.983850323330903,0.0863829093905335,4.929435844125123,1.2465213557481443,76.05350666045771
463,2022-03-30,440.6013108105276,441.4244504948384,436.8972552537048,439.0316467285156,79666900.0,-0.0061746787052475716,0.014360754570787867,430.83327331542966,420.09839111328125,425.27416259765624,4.527195241133597,0.3349184016459503,4.862113642779548,4.862113642779548,6.856105339580986,0.056253303042624436,5.525358151185571,2.10228871483563,75.03280450180846
464,2022-03-31,438.25630031147745,439.08899119607855,431.81486323801704,432.2742919921875,121699900.0,-0.01539149805414064,0.014480619553621203,431.97568664550784,420.12306823730466,425.44171936035156,7.274127958061513,0.05734446756292755,7.216783490498585,7.274127958061513,6.745942752106662,0.027145370067825247,5.390233562067863,2.7598776842820767,73.26254347082438
465,2022-04-01,433.87274339624423,434.0163057789643,429.8815631114743,433.4994812011719,89048800.0,0.0028342865437080977,0.014400027516971323,432.77967224121096,420.2676635742188,425.61606307983396,4.134742667490002,1.7420137867767949,2.392728880713207,4.134742667490002,6.444253102972543,0.018896871712369423,5.320675446956557,3.272037236816973,77.01514897588632
466,2022-04-04,433.7003937645586,437.3183112305066,432.8677028793125,437.2130126953125,59601000.0,0.008566403548744495,0.014267883982635784,433.9674560546875,420.65388916015627,425.8358630371094,4.4506083511940915,3.8188300293347197,0.6317783218593718,4.4506083511940915,6.091517782198886,0.02792583083926159,5.501780000781366,3.717985789609852,75.11387269416258
467,2022-04-05,435.7008319748018,438.19890496383664,430.5323819351552,431.69049072265625,74214500.0,-0.012631193062190071,0.01274978999534782,434.10528564453125,420.8941680908203,425.9999012756348,7.666523028681468,0.9858922685241396,6.680630760157328,7.666523028681468,5.89760976931106,0.0032030138002494546,5.140429622047179,4.002474556097318,63.97549152030428
468,2022-04-06,427.7279997883647,429.68050642902966,424.4546317229695,427.3738403320313,106898000.0,-0.0099994104187906,0.01286704007193559,434.36562194824216,421.15059143066406,426.13169387817385,5.225874706060154,2.0099842936265873,7.235858999686741,7.235858999686741,5.877402267204205,0.00612887000454565,4.454391777096816,4.092858000297218,55.77270812404816
469,2022-04-07,426.4837048244676,431.36502961975174,424.5120371525295,429.52734375,78097200.0,0.005038921933770313,0.01172790829509342,434.20099487304685,421.47088623046875,426.2766708374023,6.852992467222236,3.991189287720431,2.8618031795018055,6.852992467222236,5.844587954816952,-0.0038181157115904085,4.037924886023802,4.0818713774425355,53.76302254634648
470,2022-04-08,428.7616879448412,431.3076344524145,426.8187326113021,428.37884521484375,79272700.0,-0.0026738659409416554,0.011679303481885131,433.71095275878906,421.8090478515625,426.4040579223633,4.488901841112408,1.7802907024145043,2.708611138697904,4.488901841112408,5.770069494593384,-0.011310075332650826,3.573998807466751,3.980296863447379,52.76332566597161
471,2022-04-11,425.0671968033889,425.91904892156595,420.5496115611133,421.056884765625,89770500.0,-0.01709225497712563,0.012001410079228827,432.18052062988284,421.79639038085935,426.48767944335935,5.36943736045265,2.4597962932778046,7.829233653730455,7.829233653730455,5.906117535817925,-0.03507259828946496,2.585706615412107,3.701378813840325,41.940346263376625
472,2022-04-12,424.08141751716863,426.6369449919777,417.9271327577382,419.496826171875,84363600.0,-0.003705101733744054,0.01188055490227592,429.9542663574219,421.6006298828125,426.559425201416,8.709812234239507,5.580060226352714,3.1297520078867933,8.709812234239507,6.126257341650911,-0.05039517957529971,1.6574877552933458,3.2926006021309293,45.06544023456484
473,2022-04-13,419.2478532044622,425.06713801380846,419.06599781582406,424.3014526367187,74070400.0,0.01145330826144364,0.011224589082759159,428.4812469482422,421.44294982910156,426.65410415649416,6.001140197984398,5.57031184193346,0.43082835605093805,6.001140197984398,6.096858943791452,-0.03355155420243694,1.2946370529052729,2.893007892285798,43.3714214058931
474,2022-04-14,424.53109515523863,425.6605203663138,418.9127984034897,419.0180969238281,97869500.0,-0.012451891644627788,0.01065515448868564,427.15562744140624,421.09563598632815,426.7206604003906,6.747721962824073,1.3590677295950968,5.388654233228976,6.747721962824073,6.267773393363748,-0.030666165705266923,0.5741343425654577,2.42923318234173,37.03885320851546
475,2022-04-18,418.0801958773755,420.8941351265984,416.931638515193,419.1904602050781,66002500.0,0.0004113504464733353,0.01029060518719308,425.7247253417969,420.95691284179685,426.7768473815918,3.962496611405413,1.876038202770303,2.08645840863511,3.962496611405413,6.1508684484424805,-0.03300816175476218,0.01684485299648486,1.946755516472681,33.52309632287346
476,2022-04-19,419.0850921702653,426.6846371533885,418.9128173572124,425.9572448730469,77821000.0,0.01614250635536485,0.010627076311346831,424.5991485595703,420.91345153808595,426.8512770080566,7.771819796176089,7.494176948310383,0.2776428478657067,7.771819796176089,6.2848638151848535,-0.025744356859089157,0.11983055573062984,1.5813705243242708,35.22451262384142
477,2022-04-20,427.7567389651618,428.3788620770245,424.46423878133174,425.6414794921875,65224400.0,-0.0007413076891167325,0.01062837635174653,423.99424743652344,420.8911541748047,426.92787155151365,3.9146232956927633,2.4216172039776325,1.4930060917151309,3.9146232956927633,6.217185933250083,-0.014012380074304165,0.1739625083371834,1.2998889211268534,36.88836693650802
478,2022-04-21,429.3072544307093,430.7142241013014,418.3577829337673,419.276611328125,85417300.0,-0.014953589982950266,0.01076289736515032,423.1845245361328,420.6713330078125,426.9653915405273,12.356441167534115,5.072744609113897,7.283696558420218,12.356441167534115,6.580208305355269,-0.018946477860262823,-0.2933476673332507,0.9812416034348327,37.17410367971932
479,2022-04-22,418.1758766624438,419.2956922423888,407.19769402624064,407.77197265625,132471800.0,-0.027439256951233837,0.011956934731896466,421.0089874267578,420.0954718017578,426.9621633911133,12.097998216148142,0.01908091426378178,12.07891730188436,12.097998216148142,7.149012273116564,-0.05064956029065382,-1.5738798338646802,0.4702173159749301,28.894276482702296
480,2022-04-25,405.5036744107504,410.3084137740019,400.8807612582423,410.1361389160156,119647700.0,0.005797765462803417,0.011460513337220077,419.184716796875,419.72375549316405,426.94895767211915,9.427652515759632,2.536441117751906,6.8912113980077265,9.427652515759632,7.504515427728388,-0.04258545094512989,-2.370615364312698,-0.09794922008259552,27.284411138960422
481,2022-04-26,407.5709502647388,407.7719667682054,398.2294662403028,398.2581787109375,103996300.0,-0.02896101825230868,0.01270910314946613,416.90484619140625,419.2835577392578,426.86896942138674,9.542500527902575,2.3641721478102227,11.906672675712798,11.906672675712798,7.807383259659198,-0.054146379930061106,-3.915352387555174,-0.8614298535771113,24.655287291437148
482,2022-04-27,399.3493087676611,404.7857803167525,397.2149468186532,399.3780212402344,122030000.0,0.002811850676667893,0.012556007179221564,414.89296569824216,418.8932373046875,426.8016410827637,7.570833498099319,6.5276016058149935,1.0432318922843251,7.570833498099319,7.831310009545811,-0.04795937341227374,-4.991664869096951,-1.6874768566810794,27.695557477946295
483,2022-04-28,404.1827954718413,411.21764345200137,399.6938938658832,409.4660949707031,105449100.0,0.02525946144743041,0.013668740082177505,413.4094299316406,418.5695690917969,426.78167327880857,11.523749586118186,11.839622211766994,0.315872625648808,11.839622211766994,8.187497848441865,-0.03496419249527627,-4.973297941730777,-2.3446410736910193,35.811000113534945
484,2022-04-29,405.42704835983704,407.6092839729204,393.577880811708,394.3340148925781,145491100.0,-0.036955636288293126,0.015496010791633666,410.94102172851564,417.9337170410156,426.6931059265137,14.031403161212438,1.856810997782702,15.88821415899514,15.88821415899514,9.001734442576346,-0.05890934595060515,-6.109349638012532,-3.097582786555322,29.897130516985527
485,2022-05-02,394.4010364747816,398.08595983894696,387.65331283699174,396.7077026367187,158312500.0,0.0060194851432919805,0.015481425390787909,408.6927459716797,417.52739196777344,426.63256637573244,10.432647001955218,3.7519449463688375,6.68070205558638,10.432647001955218,9.187692538878114,-0.05363375291832817,-6.7404424046492295,-3.8261547101741034,34.72989463111698
486,2022-05-03,397.2149933676342,400.96689319901,395.6357195639531,398.5262451171875,100028200.0,0.004584086642083873,0.01552450019368844,405.94964599609375,417.2114434814453,426.6113066101074,5.331173635056871,4.2591905622912805,1.0719830727655904,5.331173635056871,8.946361210365069,-0.06439848150495708,-7.0130052301573755,-4.463524814170758,36.89121657867245
487,2022-05-04,399.1962108662155,411.23681534635347,395.97071617759474,410.66253662109375,144247900.0,0.030452929142314122,0.017060643028165633,404.4517517089844,417.2271478271484,426.6218681335449,15.266099168758728,12.710570229165967,2.5555289395927616,15.266099168758728,9.608143993991806,-0.03519145476367669,-6.178494101908768,-4.806518671718361,42.19012669287901
488,2022-05-05,406.3458807923875,406.7765971082307,391.8837903837669,396.06640625,172929100.0,-0.03554288270654005,0.018398288041865822,402.1307312011719,417.0963427734375,426.5429104614258,14.89280672446381,3.8859395128630467,18.778746237326857,18.778746237326857,10.467502870742006,-0.05535773866470395,-6.618628329016019,-5.168940603177893,38.12407801766732
489,2022-05-06,393.47260124336543,397.0139327887008,388.3328641573682,393.7023010253906,151770800.0,-0.005968961737989775,0.018352781419475737,400.72376403808596,416.79707885742187,426.4478199768066,8.681068631332607,0.9475265387007994,7.733542092631808,8.681068631332607,10.804543729308234,-0.03450377312400543,-7.076626464137064,-5.550477775369727,37.104127872325314
490,2022-05-09,387.7298281834731,388.9836546970786,379.4985795074588,381.0969848632813,155586100.0,-0.032017379957594905,0.019227239578768644,397.8198486328125,416.06537170410155,426.2684722900391,9.48507518961975,4.7186463283120474,14.203721517931797,14.203721517931797,11.263965280862212,-0.0708036949133144,-8.360363882486922,-6.112454996793167,28.56887513132203
491,2022-05-10,387.1459882806189,388.6678076542912,377.89064159517943,381.9775390625,132497200.0,0.0023105777116934068,0.019294563053448517,396.19178466796876,415.3726489257813,426.08840957641604,10.777166059111778,7.570822791009903,3.2063432681018753,10.777166059111778,11.754146906820713,-0.04087961156537667,-9.20062262020241,-6.7300885214750155,29.252355096526884
492,2022-05-11,381.00125474281214,386.715269649872,375.153228843325,375.9093627929687,142361000.0,-0.015886212274220712,0.019259364737903097,393.8449188232422,414.6854656982422,425.8875312805176,11.562040806547031,4.7377305873720275,6.824310219175004,11.562040806547031,11.697404023893066,-0.058763019493125235,-10.238165634270274,-7.4317039440340675,29.33506711975454
493,2022-05-12,372.67431634077207,378.8285992967604,368.63526328171594,375.5169677734375,125090800.0,-0.0010438554033763703,0.019278498088094908,390.45000610351565,413.83948669433596,425.68554397583006,10.193336015044451,2.9192365037916943,7.274099511252757,10.193336015044451,11.56135672381423,-0.08291071620885893,-10.965683374664764,-8.138499830160207,32.80967508358253
494,2022-05-13,379.6996244254463,385.8922010845883,378.6467850380676,384.4948120117187,104174400.0,0.023907958917312788,0.019991023653836853,389.46608581542966,413.2146661376953,425.5198208618164,7.245416046520688,10.375233311150794,3.1298172646301055,10.375233311150794,11.62904106634217,-0.02495144346992173,-10.694529546852607,-8.649705773498686,37.23435644042714
495,2022-05-16,382.8294535597192,386.6483588529305,380.55149980270585,382.9347229003906,78622400.0,-0.004057503671286211,0.01990758597600413,388.0887878417969,412.6261981201172,425.3564385986328,6.09685905022468,2.153546841211835,3.943312209012845,6.09685905022468,11.214054378807305,-0.034718205985883155,-10.484663661614547,-9.01669735112186,41.497656313763024
496,2022-05-17,389.0985426943039,391.05107843409303,385.3179016641324,390.8117980957031,83029700.0,0.020570281889431774,0.020609119685000416,387.3173431396484,412.43839172363283,425.2368014526367,5.7331767699606075,8.116355533702404,2.383178763741796,8.116355533702404,11.253020238493239,-0.0193574378500867,-9.572384805330614,-9.127834841963612,45.57851182390284
497,2022-05-18,386.1984940502169,386.4856187934089,373.80375994293706,375.0575866699219,117674500.0,-0.04031150416273588,0.02162647712385708,383.75684814453126,411.9961853027344,425.0215226745606,12.681858850471826,4.326179302294236,17.008038152766062,17.008038152766062,11.622192805707458,-0.08670123708903965,-10.005295617930244,-9.303326997156939,33.22133648579306
498,2022-05-19,371.9564891117317,377.2398175829103,370.5112265467498,372.7604675292969,98510700.0,-0.0061247105038475524,0.021595182664472738,381.42625427246094,411.29506713867187,424.80504196166993,6.728591036160481,2.182230912988416,4.5463601231720645,6.728591036160481,10.967934011219269,-0.05884351298906232,-10.413696264456405,-9.525400850616832,37.974817476032
499,2022-05-20,376.3879617856296,380.00587923277953,364.2229578998327,372.9231872558594,131432200.0,0.0004365262433567718,0.02153983594663079,379.3483428955078,410.6340350341797,424.5762005615234,15.782921332946842,7.2454117034826595,8.537509629464182,15.782921332946842,11.350096463432957,-0.05277874606120514,-10.602013188653302,-9.740723318224127,36.40738346871228
500,2022-05-23,375.9859221724704,380.67583959467305,373.64099267039114,379.9005737304687,76414900.0,0.018709982948371007,0.021526701445991895,379.22870178222655,410.2157891845703,424.37878677368167,7.034846924281908,7.752652338813675,0.7178054145317674,7.752652338813675,11.523059227987014,-0.003139387558371287,-10.072133644808446,-9.807005383540991,39.9483058931413
501,2022-05-24,375.7275919556099,378.2065329920415,370.367706024042,377.0005798339844,91448800.0,-0.007633560191835365,0.021447153050965395,378.731005859375,409.7981292724609,424.1685787963867,7.838826967999523,1.6940407384271907,9.532867706426714,9.532867706426714,11.113542694963298,-0.013029455189252026,-9.77354224869731,-9.800312756572255,29.8221441556868
502,2022-05-25,375.48826722741353,382.3221275547169,375.0862926252339,380.331298828125,91472900.0,0.008834784804859774,0.020804864795543287,379.17319946289064,409.27209106445315,423.9724183654785,7.235834929482962,5.321547720732497,1.9142872087504657,7.235834929482962,10.289049030117306,0.011763303798292712,-9.162525340545528,-9.67275527336691,39.095212796556496
503,2022-05-26,381.57563670759214,389.586738893634,381.3650688117415,387.930908203125,82168300.0,0.019981551343304815,0.02133338108644745,380.4145935058594,408.7177099609375,423.8090428161621,8.221670081892512,9.255440065508992,1.0337699836164802,9.255440065508992,10.330075561129904,0.033058267655104334,-7.973155501218116,-9.332835318937152,46.270901090944356
504,2022-05-27,390.4194058019488,397.56910404848304,390.2184184802871,397.4542541503906,84768700.0,0.02454907754418767,0.021289903609269648,381.7105377197266,408.2497918701172,423.68698165893557,7.350685568195956,9.638195845358041,2.2875102771620845,9.638195845358041,10.003966584517494,0.033705115735805924,-6.190753750952126,-8.704419005340148,61.00740008124194
505,2022-05-31,395.8175316708917,398.6027583682408,392.4484749570084,395.22412109375,95937000.0,-0.005611043367513613,0.01969690569411754,382.9394775390625,407.64508178710935,423.5499311828613,6.154283411232427,1.1485042178501885,5.005779193382239,6.154283411232427,9.673760681097539,0.032092671305119724,-4.901637594994838,-7.943862723271086,58.75508183786046
506,2022-06-01,397.36809742408747,398.39219510501664,389.4813973661881,392.02734375,86585800.0,-0.008088517813394591,0.019732397346075452,383.0610321044922,406.97892517089844,423.3919209289551,8.910797738828535,3.16807401126664,5.742723727561895,8.910797738828535,9.484386176260504,0.0031103095152700266,-4.0908007641024255,-7.173250331437354,61.07317232715381
507,2022-06-02,391.86460123500865,399.5407032663677,389.586647950477,399.4928588867187,79609600.0,0.019043353112326633,0.020161814535424344,385.5045593261719,406.36253845214844,423.28512344360354,9.954055315890685,7.5133595163677,2.4406957995229845,9.954055315890685,9.467294697749521,0.06515072107660536,-2.813371261595478,-6.301274517468979,65.0126041042449
508,2022-06-03,394.7167854044813,396.286478226082,391.9507202665435,392.9365539550781,71874300.0,-0.0164115697835282,0.0192307165554691,387.52216796875,405.7258599853516,423.16857528686523,4.335757959538512,3.2063806606366825,7.542138620175194,7.542138620175194,9.264930791251263,0.05412614314900632,-2.303485050342317,-5.501716624043647,55.45113841354002
509,2022-06-06,396.99480973775064,398.7463290328403,392.94617573503086,394.1330261230469,57508900.0,0.0030449500203677538,0.017634879394148192,389.6431518554688,404.98504821777345,423.0547869873047,5.800153297809459,5.809775077762197,0.009621779952738052,5.809775077762197,9.24442479321823,0.056874551092570114,-1.7823059363847165,-4.757834486511861,57.26526762294565
510,2022-06-07,390.6012730179454,398.3730945867704,390.132263641186,397.9136657714844,59272400.0,0.009592293458953183,0.01770204628816619,391.4444610595703,404.27773620605467,422.94331604003906,8.240830945584378,4.240068463723503,4.000762481860875,8.240830945584378,9.253315894066942,0.04741527990898908,-1.0520740553587302,-4.016682400281235,54.866229603632135
511,2022-06-08,396.1812849137473,397.9902585208139,392.7835153630201,393.5874938964844,64350000.0,-0.010872136966224355,0.01629611352146985,393.1031524658203,403.4222619628906,422.7917320251465,5.206743157793767,0.07659274932950666,5.13015040846426,5.206743157793767,8.41036625156892,0.04399705186078018,-0.8130733402487635,-3.375960588274741,65.05446193119445
512,2022-06-09,391.78809077008833,394.08517640788494,384.2268371582031,384.2268371582031,86289800.0,-0.023782912016871993,0.017213313240412986,393.4927062988281,402.271611328125,422.58998046875,9.85833924968182,0.4976825114005692,9.36065673828125,9.85833924968182,8.633919695391873,0.01024248685838125,-1.3632753307206826,-2.9734235367639297,58.356627119126614
513,2022-06-10,377.9481309269711,378.8095344085753,373.03809311008894,373.0859375,132893900.0,-0.02899563117611159,0.01805159299766532,392.0082092285156,400.9526971435547,422.3280696105957,5.771441298486366,5.417302749627822,11.188744048114188,11.188744048114188,8.305764175046685,-0.0382670480469991,-2.6675421013377445,-2.9122472496786926,50.102249802421866
514,2022-06-13,363.562546039559,365.4384956832975,357.29338375096023,358.9205017089844,170004900.0,-0.03796829193278195,0.01984664810748822,388.154833984375,399.4856213378906,422.00788986206055,8.145111932337272,7.6474418167024965,15.792553749039769,15.792553749039769,8.88004284720569,-0.09695141526105211,-4.789010465049387,-3.287599892752832,37.910899296503054
515,2022-06-14,360.6912216734964,361.7344805413904,354.69963209281036,357.8389892578125,104011800.0,-0.0030132367641922952,0.018940916865930028,384.41632080078125,397.97241149902345,421.66339416503905,7.034848448580021,2.8139788324060078,4.220869616174014,7.034848448580021,8.701612900216642,-0.09459223220606383,-6.482828433121483,-3.9266456008265624,38.7223985812092
516,2022-06-15,361.1793917979303,367.438975220395,356.16408397689713,362.9405212402344,125666800.0,0.01425650120743649,0.01931938482685457,381.5076385498047,396.48696166992187,421.3350234985352,11.274891243497848,9.59998596258248,1.6749052809153682,11.274891243497848,8.990116922646276,-0.07419590233561513,-7.3290555897583545,-4.607127598612921,39.97360832287929
517,2022-06-16,354.6230313337775,355.0345864932004,348.46871901757845,350.92852783203125,134473300.0,-0.033096313873016814,0.0196791170291104,376.6512054443359,394.87172241210936,420.9497674560547,6.565867475621928,7.905934747033996,14.471802222655924,14.471802222655924,9.362714219585342,-0.12156495410211698,-8.866753769660875,-5.459052832822512,29.699670840044305
518,2022-06-17,351.3485815305667,355.0686364090253,348.13799100149305,351.68499755859375,111113900.0,0.002155623343692792,0.017968789325952198,372.5260498046875,393.35794555664063,420.5671566772461,6.930645407532268,4.140108576994066,2.7905368305382012,6.930645407532268,9.169317759740645,-0.10498274080451264,-9.910112265532064,-6.349264719364423,22.217451114568178
519,2022-06-21,357.48148222315666,361.9416944882253,357.404565320971,360.5382690429687,76811900.0,0.025173867369477243,0.01895906307570704,369.1665740966797,391.9781640625,420.22222503662107,4.537129167254307,10.256696929631573,5.719567762377267,10.256696929631573,9.462347296769154,-0.08523710233201831,-9.90837874912171,-7.06108752531588,30.51217635343103
520,2022-06-22,356.2606594938497,364.04683820617265,355.8377045480305,359.8846130371094,90059400.0,-0.0018130003441643172,0.018954438909625664,365.36366882324216,390.6082794189453,419.8745469665527,8.20913365814215,3.5085691632039584,4.700564494938192,8.20913365814215,9.412228433862984,-0.09557111505744187,-9.84624808289584,-7.618119636831873,31.409755186632594
521,2022-06-23,362.0474171549332,364.15254047647903,358.44270772012106,363.4123840332031,79292100.0,0.009802505770731607,0.01857493366732221,362.3461578369141,389.45538940429685,419.5521844482422,5.709832756357969,4.267927439369657,1.4419053169883114,5.709832756357969,9.109069679610647,-0.07666684112482869,-9.403944625817985,-7.975284634629095,28.13643422779745
522,2022-06-24,366.6229809393172,374.97629675059903,366.59414443678344,374.9666748046875,98050300.0,0.031793882870069456,0.019915466326040986,361.4201416015625,388.5647863769531,419.2901994323731,8.382152313815595,11.563912717395908,3.181760403580313,11.563912717395908,9.396339257983556,-0.024100769279952194,-8.028533312993943,-7.985934370302066,39.732761696122076
523,2022-06-27,375.8991358211075,376.19712282537705,372.4290158458126,373.5344543457031,66009600.0,-0.0038195939938673318,0.019823861843795573,361.4649932861328,387.5494464111328,419.030199432373,3.768106979564436,1.2304480206895505,2.5376589588748857,3.768106979564436,9.250505822398,0.0012021810543398903,-6.973689804654839,-7.78348545717262,38.262456708533904
524,2022-06-28,375.11082360300094,377.92729577279925,365.7866315483152,365.9019775390625,86548900.0,-0.020433126630875154,0.019679930025201187,362.16314086914065,386.4871240234375,418.74881271362307,12.140664224484055,4.39284142709613,7.747822797387926,12.140664224484055,9.529065342319408,0.019451315254592982,-6.6766317607063,-7.562114717879357,32.52605784783914
525,2022-06-29,366.4595967720294,367.45928178519546,363.7584700438674,365.60406494140625,65676000.0,-0.0008141869023499115,0.018683862314488955,362.9396484375,385.41539611816404,418.46053436279294,3.700811741328039,1.5573042461329578,2.143507495195081,3.700811741328039,9.421498812571855,0.021699915092257438,-6.391572112859308,-7.328006196875347,34.02226940819243
526,2022-06-30,361.66291121412695,365.91167520884255,358.12549653489356,362.6337890625,112508300.0,-0.00812429664692671,0.018704063136511014,362.9089752197266,384.1489270019531,418.16882522583006,7.786178673948996,0.3076102674363028,7.478568406512693,7.786178673948996,9.273487342876653,-0.0008451307026458021,-6.332341437645653,-7.128873245029409,36.70046618600749
527,2022-07-01,361.9705369731838,366.9114066205378,359.31746117280204,366.4692077636719,74839700.0,0.010576561856211475,0.018938204960614893,364.4630432128906,382.9654815673828,417.8787120056152,7.593945447735734,4.277617558037775,3.316327889697959,7.593945447735734,9.016716014278192,0.04428445879748777,-5.907812876200751,-6.884661171263677,45.52162567113546
528,2022-07-05,361.31686259425834,367.1805292923984,358.4523095292125,367.1612854003906,81438000.0,0.0018885014676732759,0.01829745198593589,366.0106719970703,381.9231750488281,417.5954237365723,8.728219763185848,0.7113215287265007,8.016898234459347,8.728219763185848,8.51212072957434,0.04400610759410739,-5.452671053607389,-6.59826314773242,56.82174153806357
529,2022-07-06,367.3054603975696,370.9197917969221,364.89272815126634,368.40130615234375,70426200.0,0.0033773189093204703,0.018126977923942526,366.79697570800784,381.13576171875,417.3389778137207,6.027063645655744,3.758506396531459,2.268557249124285,6.027063645655744,8.440136100794035,0.02180916087007101,-4.9350207217490265,-6.265614662535742,58.72062728972341
530,2022-07-07,370.19879881078674,374.72630504569,368.42046985877863,373.9188537597656,64525900.0,0.01497700337995056,0.018505952674389953,368.2003997802734,380.411416015625,417.14510955810545,6.305835186911395,6.324998893346276,0.019163706434881078,6.324998893346276,8.086572361497494,0.03899650114023934,-4.033068422159715,-5.819105414460537,59.002263215688174
531,2022-07-08,372.2655768600894,375.5050340154308,370.717968879512,373.6113586425781,72397800.0,-0.0008223578835236944,0.018308694138954716,369.2202972412109,379.9184796142578,416.95165298461916,4.787065135918795,1.5861802556651696,3.200884880253625,4.787065135918795,7.3948054267305565,0.028064466312857306,-3.30497926889916,-5.316280185348262,73.01848425744302
532,2022-07-11,370.9005830863276,371.8810535124731,368.6416259261286,369.3433532714844,58366900.0,-0.011423649930238922,0.01832118925201206,368.6579650878906,379.31778625488283,416.716746673584,3.2394275863445046,1.7303051301050232,4.969732716449528,4.969732716449528,7.25474023451036,-0.014996856817028337,-3.037343132626745,-4.860492774803959,66.72749085758065
533,2022-07-12,368.7858219336144,371.19858364143073,364.3063658979437,366.0750732421875,62219200.0,-0.008848893584649242,0.01774945300776537,367.9120269775391,378.4499658203125,416.44020736694335,6.892217743487038,1.855230369946355,5.036987373540683,6.892217743487038,7.014420292642894,-0.019969727067297605,-3.053760599335817,-4.499146339710331,55.86557573359307
534,2022-07-13,360.5670916633842,367.1228639001298,360.14413672325855,364.1525573730469,84224600.0,-0.005251698380098979,0.016677821994842544,367.7370849609375,377.84633666992187,416.1505848693848,6.978727176871246,1.0477906579423006,5.930936518928945,6.978727176871246,6.926534115409258,-0.0047811170023777105,-3.185185685613874,-4.236354208891039,54.403001239182345
535,2022-07-14,359.1348312126431,364.3640660703582,356.66442564838934,363.2682495117187,89704800.0,-0.0024283994260743125,0.014386936220494488,367.5035034179688,377.1775476074219,415.86257858276366,7.699640421968866,0.2115086973113307,7.488131724657535,7.699640421968866,7.068663234381465,-0.006388920839985435,-3.3223987229392264,-4.053563111700677,49.842726351844036
536,2022-07-15,367.72837877332427,370.32378105601134,365.79627464618386,370.20843505859375,79060400.0,0.01910485035838838,0.014903975717059356,368.26096801757814,376.61119140625,415.6516796875,4.527506409827481,7.0555315442926485,2.5280251344651674,7.0555315442926485,6.746636007731232,0.02088786600850434,-2.8384066860737676,-3.810531826575295,44.22666196657406
537,2022-07-18,373.3326023111284,374.0150858432633,365.9117049700312,367.1517333984375,63203600.0,-0.008256704522878966,0.014766589609369168,368.3292205810547,375.74097534179685,415.4220269775391,8.103380873232084,3.806650784669557,4.296730088562526,8.103380873232084,7.056298428707493,0.0018624365166466372,-2.6707035795269576,-3.582566177165628,42.54933351572682
538,2022-07-19,371.1216320216828,377.6485672171722,370.45839249794153,377.0718078613281,78506000.0,0.027019004843224392,0.013684073250721981,369.3202728271484,375.36108337402345,415.2672184753418,7.19017471923064,10.496833818734672,3.3066590995040315,10.496833818734672,6.9388819711539655,0.026992286101542584,-1.7175319169074896,-3.209559325114,62.37769010746561
539,2022-07-20,377.26412912181934,380.90729743689303,375.8799181877334,379.4750061035156,71843800.0,0.006373317209308116,0.013694058710047646,370.4276428222656,375.07653747558595,415.10018035888675,5.027379249159651,3.8354895755649068,1.1918896735947442,5.027379249159651,7.0336367931419375,0.03005879666070621,-0.7594638665677849,-2.719540233404757,64.6856714517885
540,2022-07-21,378.8886442272705,383.38731497885783,376.45666787635133,383.3392639160156,64903900.0,0.010183168193812264,0.012886522706541833,371.36968383789065,375.12138305664064,414.9790858459473,6.930647102506498,3.9123088753422053,3.0183382271642927,6.930647102506498,6.972527395181759,0.02519372869682157,0.30807399115212775,-2.11401738849338,71.51437818009774
541,2022-07-22,383.4641885115153,384.6753509090649,377.53322713446744,379.7825622558594,72197300.0,-0.009278208612972905,0.013126743334031946,371.98680419921874,375.0774835205078,414.81900512695313,7.142123774597451,1.336086993049264,5.806036781548187,7.142123774597451,6.940254418529024,0.016517708764805183,0.857227747345803,-1.5197683613255437,63.91406077570091
542,2022-07-25,380.41700705166886,381.1091124451077,377.97540895048166,380.2439880371094,53631500.0,0.0012149735851725296,0.013026074023023842,373.0768676757813,375.16417602539065,414.6526741027832,3.1337034946260474,1.3265501892483371,1.8071533053777102,3.1337034946260474,6.540646113631896,0.02951355336185668,1.3145163337813983,-0.9529114223041554,63.73924112946023
543,2022-07-26,378.5810180991709,378.7924955694413,374.8417479225917,375.7453308105469,52946400.0,-0.011830975289801149,0.011461614452843591,374.0438934326172,375.16874328613284,414.44597457885743,3.9507476468496066,1.4514924676680607,5.402240114517667,5.402240114517667,6.496015861407748,0.02641605035468153,1.2989433810489004,-0.5025404616335443,57.218515712222825
544,2022-07-27,379.08083346522193,387.2707518773726,378.7828465059742,385.5020446777344,82342100.0,0.025966294367891773,0.012718467019127027,376.17884216308596,375.18888793945314,414.2918617248535,8.487905371398426,11.525421066825743,3.0375156954273166,11.525421066825743,6.8674745880848524,0.05862786591065072,2.050252933059255,0.008018217305015628,60.50943738938395
545,2022-07-28,386.31914611595874,391.0388867502387,382.7240291170594,390.3371887207031,73966600.0,0.012542460175563486,0.011872323990812493,378.8857360839844,375.33693725585937,414.17699508666993,8.314857633179315,5.536842072504328,2.7780155606749872,8.314857633179315,7.119459766460603,0.07451501540629746,3.0012305634687095,0.6066606865377544,64.02322637166492
546,2022-07-29,391.7886595530168,397.0275158449995,391.010044635264,396.0278015136719,87003700.0,0.014578710298189135,0.01208856471187205,381.46767272949216,375.4412573242187,414.0956683349609,6.017471209735504,6.690327124296402,0.6728559145608983,6.690327124296402,7.242359367021095,0.06974278274073265,4.166048467491123,1.3185382427284282,71.8514434913688
547,2022-08-01,393.2978421707656,397.39280165613854,392.5769002520845,394.8550720214844,69997500.0,-0.002961230215922095,0.011882907508743622,384.2380065917969,375.83720703125,414.00106185913086,4.8159014040540455,1.3650001424666698,3.4509012615873758,4.8159014040540455,7.094051057061596,0.07545474010600106,4.937627681038009,2.0423561303903446,74.40504071461876
548,2022-08-02,393.26898989253783,396.9986672958745,391.05811316467975,392.25006103515625,63435400.0,-0.006597385144355927,0.012007277967020035,385.7558319091797,376.2269989013672,413.8586302185059,5.9405541311947445,2.1435952743901225,3.796958856804622,5.9405541311947445,7.019895839513274,0.040252951446876795,5.27806490435438,2.689497885183152,73.55366234648655
549,2022-08-03,394.403311872702,399.57487367334056,394.1149468164302,398.3925476074219,67820600.0,0.01565961916246872,0.012298242053087915,387.6475860595703,376.73638610839845,413.73088973999023,5.459926856910386,7.324812638184312,1.8648857812739266,7.324812638184312,6.993122426385805,0.04985187746132036,5.9746392656592775,3.346526161278377,77.0586960232202
550,2022-08-04,398.31561615378456,399.0077215987619,396.46039924405466,398.1233825683594,45656600.0,-0.0006756276960474539,0.012339682807257146,389.12599792480466,377.10084228515626,413.59552810668947,2.547322354707262,0.6151739913400434,1.9321483633672187,2.547322354707262,6.6711074842725635,0.03856666938136222,6.430829497005277,3.9633868284237574,73.96837292177081
551,2022-08-05,393.788117650224,398.1041474965762,393.7304446397982,397.4505004882813,56814900.0,-0.0016901345400442969,0.012117056599032436,390.8927917480469,377.5098406982422,413.4404000854492,4.3737028567780385,0.01923507178315731,4.392937928561196,4.392937928561196,6.406075845367501,0.04652119393654264,6.661280486720273,4.5029655600830605,77.12558372339306
552,2022-08-08,399.1614917981837,401.43966346954056,395.8739838829897,396.9890441894531,53886100.0,-0.0011610409302825753,0.01212259450843145,392.5672973632812,377.84299560546873,413.27455047607424,5.565679586550857,3.9891629812592555,1.5765166052916015,5.565679586550857,6.053850543068656,0.04403766181494384,6.729109899419825,4.948194427950414,71.46696120442964
553,2022-08-09,396.248916129781,396.75838059347655,394.3264042916539,395.4126281738281,44931800.0,-0.003970930781839632,0.011784722695631166,394.5340270996094,377.9926300048828,413.0952087402344,2.431976301822658,0.23066359597657993,2.662639897799238,2.662639897799238,5.884940589400055,0.05234209383482025,6.579813604426079,5.274518263245547,67.48940074881281
554,2022-08-10,402.554692680031,403.86201578962965,400.5745081283844,403.7178039550781,68665700.0,0.02100382028668779,0.01204133281748578,396.35560302734376,378.1179010009766,412.9596272277832,3.287507661245229,8.449387615801527,5.161879954556298,8.449387615801527,5.993422054635415,0.04725204322216103,7.050381086859204,5.629690827968279,70.37667449879467
555,2022-08-11,406.601571282936,408.4856537251459,402.968025623243,403.7178039550781,59489700.0,0.0,0.011876851839786207,397.69366455078125,378.28777465820315,412.8124934387207,5.517628101902858,4.767849770067755,0.7497783318351026,5.517628101902858,5.877386649442944,0.03427963212582652,7.338713090624651,5.971495280499553,75.76570100998421
556,2022-08-12,405.67876394220696,410.65806169833536,404.71750818997225,410.5523376464844,61694500.0,0.016928987586008803,0.012022573391026211,399.1461181640625,378.6582745361328,412.6975833129883,5.940553508363109,6.940257743257234,0.999704234894125,6.940257743257234,6.149283381488028,0.03667554670984652,8.02618714199889,6.3824336527994205,78.6896867297806
557,2022-08-15,408.3125777699525,412.77281834954965,408.2549047741125,412.2441101074219,54048300.0,0.0041207230012030305,0.011638970209861372,400.88502197265626,378.9132995605469,412.60073516845705,4.517913575437149,2.2204807030652773,2.2974328723718713,4.517913575437149,6.086117200125135,0.04403903943012111,8.608296100592042,6.827606142357945,86.48849018404235
558,2022-08-16,411.1579909895095,415.003014536409,410.34091761875305,413.0516662597656,59289000.0,0.001958927083599349,0.011255654225253015,402.9651824951172,379.31560180664064,412.48710174560546,4.662096917655958,2.7589044289871367,1.9031924886688216,4.662096917655958,5.595879760898721,0.05303149009005503,9.030684566336618,7.26822182715368,83.54396796708718
559,2022-08-17,409.4085225181949,412.8594278359943,408.0916065689047,410.1198425292969,63563400.0,-0.007097958851048247,0.010456171840877004,404.1379119873047,379.6353381347656,412.3543881225586,4.76782126708963,0.1922384237713004,4.9600596908609305,4.9600596908609305,5.356251336447408,0.02943653186362094,9.024824239730606,7.6195423096690655,75.25770544742716
560,2022-08-18,410.321676364218,412.0038741768005,409.01438243076507,411.3117980957031,49023200.0,0.0029063591731022242,0.010445190639629879,405.4567535400391,379.90330078125,412.22387847900393,2.9894917460354122,1.8840316475036047,1.1054600985318075,2.9894917460354122,5.0919059522859085,0.033126453016306456,9.012470590396731,7.8981279658145995,72.04658066833592
561,2022-08-19,408.51460107542897,408.7837515923218,404.9002689898349,405.7846374511719,68016900.0,-0.013437885006267636,0.010991749713440158,406.2901672363281,380.1472436523438,412.05689025878905,3.883482602486879,2.528046503381347,6.411529105868226,6.411529105868226,5.205879359558351,0.02096899350397541,8.459172487903004,8.010336870232281,64.00601632197177
562,2022-08-22,400.89174258771743,401.0647909363674,396.42190872907395,397.3351135253906,77695600.0,-0.020822680668382776,0.011877479756448544,406.32477416992185,380.4094091796875,411.8342481994629,4.6428822072934395,4.7198465148044875,9.362728722097927,9.362728722097927,5.450320401765721,0.0008717352304874471,7.255239900839626,7.859317476353751,55.66745009472563
563,2022-08-23,396.9025804116317,399.3249642077709,395.8163564821189,396.3739013671875,49105200.0,-0.002419147277658573,0.011919266798440216,406.4209014892578,380.87516845703124,411.5963885498047,3.5086077256519843,1.989850682380279,1.5187570432717052,3.5086077256519843,5.17773433658484,0.0024310634634987505,6.152629184385262,7.517979817960054,47.45638355553334
564,2022-08-24,396.14311415703696,399.02688156067626,395.4510381419546,397.6427001953125,49177800.0,0.003201015061154555,0.01148767172156513,405.8133911132812,381.6496124267578,411.3571710205078,3.575843418721661,2.6529801934887587,0.9228632252329021,3.575843418721661,5.251200126871582,-0.015047896575900332,5.31985967847362,7.078355790062767,49.409194672812156
565,2022-08-25,399.151827868231,403.3044597447822,398.04638962380767,403.25640869140625,50942300.0,0.01411746900757005,0.010543217807331652,405.7672515869141,382.5579608154297,411.1441206359863,5.258070120974537,5.661759549469707,0.40368942849517,5.661759549469707,5.3418302426507625,-0.0011428657818698396,5.054596957821275,6.67360402361447,56.363183919856084
566,2022-08-26,403.14109640720415,403.6889899352568,389.5489248974377,389.6065979003906,103087000.0,-0.03384896184368191,0.012870888890797596,403.6726776123047,383.09128234863283,410.87019012451174,14.140065037819113,0.4325812438505636,13.70748379396855,14.140065037819113,5.95428634631278,-0.05101843985633214,3.7002940001029856,6.078942018912173,43.723418166873195
567,2022-08-29,386.6170930733573,390.116048918196,385.65583727688966,387.0304260253906,65370800.0,-0.006612238829843076,0.012495151890282769,401.15130920410155,383.8133203125,410.6012539672852,4.46021164130633,0.5094510178053611,3.950760623500969,4.46021164130633,6.082684327991858,-0.06116202381996705,2.3915552483282454,5.341464664795388,42.9925483256694
568,2022-08-30,388.2031742279569,388.443488186333,380.6573100679041,382.78167724609375,85652400.0,-0.010977815937959767,0.012678569391622756,398.1243103027344,384.43525390625,410.3103610229492,7.786178118428893,1.4130621609423883,6.373115957486505,7.786178118428893,6.03531222103667,-0.07328378381273803,1.0000044119987024,4.473172614236051,31.22414003559021
569,2022-08-31,384.4350757596623,385.69431867693766,379.7345495319771,379.8691101074219,76029700.0,-0.007608951294707289,0.012701201791615956,395.0992370605469,384.8218707275391,409.98826614379885,5.959769144960546,2.9126414308439053,3.047127714116641,5.959769144960546,6.066893724112219,-0.07376071402766626,-0.3339795695438852,3.5117421774800643,29.673950475096575
570,2022-09-01,377.66783361918215,381.4071037068408,374.92824851702744,381.0610656738281,78740100.0,0.0031378059828797156,0.012139359638520983,392.07416381835935,385.24539978027343,409.67137023925784,6.478855189813373,1.5379935994189395,4.940861590394434,6.478855189813373,6.03393639886623,-0.07354696014539397,-1.280232905118396,2.5533471609603726,22.189991078879956
571,2022-09-02,384.7715048034439,386.00191116388805,375.20699700543383,377.0429992675781,99632100.0,-0.010544416021996073,0.012273966574968322,389.2,385.51801208496096,409.3255889892578,10.794914158454219,4.940845490059928,5.854068668394291,10.794914158454219,6.482293583367449,-0.07082978390736205,-2.327539443686817,1.5771698400309349,18.200805214597082
572,2022-09-06,377.8985330960032,378.850167040762,373.3710260635667,375.620361328125,76637400.0,-0.0037731450848222936,0.012275383114605609,387.0285247802734,385.53108581542966,408.97811401367187,5.4791409771953,1.8071677731838918,3.671973204011408,5.4791409771953,6.540653873334544,-0.054650977117525756,-3.235040875698928,0.6147276968849622,16.557778161915508
573,2022-09-07,375.3031108712713,383.1469620521762,375.0820408024224,382.3683471679687,70964200.0,0.017964909612418367,0.013072247222696367,385.6279693603516,385.707763671875,408.6568199157715,8.064921249753809,7.526600724051207,0.538320525702602,8.064921249753809,6.76242969896975,-0.03533419872224264,-3.370878843747107,-0.18239361124145162,26.788763584924183
574,2022-09-08,380.0709575312253,385.3289987709693,378.8501438499422,384.86761474609375,80821700.0,0.006536282609781896,0.013181747083540274,384.3504608154297,386.08707641601563,408.35201568603514,6.478854921027107,2.960651603000599,3.518203318026508,6.478854921027107,7.011669925754871,-0.03212704632310348,-3.239518255857547,-0.7938185401646708,28.355528423320152
575,2022-09-09,387.13618619513227,391.72139554652983,386.8670357204222,390.8466491699219,76706900.0,0.015535301477035413,0.012768654838006809,383.10948486328124,386.59192810058596,408.0833821105957,4.854359826107611,6.853780800436084,1.9994209743284728,6.853780800436084,7.043259332509718,-0.030773868075041566,-2.622722818363968,-1.1595993958045303,37.863087309561095
576,2022-09-12,392.94221038082594,395.7779271985344,392.6346014330005,395.04736328125,69256300.0,0.010747729628102443,0.013042707805018393,383.6535614013672,387.2401995849609,407.8328045654297,3.143325765533916,4.931278028612553,1.7879522630786369,4.931278028612553,6.726727140117906,0.013964767050095972,-1.774490249414157,-1.2825775665264556,48.00338358100273
577,2022-09-13,386.2614037516941,387.4822173876233,376.735384624548,377.8696594238281,122947100.0,-0.04348264399170887,0.015358395867881671,382.73748474121095,387.46820861816406,407.4903961181641,10.746832763075304,7.56514589362672,18.311978656702024,18.311978656702024,7.784110778050051,-0.02366937063744312,-2.4599996241975646,-1.5180619780606774,37.41330843452624
578,2022-09-14,379.18664701939434,380.849630422904,375.9664336243182,379.3116149902344,85023700.0,0.0038160130892883615,0.015350652203639095,382.390478515625,387.7112152099609,407.204972076416,4.8831967985858,2.9799709990758743,1.9032257995099258,4.8831967985858,7.877493162326061,-0.00906538233706633,-2.854017640463269,-1.7852531105411957,37.56039392683021
579,2022-09-15,377.7351207825989,380.61888856300754,373.7170780490116,375.0051574707031,87633800.0,-0.011353349988088568,0.015373928028681616,381.9040832519531,387.8432922363281,406.8712506103516,6.90181051399594,1.3072735727731697,5.594536941222771,6.90181051399594,7.966068231220793,-0.012804285758700629,-3.4737318696886064,-2.122948862370678,30.482209518701296
580,2022-09-16,370.7736522478757,372.8102195024074,368.81425893327554,372.1442260742187,103084800.0,-0.007629045466415851,0.015378891100779874,381.0123992919922,387.8077996826172,406.56620147705075,3.995960569131853,2.194937968295733,6.190898537427586,6.190898537427586,7.398270624049969,-0.023400027981976712,-4.147898720571106,-2.527938834010764,35.822359960971056
581,2022-09-19,368.95915709823635,375.0302734375,368.8819242272376,375.0302734375,73278500.0,0.007755185116605112,0.015531328896871022,380.8111267089844,387.83617797851565,406.2996380615234,6.148349210262381,2.886047363281307,3.2623018469810745,6.148349210262381,7.5188518789754015,-0.0053381864508502685,-4.398596620680905,-2.9020703913447923,40.30589528855187
582,2022-09-20,371.6616829950661,372.68479752032306,367.93600735699954,370.7254333496094,77274900.0,-0.011478646906109113,0.015479309675508772,380.32163391113284,387.86381958007814,405.97874725341796,4.74879016332352,2.345475917176941,7.094266080500461,7.094266080500461,7.4694295905519414,-0.013031583168729322,-4.88829194406668,-3.2993147018891698,40.26940127084809
583,2022-09-21,372.67506876630944,375.7637347282181,364.248852934161,364.2585144042969,106746600.0,-0.017443958152215333,0.015314335820367415,378.5106506347656,387.82748840332033,405.6444432067871,11.51488179405709,5.038301378608708,6.476580415448382,11.51488179405709,7.866223351201695,-0.04736226964863399,-5.732128914504187,-3.7858775444121733,38.08433638394898
584,2022-09-22,363.4767211677108,365.1368741933567,360.44599415857806,361.1988525390625,89472600.0,-0.008399698961706115,0.015338721105625744,376.1437744140625,387.76841430664064,405.2693113708496,4.6908800347786155,0.8783597890598003,3.812520245718815,4.6908800347786155,7.738510840127783,-0.06149845115611008,-6.572006929999532,-4.343103421529645,35.25934555838262
585,2022-09-23,357.68546623470564,357.72408266182606,350.64914672465915,355.1470031738281,122346900.0,-0.016754896430851485,0.015468265188616177,372.5738098144531,387.6059893798828,404.8188038635254,7.074935937166913,3.47476987723644,10.549705814403353,10.549705814403353,7.720995958409865,-0.09133926585250884,-7.637904960676963,-5.002063729359109,34.226151741022306
586,2022-09-26,353.6606331303109,357.3283989536155,350.3982367576907,351.6336975097656,92581200.0,-0.009892539237738918,0.014839541405717914,368.23244323730466,387.23449462890625,404.34483489990237,6.9301621959247655,2.1813957797873513,4.748766416137414,6.9301621959247655,7.824640331176255,-0.10989483744655815,-8.666232303091078,-5.734897444105503,33.225328804854726
587,2022-09-27,355.2145566019714,357.5117480709037,348.3133501798601,350.73602294921875,108294100.0,-0.002552868416491716,0.013451166276466768,365.5190795898437,386.9061804199219,403.88144836425784,9.198397891043612,5.878050561138082,3.3203473299055304,9.198397891043612,7.905602948411241,-0.07180686725677443,-9.444750757925362,-6.476868106869475,25.907024313142216
588,2022-09-28,351.7012655213766,359.34566964642033,349.9832024692985,357.63726806640625,110802200.0,0.019676465106598595,0.014469134226370424,363.3516448974609,386.5174896240234,403.4316973876953,9.362467177121857,8.609646697201583,0.752820479920274,9.362467177121857,8.111575252418008,-0.057141268728051364,-9.39654195099223,-7.060802875694026,30.563174844380654
589,2022-09-29,354.04670746191925,354.3362570682175,347.1841166912817,350.1665954589844,112952300.0,-0.02088896564894549,0.014875913525774127,360.86778869628904,385.9313214111328,402.9644175720215,7.15214037693579,3.301010998188758,10.453151375124548,10.453151375124548,8.368673150610041,-0.06623525441422562,-9.847639510243596,-7.618170202603941,21.56830709719476
590,2022-09-30,349.21104144584865,353.1780479976644,344.6166871988766,344.7518005371094,153711200.0,-0.015463482217021651,0.01506541606702241,358.1285461425781,385.15957214355467,402.48532440185545,8.561360798787803,3.0114525386800324,5.54990826010777,8.561360798787803,8.627964777051131,-0.0736070147482184,-10.520789164276778,-8.198693994938509,15.434531387308382
591,2022-10-03,348.5160274774265,355.726106261923,346.7110997775249,353.8536071777344,89756500.0,0.026401041637620803,0.01644700043424764,356.01087951660156,384.6409930419922,402.01732025146487,9.0150064843981,10.974305724813632,1.9592992404155325,10.974305724813632,8.103845281916247,-0.056466551528392195,-10.202220538249776,-8.599399303600762,31.434187642200044
592,2022-10-04,359.4421630441656,364.84731433283,353.81503356403977,364.818359375,103602800.0,0.03098669046987612,0.017970322912134656,355.4201721191406,384.33248046875,401.62386947631836,11.032280768790258,10.993707155095649,0.03857361369460932,11.032280768790258,8.543065565502278,-0.01593382445125846,-8.96168402590257,-8.671856248061124,40.23378137110995
593,2022-10-05,360.3977246243655,366.2564935892926,358.0426232733326,363.9689636230469,88065700.0,-0.0023282703025371276,0.017963603440572764,355.39121704101564,384.096953125,401.2497731018066,8.21387031595998,1.4381342142925746,6.775736101667405,8.21387031595998,8.636784122785425,-0.0007949046344833954,-7.955384322357247,-8.528561862920348,42.19989681364684
594,2022-10-06,362.5501647365061,365.54230503287965,359.7124607183134,360.2143859863281,82333500.0,-0.010315653289073468,0.017497607895251798,355.2927703857422,383.59119995117186,400.8802326965332,5.82984431456623,1.5733414098327785,4.256502904733452,5.82984431456623,8.610994535438184,-0.0027255528244733984,-7.375823690060201,-8.29801422834832,41.673472013304874
595,2022-10-07,356.13155299438966,360.3012440593304,348.3809610049247,350.1665954589844,107789500.0,-0.027893917950642666,0.01818909078029484,354.7947296142578,382.7877880859375,400.4219055175781,11.920283054405672,0.08685807300224724,11.833424981403425,11.920283054405672,9.023275524305562,-0.014023510462809918,-7.639230146253112,-8.16625741192928,34.223411609565105
596,2022-10-10,351.2958589303228,351.53716008098354,345.22474318780775,347.4929504394531,76042800.0,-0.007635351441866556,0.01761749814531263,354.3806549072266,381.8170910644531,399.9281213378906,6.312416893175794,1.370564621999165,4.941852271176629,6.312416893175794,8.967429153782373,-0.011775740208167962,-7.97182819586817,-8.127371568717058,34.9468331643363
597,2022-10-11,345.7748385612468,350.3981762021499,343.3328724398788,345.292236328125,92482800.0,-0.00633311872527198,0.017222899656674028,353.8362762451172,380.8258343505859,399.4094502258301,7.065303762271071,2.905225762696773,4.160077999574298,7.065303762271071,8.649602151511942,-0.01552103652005521,-8.31711921005018,-8.165321096983682,36.991915353377294
598,2022-10-12,345.707314902231,347.29989646454476,343.90235771219085,344.1533203125,76991800.0,-0.0032984118836159038,0.014963228938806257,352.4878814697266,379.8638995361328,398.85331146240236,3.39753875235391,2.0076601364197586,1.3898786159341512,3.39753875235391,8.55722063133875,-0.037702859734971894,-8.583718071865917,-8.24900049196013,37.99291460116685
599,2022-10-13,337.05906362844115,354.722324093684,335.9973327607428,353.23590087890625,147254500.0,0.02639108801321166,0.016326867298578893,352.79481201171876,378.9607666015625,398.3444464111328,18.724991332941215,10.569003781183994,8.155987551757221,18.724991332941215,9.141169596948597,0.008765271901218119,-7.970235333553944,-8.193247460278894,48.708921784860024
600,2022-10-14,355.7261130237995,357.3766339562815,344.5393962043869,345.18609619140625,123737000.0,-0.022788750145358416,0.016794319951517558,352.83824157714844,377.90202087402344,397.7924220275879,12.837237751894634,4.140733077375273,8.69650467451936,12.837237751894634,9.563103565232158,0.0012597342598943406,-8.040907233496966,-8.16277941492251,45.89577652044215
601,2022-10-17,351.344113055805,355.17597624719497,344.8482759155853,354.05633544921875,93168200.0,0.02569697724120945,0.017949628610883797,352.8585144042969,377.03413757324216,397.2910461425781,10.327700331609662,9.989880055788717,0.3378202758209454,10.327700331609662,9.64376802527259,0.0005729156560005944,-7.297045251535678,-7.989632582245144,51.91879138716625
602,2022-10-18,362.0771878318647,362.3860603574706,354.7319658837695,358.21636962890625,97162900.0,0.011749639148270985,0.018081271578533235,352.1983154296875,376.25868408203127,396.81619537353515,7.65409447370115,8.329724908251876,0.675630434550726,8.329724908251876,9.570000720353306,-0.018096648856719133,-6.299235613140411,-7.651553188424198,50.34560961412512
603,2022-10-19,356.15079722208765,358.911297395047,352.83049140247834,355.6778564453125,79746900.0,-0.007086535956532414,0.01799165661547863,351.36920471191405,375.46398864746095,396.31553253173826,6.080805992568628,0.6949277661407223,5.385878226427906,6.080805992568628,9.257690335885027,-0.02277970927851214,-5.648192240289575,-7.250880998797274,53.4948834548591
604,2022-10-20,355.2242660395325,359.70282975273767,351.92325317715216,352.6954345703125,88283100.0,-0.008385177263512178,0.017704576680351483,350.6173095703125,374.44354125976565,395.8007209777832,7.779576575585509,4.024973307425171,3.754603268160338,7.779576575585509,9.201848605656291,-0.020873545612087208,-5.311662656257852,-6.86303733028939,55.19767984718685
605,2022-10-21,352.41547979286736,361.7586527465479,350.8904695677972,361.2664184570313,131038400.0,0.02430137463265103,0.018478092919065044,351.7272918701172,373.5945135498047,395.3725123596191,10.868183178750712,9.06321817623541,1.8049650025153028,10.868183178750712,9.194268423794654,0.03169869182837881,-4.303742898246753,-6.351178443880863,54.88428077290128
606,2022-10-24,362.8107515361313,366.83563800442863,360.127454616326,365.6870422363281,85436900.0,0.012236464707063854,0.018231675319760336,353.5467010498047,372.69720764160155,394.9685057067871,6.708183388102611,5.569219547397324,1.1389638407052871,6.708183388102611,8.885404325174107,0.05235816086014422,-3.1123743202799687,-5.7034176191606845,50.62639158397301
607,2022-10-25,365.6098416575578,371.84505483562714,365.4940218238639,371.5265502929687,78846300.0,0.015968594405012526,0.01829334656012156,356.1701324462891,371.8828564453125,394.6025230407715,6.351033011763263,6.158012599299013,0.19302041246425006,6.351033011763263,8.752344517731485,0.07597713242505022,-1.6776675345024046,-4.898267602229029,55.08378232238772
608,2022-10-26,368.3413715642347,374.0939826830532,368.0807769285353,368.7274475097656,104087300.0,-0.007534058551120548,0.018397984652084014,358.62754516601564,370.9963720703125,394.2253118896484,6.013205754517912,2.567432390084491,3.445773364433421,6.013205754517912,8.76544176344232,0.07140459134594912,-0.7577810436273467,-4.070170290508693,55.801073721441334
609,2022-10-27,369.74090127341464,371.6037389212352,366.13101635115805,366.7584228515625,81971800.0,-0.005340054480622802,0.018039720424459522,359.97979736328125,370.1291436767578,393.8180271911621,5.472722570077167,2.8762914114695945,2.5964311586075723,5.472722570077167,8.304901728847426,0.03828184490593989,-0.18550976517872186,-3.2932381854426986,62.70506533160283
610,2022-10-28,366.6522704297885,375.96648902367366,366.4688791974609,375.48388671875,100302000.0,0.023790766137957053,0.017919545591160782,363.00957641601565,369.41258544921874,393.44831115722656,9.497609826212738,9.20806617211116,0.28954365410157834,9.497609826212738,8.532415509778636,0.08777233747718394,0.9610133941242225,-2.4423878695293144,69.61580099310119
611,2022-10-31,372.993553003776,374.885345189026,371.8546189962264,372.77154541015625,96631300.0,-0.007223589092720251,0.017570784236931168,364.8810974121094,368.75232360839846,393.09599548339844,3.030726192799591,0.5985415297240024,3.6292677225235934,3.6292677225235934,8.286984364082388,0.052859412718012866,1.6319656978027979,-1.627517156062892,69.12014894504341
612,2022-11-01,376.56488522910905,376.8061863460737,369.9532287331368,371.1404113769531,85407600.0,-0.004375693513324341,0.01686735121859398,366.1735015869141,368.2284295654297,392.73461807250976,6.852957612936848,4.034640935917423,2.818316677019425,6.852957612936848,8.53379999698117,0.03607886976643626,2.0089237256966044,-0.9002289797109928,68.6499160839928
613,2022-11-02,370.5419977575852,375.1074255985711,361.7200440374336,361.8262023925781,126990400.0,-0.025096186507469587,0.0165532383258951,366.7883361816406,367.5374755859375,392.36593307495116,13.387381561137545,3.967014221618001,9.420367339519544,13.387381561137545,8.15254215613805,0.017286276994336713,1.538353672151004,-0.4125124493385935,55.9175382912892
614,2022-11-03,358.5445718280526,361.1795911215684,355.95783044036943,358.1005859375,87100100.0,-0.010296701649693873,0.016693708024135324,367.3288513183594,366.74663330078124,392.0012338256836,5.221760681198987,0.6466112710097036,5.86837195220869,5.86837195220869,7.654766027589054,0.015325266043697328,0.8549421617355506,-0.15902152712376466,59.45988720974214
615,2022-11-04,363.88207670676456,365.6870043106736,357.1256455742782,363.2546997070313,103505200.0,0.014392921910579837,0.016847793227260776,367.5276794433594,365.94659912109375,391.68615875244143,8.561358736395391,7.586418373173615,0.9749403632217764,8.561358736395391,7.528598770788035,0.005503642598423397,0.7209172373358115,0.016966225768150565,57.12575439207021
616,2022-11-07,364.56738355937927,367.3278837471931,362.4632448181019,366.7294616699219,68286900.0,0.009565635257280825,0.01562605674143434,367.6319213867188,365.4890563964844,391.4302973937988,4.8646389290912,4.073184040161777,0.7914548889294224,4.8646389290912,7.2810926294194145,0.0028505779893619465,0.8848853621268518,0.1905500530398908,56.66566148608384
617,2022-11-08,367.84908371371904,371.71956329878554,364.5770556791076,368.7081298828125,84641100.0,0.005395443834484093,0.015468939128526345,367.35007934570314,365.1226104736328,391.17545532226563,7.142507619677929,4.99010162886367,2.152405990814259,7.142507619677929,7.356928459927222,-0.007586053830967665,1.1611087320127922,0.3846617888344711,60.29280456360879
618,2022-11-09,366.7101433846629,367.8780620529582,360.6100437959627,361.1119689941406,78495500.0,-0.020602097629597083,0.016193043307726935,366.5885314941406,364.68921630859376,390.90825180053713,7.268018256995504,0.8300678298542721,8.098086086849776,8.098086086849776,7.379679139303241,-0.02065340827501949,0.758329492433802,0.4593953295543373,56.196673663378625
619,2022-11-10,374.5476313535781,381.2944315033392,372.2215142003635,380.95660400390625,141455800.0,0.05495424331971566,0.019784440965356462,368.008349609375,364.7109661865234,390.7454718017578,9.072917302975668,20.182462509198558,11.10954520622289,20.182462509198558,8.044984805763802,0.038712624626183745,2.017167587645986,0.7709497811726671,62.432970317711245
620,2022-11-11,381.8252967897964,385.4544756314829,379.9141810146239,384.6437072753906,93839900.0,0.009678538796105363,0.019210190862033186,368.92433166503906,364.78261901855467,390.611336517334,5.540294616859001,4.4978716275766715,1.0424229892823291,5.540294616859001,7.961564179246401,0.024394710081132365,3.274576982045801,1.271675221347294,62.08172061414942
621,2022-11-14,382.858035785753,386.25554515730494,381.09169498505867,381.3716125488281,71903500.0,-0.008506819856069603,0.018443014580785445,369.7843383789062,364.8691912841797,390.40974578857424,5.163850172246271,1.6118378819143118,3.552012290331959,5.163850172246271,7.876765404995187,0.023070610524226876,3.961387874319371,1.8096177519417094,56.48687897156783
622,2022-11-15,387.191806818122,388.3114476524272,380.7635408563061,384.6243591308594,93194500.0,0.00852907367774991,0.017846769873545495,371.1327331542969,365.04927124023436,390.1864433288574,7.547906796121083,6.93983510359908,0.6080716925220031,7.547906796121083,7.986386907966842,0.036331122509349,4.713821914703487,2.390458584494065,60.412177596478195
623,2022-11-16,382.9738947537852,383.9390993909443,381.053146951665,381.690185546875,68508500.0,-0.007628673312877976,0.0179322836880869,373.11913146972654,365.0357080078125,389.9339669799805,2.885952439279322,0.6852597399150682,3.57121217919439,3.57121217919439,7.850564737189501,0.05489923897978133,5.015551866541784,2.9154772409036087,59.657917343052226
624,2022-11-17,376.8738053753298,381.20759435252256,376.5649622687644,380.5222778320313,74496300.0,-0.003059831662085677,0.017838320973042193,375.3613006591797,364.94880126953126,389.65465942382815,4.642632083758144,0.48259119435243747,5.125223278110582,5.125223278110582,7.538251412325061,0.06261283219023994,5.10162626333306,3.352707045389499,53.611974310259924
625,2022-11-18,383.9004304209172,383.96800180564105,379.3639869205082,382.24993896484375,92922500.0,0.004540236494576799,0.017634271741992086,377.2608245849609,364.7768670654297,389.43527603149414,4.6040148851328695,3.445723973609745,1.1582909115231246,4.6040148851328695,7.607876209654295,0.05229179215886903,5.248744399467057,3.7319145162050105,56.89227573718689
626,2022-11-21,380.90832428593535,382.0472585453057,378.9972087404378,380.8600463867187,51243200.0,-0.003636083191769668,0.017069742370942977,378.67388305664065,364.49312072753906,389.1989247131348,3.0500498048678537,0.20268041953806915,3.252730224405923,3.252730224405923,7.350717110473515,0.0385313594726,5.193318523830271,4.0241953177300624,57.09257968471284
627,2022-11-22,382.8290520104278,386.14935772947246,381.4005387968891,385.9852600097656,60429000.0,0.013456947431663258,0.01710603562489782,380.40159606933594,364.65543273925783,388.99506927490233,4.748818932583333,5.289311342753763,0.5404924101704296,5.289311342753763,6.772283523446101,0.04685855484782597,5.499559525396819,4.319268159263414,68.77722380087192
628,2022-11-23,385.6474712190815,388.90986735370535,385.41583154987455,388.4176330566406,68261600.0,0.006301725218246679,0.016859784966580957,383.1321624755859,364.8375531005859,388.7858190917969,3.4940358038307977,2.9246073439397264,0.5694284598910713,3.4940358038307977,6.602688084276252,0.07561550545820617,5.870854347737918,4.629585396958315,74.04683258674302
629,2022-11-25,387.8481167373432,388.89055410722,387.5682286365076,388.3307189941406,30545400.0,-0.00022376446150507157,0.016722522389399207,383.86957397460935,365.1040643310547,388.54464752197265,1.3223254707123715,0.47292105057937306,0.8494044201329984,1.3223254707123715,6.085614279584608,0.019356837268947213,6.087917210993908,4.9212517597654335,71.62833081785305
630,2022-11-28,385.2034680577448,386.86362100910424,381.3619434670269,382.1341247558594,67881600.0,-0.015957002459995318,0.0171301219967974,383.6186157226563,365.3038623046875,388.31170837402345,5.501677542077346,1.4670979850363892,6.968775527113735,6.968775527113735,6.235909750871932,-0.006524434098526655,5.694287524041044,5.075858912620556,62.690822422011706
631,2022-11-29,382.2692896645585,383.47579547647257,379.6149768783477,381.4778442382813,52310000.0,-0.0017174088234003237,0.016403773309571726,383.6292388916016,365.4328137207031,388.1177572631836,3.8608185981248653,1.3416707206131946,2.5191478775116707,3.8608185981248653,6.00150339218957,0.00027855164348289385,5.2686431693391,5.114415763964265,60.7543944057555
632,2022-11-30,381.7287225286576,393.49456787109375,379.78868149193926,393.49456787109375,144566700.0,0.03150044967043075,0.01758148444906313,384.516259765625,365.8881964111328,387.99075988769533,13.705886379154492,12.016723632812443,1.689162746342049,13.705886379154492,6.402060555925622,0.023062004601784647,5.8337186436933735,5.258276339910087,75.38206585621745
633,2022-12-01,394.5466972820921,395.73390961499217,390.6665851626051,393.205078125,76398200.0,-0.0007356893073771076,0.017525839465052793,385.6677490234375,366.46712768554687,387.82853775024415,5.0673244523870835,2.2393417438984216,2.827982708488662,5.0673244523870835,5.322407837581944,0.030168165213959597,6.186867270422795,5.443994526012629,63.84472417347251
634,2022-12-02,388.25354687813,393.6683304969702,388.1473885118186,392.75140380859375,85342700.0,-0.00115378549679368,0.016353215786692247,386.8906616210937,367.0981787109375,387.6616616821289,5.520941985151637,0.4632523719702135,5.057689613181424,5.520941985151637,5.321025506745705,0.032137739861739734,6.356854513754797,5.6265665235610625,59.8870153214072
635,2022-12-05,389.8944343452361,390.8403160607609,384.315552586433,385.6861267089844,77289800.0,-0.017989183567762912,0.016771177929089314,387.2342803955078,367.70896118164063,387.5049725341797,6.524763474327926,1.9110877478328234,8.43585122216075,8.43585122216075,5.554739867453882,0.008989374212710288,5.853980767521762,5.672049372353203,54.815851863963395
636,2022-12-06,385.5220147224602,386.07215893019634,378.0127244938786,380.1264953613281,77972200.0,-0.014414911407615194,0.017026608885685624,387.1609252929687,368.27881713867185,387.33398666381834,8.059434436317758,0.3860322212119627,7.673402215105796,8.059434436317758,5.591277556039358,-0.0019260382714066937,4.949775978295179,5.527594693541598,45.22538083958346
637,2022-12-07,379.2675122001918,381.87357650086983,378.3312625246142,379.4798583984375,65927900.0,-0.0017011099483501546,0.016963607685644522,386.51038513183596,368.85369384765625,387.1819993591309,3.5423139762556275,1.7470811395417059,1.7952328367139216,3.5423139762556275,5.5892133986865895,-0.016854015645995202,4.133362143789611,5.248748183591201,47.53390254100515
638,2022-12-08,381.3909352914933,383.5336610884183,379.58597806260593,382.45263671875,60737900.0,0.00783382373140662,0.01699802215520791,385.91388549804685,369.3500012207031,387.0812292480469,3.9476830258123528,4.053802689980785,0.10611966416843188,4.053802689980785,5.512683356677319,-0.015357171843485284,3.68376254237819,4.935751055348599,52.07035014034935
639,2022-12-09,381.1978851684284,383.7846262783676,379.4701607861436,379.59564208984375,81447700.0,-0.00747019200447363,0.016359154810225842,385.0403778076172,369.93858215332034,386.9358799743652,4.314465492224031,1.3319895596176252,2.9824759326064054,4.314465492224031,5.49200125718383,-0.022493911702176406,3.0616235390533006,4.5609255520895395,47.22054272533558
640,2022-12-12,380.3967736718847,385.0683898925781,379.72114812014985,385.0683898925781,75405800.0,0.014417309357411145,0.011543725982054774,385.33380432128905,370.7449139404297,386.77281021118165,5.347241772428276,5.472747802734375,0.12550603030609864,5.472747802734375,5.650573941350148,0.007678626290162915,2.9758748735433187,4.243915416380296,54.059652298121414
641,2022-12-13,395.9462139503626,396.2068085763035,385.1841890472731,387.9832763671875,123782500.0,0.0075697890325989725,0.011469504812091611,385.9843475341797,371.42750732421877,386.629658203125,11.022619529030408,11.138418683725376,0.11579915469496882,11.138418683725376,6.06836732284812,0.01705323710711415,3.107306323057969,4.016593597715831,52.013276907909756
642,2022-12-14,387.6357486360671,391.39040812027383,382.5201767857034,385.5026550292969,108111300.0,-0.006393629542792323,0.011395804481566452,385.18515625,371.8411932373047,386.5058288574219,8.870231334570406,3.4071317530863325,5.463099581484073,8.870231334570406,6.452381289329521,-0.02031009699837827,2.9769844594208053,3.8086717700568262,47.065611018197764
643,2022-12-15,380.5801512125836,381.497107338881,374.3932158229351,376.0726623535156,117705900.0,-0.02446155053086363,0.012467957685629357,383.47191467285154,372.08326721191406,386.2971125793457,7.103891515945918,4.005547690415881,11.109439206361799,11.109439206361799,7.151460841875909,-0.043571196621316255,2.0887045583958184,3.464678327724625,39.61398674882969
644,2022-12-16,373.4846696225964,374.8421551302672,369.4703889362724,371.6326599121094,119858000.0,-0.01180623556527638,0.012611571206418383,381.36004028320315,372.3116326904297,386.0765966796875,5.371766193994802,1.2305072232484235,6.602273417243225,6.602273417243225,7.125282119742301,-0.05377127539632309,1.0147676371000216,2.9746961895997046,40.82933402126474
645,2022-12-19,371.8265816496415,372.16596040837743,366.79416487545245,368.4813232421875,79878100.0,-0.008479708620515614,0.012706735428091422,379.6395599365234,372.67792724609376,385.85721267700194,5.371795532924978,0.5333004962680548,4.838495036656923,5.371795532924978,7.233209043656594,-0.04460830264651594,-0.08958891749415443,2.361839168180933,39.12439463633228
646,2022-12-20,367.7153738639664,370.62428426038457,366.3772703470594,368.985595703125,74427200.0,0.0013685156590854675,0.012650658928260113,378.5254699707031,373.1077801513672,385.701130065918,4.2470139133251905,2.14296101819707,2.1040528951281203,4.2470139133251905,6.557575296097359,-0.02930840074068808,-0.9135777150359559,1.7067557915375553,24.595963494053805
647,2022-12-21,371.6132492058105,375.6469412543025,371.0702550445676,374.5027770996094,78167400.0,0.014952294779884356,0.013142155224488025,378.0277618408203,373.6919909667969,385.5878044128418,4.5766862097348735,6.661345551177476,2.0846593414426025,6.661345551177476,6.671433946010958,-0.013115534826626862,-1.1086248072362537,1.1436796717827935,32.5101100186932
648,2022-12-22,371.4193357646153,374.48339136727145,363.39074486331384,369.16009521484375,100120900.0,-0.014266067467223587,0.013038942964753216,376.69850769042966,374.19212646484374,385.3945230102539,11.09264650395761,0.0193857323379234,11.112032236295533,11.112032236295533,7.07079753537838,-0.03475604618116779,-1.6750024251837203,0.5799432523894907,29.786400638434287
649,2022-12-23,368.12260493626457,371.4290699727955,366.5517980559523,371.28363037109375,59857300.0,0.005752342097035568,0.013021910825964834,375.8673065185547,374.5530810546875,385.221067199707,4.877271916843199,2.268974757951753,2.608297158891446,4.877271916843199,6.816613299284269,-0.021897015658527197,-1.930258410539352,0.07790291980372217,36.517874334308246
650,2022-12-27,371.1672979500218,371.5163530122188,368.1226240385624,369.8194885253906,51638200.0,-0.003943459193823662,0.013020904409305065,374.34241638183596,375.0457489013672,385.0661003112793,3.3937289736564367,0.2327226411250649,3.1610063325313718,3.3937289736564367,6.4833486233798885,-0.03960050154062622,-2.2250456869220443,-0.38268680154143114,39.55042121325754
651,2022-12-28,369.75157580856137,371.7490547748007,364.9906853166092,365.223388671875,70911500.0,-0.012427954707963096,0.012856793660220571,372.06642761230466,375.2690899658203,384.9027993774414,6.75836945819151,1.9295662494100725,4.828803208781437,6.75836945819151,6.713066872089594,-0.0586620328288906,-2.7972881773949894,-0.8656070767121428,36.617984235692326
652,2022-12-29,368.10320223797714,372.6798888580042,367.5698842736494,371.7975158691406,66970900.0,0.018000290784147888,0.013583634220525916,370.69591369628904,375.540712890625,384.7286209106445,5.110004584354783,7.456500186129176,2.346495601774393,7.456500186129176,6.956116693243051,-0.03555134830164708,-2.689316583796767,-1.2303489781290677,40.63181020793991
653,2022-12-30,369.08254778752337,370.9636158642574,366.93962925835154,370.8181762695313,84022200.0,-0.0026340670870808047,0.01134008052487925,370.17046508789065,375.84351928710936,384.5044619750977,4.023986605905861,0.833900004883219,4.85788661078908,4.85788661078908,6.994932487426269,-0.01397199693032991,-2.6521999291368843,-1.5147191683306311,42.01917484672114
654,2023-01-03,372.6992479566295,374.69669716086906,366.3578157499372,369.2570495605469,74850700.0,-0.004209951962682923,0.011334395876815163,369.9329040527344,376.17475158691406,384.24649642944337,8.33888141093189,3.8785208913377573,4.460360519594133,8.33888141093189,7.199656316583234,-0.006392361618928533,-2.7174297527936915,-1.7552612852232432,34.52276540117866
655,2023-01-04,371.5454736454373,374.1635052062832,368.4620352940203,372.1078796386719,85934100.0,0.007720448618429243,0.011566841174581623,370.2955596923828,376.3915808105469,383.979737701416,5.701469912262894,4.906455645736344,0.7950142665265503,5.701469912262894,6.811302832907343,0.00984190016626929,-2.510151235149692,-1.906239275208533,34.44055013283132
656,2023-01-05,370.1297558589303,370.246107538923,367.2596392522316,367.8608093261719,76970500.0,-0.011413545761578714,0.011210187094418322,370.1830810546875,376.43505615234375,383.69236587524415,2.9864682866914336,1.8617720997488618,4.848240386440295,4.848240386440295,6.524017765183763,-0.00304832055790627,-2.657945455825711,-2.056580511331969,33.28792658445656
657,2023-01-06,370.99271645676,377.4311189189253,367.88989649639944,376.296630859375,104189600.0,0.022932101814964856,0.012100993572233855,370.3624664306641,376.53045776367185,383.4222880554199,9.541222422525834,9.570309592753404,0.02908717022756946,9.570309592753404,6.414079935640307,0.004789961168401469,-2.0705056436688096,-2.059365537799337,50.216237717114275
658,2023-01-09,378.517110812085,381.7460179093739,375.8991092209777,376.0833129882813,73978100.0,-0.0005668875392440542,0.012097484777131134,371.05478820800784,376.67757507324217,383.17885223388674,5.846908688396184,5.449387049998904,0.3975216383972793,5.846908688396184,6.360125312151232,0.018753971144710002,-1.603682080913245,-1.968228846422119,54.67890084858603
659,2023-01-10,375.49182581586547,378.78858479831536,374.5415711623446,378.720703125,65358100.0,0.007012781598211726,0.012070982668809852,371.7984954833984,376.91682067871096,382.9165876770019,4.247013635970745,2.7052718100340485,1.5417418259366968,4.247013635970745,6.279783748083072,0.02003070468383683,-1.0092714486922887,-1.776437366876153,60.88209004212416
660,2023-01-11,380.32065837354753,383.58832970359543,379.49646116309526,383.5107421875,68881100.0,0.012647946159201728,0.012278150510707414,373.16762084960936,377.0773577880859,382.66774505615234,4.0918685405001725,4.867626578595434,0.7757580380952618,4.867626578595434,6.3241132241738045,0.03702144988816447,-0.14995206577054887,-1.4511403066550324,64.1480437793909
661,2023-01-12,384.6258395750699,386.3905560486252,380.5048832061513,384.9070129394531,90157700.0,0.003640760475153826,0.011889084313702081,375.1359832763672,377.3200671386719,382.41047409057614,5.885672842473923,2.8798138611252284,3.0058589813486947,5.885672842473923,6.268708030694979,0.05389475285018608,0.6363961382785988,-1.0336330176683062,61.01868346955084
662,2023-01-13,381.6684060462913,386.9820259950069,381.3969089447344,386.4002380371094,63903900.0,0.0038794437291562733,0.011799270770921548,376.59625549316405,377.625263671875,382.1336784362793,5.585117050272515,2.075013055553768,3.5101039947187473,5.585117050272515,5.873928374550478,0.03927600789325436,1.3643462074944637,-0.5540371726357523,69.87916787775615
663,2023-01-17,386.3808461808955,388.0777104204415,385.0039490350685,385.6923828125,62677300.0,-0.0018319223306001442,0.011719884112726266,378.08367614746095,378.10258728027344,381.8669821166992,3.073761385373018,1.6774723833321445,1.3962890020408736,3.073761385373018,5.745106193731179,0.04011185938241946,1.8626622699312634,-0.07069728412234914,67.17509101438483
664,2023-01-18,386.89474469993775,387.9710272209344,379.3994424421326,379.6030578613281,99632300.0,-0.01578803529063244,0.010938201052334366,379.11827697753904,378.53263671875,381.60362594604493,8.571584778801764,2.2786444084343884,6.292940370367376,8.571584778801764,6.114953036955845,0.028018444910108187,1.7460958011494654,0.29266133293201374,60.50373968098368
665,2023-01-19,377.5378013082219,379.2055779250855,375.5015875334553,376.8396911621094,86958900.0,-0.007279621810181047,0.010726069526140388,379.5914581298828,378.80433654785156,381.3203269958496,3.7039903916302137,0.39747993624263245,4.101470327872846,4.101470327872846,5.9251745276473695,0.012716235754083538,1.4144307592756604,0.5170152182007431,62.98226957369354
666,2023-01-20,378.2553030012775,384.01494767738205,376.587526603635,383.85980224609375,91806400.0,0.018628905735315504,0.011185284203070491,381.191357421875,379.146943359375,381.05356094360354,7.427421073747041,7.175256515272679,0.25216455847436237,7.427421073747041,5.923097448191503,0.04349197444878139,1.6984692230909104,0.7533060191787766,63.34764035458003
667,2023-01-23,384.6742929256794,390.4242317555636,383.7046561749685,388.465576171875,84178800.0,0.01199858359440431,0.011393478846028772,382.408251953125,379.54209228515623,380.8374363708496,6.719575580595119,6.564429509469846,0.155146071125273,6.719575580595119,6.056075231749077,0.032338703869627894,2.2690628714632908,1.0564573896356795,68.07708370846083
668,2023-01-24,386.7687173884597,388.9697821912986,385.56637726949504,388.0486450195313,59524900.0,-0.001073276959189906,0.011050273664933124,383.60478515625,380.08082580566406,380.6408103942871,3.403404921803542,0.5042060194235773,2.8991989023799647,3.403404921803542,5.703541196811337,0.03181564195490605,2.656991445682479,1.3765642008450394,69.71119034189684
669,2023-01-25,383.9277260541941,388.5335011332056,381.6102797581424,388.1941223144531,84800300.0,0.00037489447982608226,0.010433838623665507,384.5521270751953,380.225576171875,380.43414428710935,6.923221375063235,0.4848561136743115,6.438365261388924,6.923221375063235,5.7908091584399335,0.02501426278332164,2.942250010882958,1.6897013628526232,67.88871890174133
670,2023-01-26,390.8896729151746,392.6253310060261,387.8837930323548,392.4604797363281,72287400.0,0.010990267952638133,0.010578372013275205,385.4471008300781,380.38191162109376,380.2545524597168,4.7415379736713135,4.4312086915729765,0.310329282098337,4.7415379736713135,5.783187557527863,0.023336341239830416,3.4725494786866307,2.0462709860194246,77.3443531852593
671,2023-01-27,391.403557634688,395.7669228266242,391.1902363749992,393.3622131347656,68346200.0,0.002297641278539153,0.01046956481277333,386.29262084960936,380.6217236328125,380.1160791015625,4.576686451624994,3.3064430902960567,1.2702433613289372,4.576686451624994,5.426500190304405,0.0219668644921327,3.920386204861927,2.421094029787925,72.78620843652652
672,2023-01-30,390.56976935412024,392.82904012112726,388.1262947819447,388.4268798828125,74202000.0,-0.012546536213081216,0.010478327482627262,386.4952850341797,380.69777404785157,379.9607293701172,4.70274533918257,0.5331730136383612,5.235918352820931,5.235918352820931,5.382858023477602,0.005244929081820393,3.832876871027338,2.7034505980358077,64.63576494427556
673,2023-01-31,388.9503771506525,394.18640945210655,388.6012925487081,394.137939453125,86811800.0,0.014703049315319072,0.0102646793810879,387.3398406982422,380.94672912597656,379.8099118041992,5.585116903398443,5.759529569294045,0.174412665895602,5.759529569294045,5.490894875857838,0.021897131021979988,4.176219018264135,2.998004282081473,67.03830914700534
674,2023-02-01,392.9064860091245,401.109633944594,390.1333392007626,398.3267517089844,101459200.0,0.010627782399409202,0.010319351344059645,389.2122100830078,381.3028186035156,379.706455078125,10.976294743831431,6.971694491469009,4.0046002523624225,10.976294743831431,5.9272283162318375,0.04932440205604505,4.7317773019710785,3.3447588860593944,66.59438603735126
675,2023-02-02,402.26346761931126,405.6087260745303,400.343605889328,404.1251831054687,101654500.0,0.01455697206277673,0.01043353234758317,391.9407592773438,381.7403234863281,379.63112869262693,5.265120185202306,7.281974365545921,2.016854180343614,7.281974365545921,6.026964139308409,0.0724060988884041,5.575673307421482,3.7909417703318122,69.59286700554489
676,2023-02-03,399.092839452114,404.3094905953678,398.60802101264386,399.8297729492187,94736800.0,-0.010628909891836624,0.010895937665476746,393.5377563476562,382.1197180175781,379.5004913330078,5.701469582723917,0.18430748989908352,5.517162092824833,5.701469582723917,6.035275034483509,0.04160365479708794,5.830651153273834,4.198883646920217,62.95137586975958
677,2023-02-06,397.3474663028563,398.8019214799618,395.7087777693734,397.38623046875,60295300.0,-0.00611145703944127,0.010590626079882247,394.42982177734376,382.3477374267578,379.3592150878906,3.093143710588379,1.027851469256916,4.120995179845295,4.120995179845295,6.110077448374385,0.022963821877818313,5.7690474881546265,4.5129164151670995,60.91217270658248
678,2023-02-07,396.4553845569575,403.8440120683523,395.1948685823552,402.58349609375,90990700.0,0.013078625343584172,0.009892942229116046,395.8833068847656,382.6310546875,379.27574951171874,8.649143485997115,6.457781599602299,2.191361886394816,8.649143485997115,6.115617356031196,0.03745626034459448,6.069635065475438,4.8242601452287674,71.80737350516912
679,2023-02-08,400.5860760041181,401.94356167398973,397.48322625215314,398.1813659667969,76227500.0,-0.010934700924570384,0.010342342688231759,396.88203125,382.8280676269531,379.2277964782715,4.460335421836589,0.6399344197602659,5.100269841596855,5.100269841596855,6.186960178440054,0.025727446857769953,5.884801447089785,5.036368405600971,69.64137258514629
680,2023-02-09,401.8271483802855,401.9822938031943,393.48826684245864,394.7294006347656,78694900.0,-0.008669329172774742,0.010584272609563879,397.1089233398437,383.07997314453127,379.15076278686524,8.494026960735653,3.8009278363974204,4.693099124338232,8.494026960735653,6.263146313224955,0.00578127229514136,5.39755506492088,5.108605737464953,60.70680708538576
681,2023-02-10,393.5367735557989,396.0384530460212,392.71260595671595,395.6506042480469,70769700.0,0.002333759815711378,0.01030231647463742,397.3377624511719,383.3634283447266,379.1377249145508,3.3258470893052277,1.30905241125555,2.0167946780496777,3.3258470893052277,6.020737135275676,0.005817516367534914,5.027785052999889,5.092441600571941,57.631363142796985
682,2023-02-13,396.30991235569826,400.4308683218395,395.8444760879518,400.2951049804687,64913500.0,0.011738894576564407,0.010534010894540376,398.5245849609375,383.49943908691404,379.14231033325194,4.586392233887693,4.780264073792637,0.1938718399049435,4.780264073792637,6.119084217560612,0.030554592671951042,5.0512839903718145,5.084210078531916,61.935371041886704
683,2023-02-14,398.7533858302499,402.4476992787752,396.1062965854902,400.11090087890625,88389300.0,-0.00046017075720028444,0.010536240018906672,399.12188110351565,383.6375555419922,379.095534362793,6.3414026932849765,2.1525942983064965,4.18880839497848,6.3414026932849765,6.077525740290737,0.015154494982312139,4.997436004537178,5.066855263732968,61.605303936760805
684,2023-02-15,397.8904615307759,401.4878057256822,397.0371764235173,401.4102478027344,61555700.0,0.003247466942225108,0.010509022140738665,399.43023071289065,383.810732421875,379.13091552734375,4.450629302164941,1.3769048467759717,3.0737244553889695,4.450629302164941,6.056746549468853,0.007741122283453361,5.001948180447471,5.053873847075869,59.25041794151978
685,2023-02-16,396.3778250049445,400.37272377802026,395.7475670202348,395.88330078125,76431500.0,-0.013768823919514062,0.010346531736731389,398.6060424804688,384.0146759033203,379.1267935180664,4.625156757785476,1.0375240247141164,5.662680782499592,5.662680782499592,6.134317573102753,-0.020394379436798782,4.507585043843449,4.944616086429385,52.37837772476565
686,2023-02-17,393.7306807016195,395.1366657696702,391.7817014424098,394.8942565917969,89257800.0,-0.002498322580167689,0.010182206457777707,398.11249084472655,384.3100311279297,379.10863357543946,3.3549643272603475,0.7466350115798264,4.101599338840174,4.101599338840174,6.053294786389841,-0.01234404411911727,3.9899968955637632,4.753692248256261,56.59211756647552
687,2023-02-21,390.82181039477337,391.8884168043037,386.7105597881842,386.9723510742187,82655900.0,-0.02006082738693027,0.010569085270489878,397.07110290527345,384.45988098144534,378.99018264770507,5.177857016119503,3.005839787493187,8.18369680361269,8.18369680361269,6.226449588841173,-0.02620593919987435,2.907062186585563,4.384366235922122,43.011187956962544
688,2023-02-22,387.38928151695194,388.9504121435248,384.9651895305076,386.4390563964844,83742300.0,-0.0013781208819025892,0.010235327594436351,395.4566589355469,384.539609375,378.9420458984375,3.9852226130171857,1.9780610693060794,2.0071615437111063,3.9852226130171857,5.727087293783013,-0.04010209025932365,1.9829381276342133,3.90408061426454,37.515335968278045
689,2023-02-23,389.3673571569208,389.98793892233294,384.21858803532103,388.49468994140625,96242400.0,0.005319424915510629,0.010302869828296478,394.4879913330078,384.71759033203125,378.91600784301755,5.76935088701191,3.548882525848569,2.2204683611633413,5.76935088701191,5.619042759602012,-0.024327296185423175,1.4002938841460377,3.4033232682408396,32.183977615356454
690,2023-02-24,383.41376153448846,385.1881836967551,381.6878093714178,384.3446044921875,108194400.0,-0.010682476637826621,0.010567554372233242,393.44951171875,384.70311462402344,378.93224594116214,3.5003743253373045,3.306506244651132,6.8068805699884365,6.8068805699884365,5.698000687263764,-0.02630864619123452,0.59678751641394,2.8420161178754597,32.29095411865546
691,2023-02-27,387.7286326935627,389.1055298638057,384.703370844538,385.6536254882813,80444700.0,0.0034058524063929063,0.01028384461949293,392.44981384277344,384.6565216064453,378.950626373291,4.402159019267742,4.760925371618214,0.3587663523504716,4.760925371618214,5.743709986676115,-0.02526718941517936,0.06488206541297359,2.2865893073829624,36.22498702951542
692,2023-02-28,385.16882032398394,387.156563842999,384.12159605361234,384.228271484375,96438600.0,-0.0036959434832271043,0.010277258324145253,390.84313049316404,384.6310339355469,378.99222091674807,3.0349677893866556,1.5029383547176849,1.5320294346689707,3.0349677893866556,5.3426974369182245,-0.04013747182063998,-0.46629582460496977,1.736012280985376,26.35527935855484
693,2023-03-01,383.4040947317888,384.6452286653994,381.4357331904151,382.7544250488281,99706800.0,-0.0038358615045505084,0.009961747862184027,389.10748291015625,384.7646691894531,379.028408203125,3.209495474984294,0.4169571810243724,2.7925382939599217,3.209495474984294,5.207642125017328,-0.043379162607046995,-0.9947187210489119,1.1898660805785184,28.505838812712383
694,2023-03-02,380.7569598063764,386.5844862641744,380.4175810186256,385.731201171875,85127800.0,0.007777248094955835,0.009533375675327537,387.5395782470703,385.04664001464846,379.03459014892576,6.166905245548833,3.8300612153462907,2.336844030202542,6.166905245548833,5.041419145361126,-0.03905990620987976,-1.1599258156146561,0.7199077013398836,37.29468532420737
695,2023-03-03,387.5734971746838,392.1695954929354,386.9141512863153,391.91748046875,90120000.0,0.016037798544895177,0.009927755334790152,387.1429962158203,385.5153631591797,379.0795039367676,5.255444206620098,6.4383943210604,1.1829501144403025,6.4383943210604,5.263743947629353,-0.010017649910147086,-0.7826506800893753,0.41939602505403184,45.41117385749194
696,2023-03-06,392.7513411206399,395.0784929185733,391.742940238564,392.18896484375,72795900.0,0.0006927080023970689,0.00930193357491246,386.8724670410156,385.9794305419922,379.0863897705078,3.3355526800093003,3.1610124498233176,0.17454023018598264,3.3355526800093003,5.160550276644829,-0.006850673826951481,-0.45648877840898194,0.2442190643614291,38.83550888377796
697,2023-03-07,392.1405052275712,392.3829144136942,385.5566634469987,386.1772155761719,108310600.0,-0.01532870581907686,0.009587598651940156,386.79295349121094,386.2129193115234,379.14198791503907,6.826250966695511,0.1939495699442091,6.632301396751302,6.826250966695511,5.195182296174153,-0.002054760490871166,-0.6753164177720805,0.060311967934727186,33.46376529201237
698,2023-03-08,386.2936193139277,387.5735174019799,384.5482553177289,386.8075256347656,74746600.0,0.0016321782673101026,0.009554636501961842,386.8298004150391,386.56586791992186,379.21222320556643,3.0252620842510396,1.3963018258080524,1.6289602584429872,3.0252620842510396,5.093370352037446,0.0009534989597510535,-0.7887855161001198,-0.10950752887224223,32.390119960136005
699,2023-03-09,387.60258090246896,389.2897689515942,378.67223481429073,379.67095947265625,111945300.0,-0.018449915498407132,0.009668547120132934,385.9474273681641,386.7336145019531,379.2459620666504,10.617534137303494,2.482243316828601,8.135290820474893,10.617534137303494,5.447288448809153,-0.022712615377267653,-1.4379955232650445,-0.3752051277508027,31.179669000582464
700,2023-03-10,379.1183081694426,381.2224331853656,372.65084685438,374.1925659179687,189253000.0,-0.014429319435694477,0.009845072346363675,384.9322235107422,386.8210760498047,379.2174220275879,8.57158633098561,1.5514737127093667,7.020112618276244,8.57158633098561,5.766573233962398,-0.026413896424101302,-2.3672712765657025,-0.7736183575137827,28.236557801278067
701,2023-03-13,370.21704175618794,378.536542464736,369.09225946405695,373.65924072265625,157790000.0,-0.0014252693502985192,0.0097596587663882,383.7327850341797,386.9897930908203,379.2007153320312,9.444283000679036,4.343976546767294,5.100306453911742,9.444283000679036,5.856615105181423,-0.03110144433476747,-3.1109033350277286,-1.241075353016572,33.42991278981442
702,2023-03-14,378.64315157224377,381.5035918263972,375.2978929421976,379.8358154296875,149752400.0,0.016529966434352783,0.010573534072354784,383.2935394287109,387.15055908203124,379.19823791503904,6.205698884199592,7.844351103740962,1.6386522195413704,7.844351103740962,6.132267140233121,-0.011431891874375322,-3.1653509445435475,-1.625930471321967,42.79364461902153
703,2023-03-15,374.1731517764956,377.6638205167476,372.0593211039184,377.460205078125,172996900.0,-0.0062543084539700144,0.010134039102020362,382.7641174316406,387.2833996582031,379.14588439941406,5.6044994128291705,2.1719949129399083,7.776494325769079,7.776494325769079,6.275634528715776,-0.013831897488912781,-3.3614443311032005,-1.9730332432782138,38.04118896864857
704,2023-03-16,375.0749199983388,384.4319093478442,374.56101366986553,384.0828247070313,143254200.0,0.017545212819284117,0.011056617674634096,382.5992797851562,387.5799151611328,379.07902725219725,9.870895677978694,6.9717042697192255,2.899191408259469,9.870895677978694,6.4944927507150805,-0.004273381203894866,-2.948471551530872,-2.1681209049287458,49.73072306100519
705,2023-03-17,382.7357177577169,383.8842487131921,378.190219218341,379.5918273925781,140553400.0,-0.01169278349761882,0.011189609764047384,381.36671447753906,387.72959411621093,379.0008657836914,5.694029494851122,0.19857599383919933,5.892605488690322,5.892605488690322,6.575327044791659,-0.03144961296809179,-2.949572760123999,-2.3244112759677966,44.14770092354322
706,2023-03-20,380.3802375233419,383.6604094564358,379.6697202440077,383.2418518066406,93055800.0,0.009615655951116242,0.011185925992857618,380.4720031738281,388.03721496582034,378.9569383239746,3.9906892124280944,4.0685820638576615,0.07789285142956714,4.0685820638576615,6.649156635825302,-0.02281327074226569,-2.6256521268728648,-2.3846594461488104,49.08689459413802
707,2023-03-21,386.6485004518863,388.7606554675455,385.0327569656362,388.27398681640625,91524200.0,0.013130442267835996,0.011626345317794487,380.6816802978516,388.2767620849609,378.90084396362306,3.7278985019092943,5.518803660904894,1.7909051589955993,5.518803660904894,6.814107220533917,0.005429557093641568,-1.9405223179697373,-2.295832020512996,54.79354609241115
708,2023-03-22,388.0988533633796,391.7585819883391,381.6164223613419,381.65533447265625,111746600.0,-0.017046345025631626,0.011392124317429274,380.1664611816406,388.3882025146484,378.8444378662109,10.14215962699717,3.484595171932824,6.657564455064346,10.14215962699717,7.098053962065941,-0.013319780047336027,-1.9096091524562553,-2.218587446901648,46.670844375846265
709,2023-03-23,384.5558638990384,388.64389279785183,379.9422541991001,382.68707275390625,119351300.0,0.002703324670348506,0.011412924580760889,380.46807250976565,388.46752990722655,378.7872080993652,8.701638598751742,6.988558325195584,1.7130802735561588,8.701638598751742,7.259714267615323,0.007944018909002759,-1.78132359974677,-2.1311346774706728,41.76741173012229
710,2023-03-24,381.39258037178774,385.2859305548855,379.0176343837858,385.1983337402344,107682400.0,0.006562178775092908,0.011447247632139017,381.5686492919922,388.50128173828125,378.723631439209,6.268296171099735,2.5988578009792604,3.6694383701204742,6.268296171099735,7.469195945550354,0.029412042955119455,-1.4601864800565068,-1.9969450379878397,44.00460014876678
711,2023-03-27,387.50509334943473,388.2837811167207,385.0133519019217,385.9185485839844,74010400.0,0.0018697247123495853,0.01120554461121416,382.794580078125,388.5215124511719,378.6852867126465,3.2704292147990373,3.085447376486343,0.18498183831269444,3.2704292147990373,7.215208677557748,0.032808790805276544,-1.1344899858682993,-1.8244540275639318,49.75601331045838
712,2023-03-28,385.2177273330947,385.9185314405702,383.1931986358876,385.0522766113281,62871700.0,-0.0022447015719632146,0.011193924276698793,383.31622619628905,388.49455322265624,378.6894139099121,2.72533280468258,1.714341419756238e-05,2.7253499480967776,2.7253499480967776,7.193786382118158,0.013733463169447457,-0.9354903260083347,-1.6466612872528126,48.351705037851524
713,2023-03-29,389.2668041746503,390.89229063940246,388.0501324717786,390.6489562988281,77497900.0,0.014534856764784942,0.011593935161970235,384.6351013183594,388.5936846923828,378.77722900390626,2.842158167623836,5.840014028074336,2.9978558604504997,5.840014028074336,6.8525349457446465,0.03494077267820428,-0.3224592746821031,-1.3818208847386708,60.61609452661437
714,2023-03-30,393.3158959443329,393.5689731668523,391.0480329323453,392.9363098144531,69840000.0,0.005855265907520613,0.011590818302096554,385.52044982910155,388.8603497314453,378.9473080444336,2.520940234507009,2.920016868024163,0.3990766335171543,2.920016868024163,6.448851412675972,0.02305097895011321,0.34397740523513676,-1.0366612267439093,69.31808674526908
715,2023-03-31,393.8707128150531,398.7763415903642,393.7636302558497,398.474609375,112062600.0,0.01409464949462702,0.011846095529459914,387.4087280273437,389.2930480957031,379.15048614501956,5.012711334514506,5.840031775911086,0.82732044139658,5.840031775911086,6.191404896621118,0.049744964511296175,1.3039961090858583,-0.5685297595779558,73.18394564153792
716,2023-04-03,397.9490577423168,400.4018576409129,397.54998578787973,399.9930725097656,67391100.0,0.0038106898132037603,0.011393649286253827,389.08385009765624,389.61571350097654,379.3357489013672,2.851871853033174,1.9272482659129082,0.9246235871202657,2.851871853033174,5.834799235856276,0.04370926772260919,2.1624181230346835,-0.022340183055427947,70.62743003831844
717,2023-04-04,400.6451311852712,400.937150224222,396.3819086701285,397.7738037109375,66601500.0,-0.005548268086002728,0.011484021189092499,390.03383178710936,389.8018780517578,379.5699752807617,4.555241554093527,0.9440777144563981,3.611163839637129,4.555241554093527,5.604709752165165,0.024466786900723347,2.6332923537373176,0.5087863243031212,70.8541466679031
718,2023-04-05,397.0340625400612,397.80300740342744,395.05818880551254,396.7323303222656,65200200.0,-0.0026182553475259107,0.010915877571552386,391.5415313720703,389.9755517578125,379.7952119445801,2.7448185979149002,0.029203692489943478,2.7156149054249568,2.7448185979149002,5.095704246446323,0.039504218827287385,2.889121382641747,0.9848533359708465,64.66683037884735
719,2023-04-06,395.92447847594616,398.5622444497438,394.8635441807036,398.2799682617187,63743300.0,0.003900962490745119,0.010930114711775688,393.10082092285154,390.1772686767578,379.98392044067384,3.6987002690401596,1.8299141274781618,1.8687861415619977,3.6987002690401596,4.938996730757026,0.0407458119648576,3.1800910684617634,1.4239008824690298,73.25583073383656
720,2023-04-10,395.76870848447066,398.7666043298066,395.1457879905192,398.688720703125,63681000.0,0.0010262942502237138,0.00993848484774847,394.4498596191406,390.30183349609376,380.1779409790039,3.620816339287444,0.48663606808793247,3.1341802711995115,3.620816339287444,4.907013464716296,0.035021924502892876,3.404425449333644,1.8200057958419527,70.90906987907213
721,2023-04-11,399.32141740598786,400.2168711936547,398.0171488342814,398.7958068847656,59297900.0,0.0002685959649215697,0.009184692079176418,395.7375854492187,390.41050537109373,380.3548580932617,2.199722359373311,1.528150490529697,0.6715718688436141,2.199722359373311,4.669936228892611,0.0333678138768676,3.5499316203546982,2.165990960744502,66.43358909902412
722,2023-04-12,400.8884746417839,401.1804936873702,396.5765970407877,397.1703186035156,86420400.0,-0.0040759914050944035,0.0092675019987277,396.9493896484375,390.5853741455078,380.4658763122559,4.603896646582484,2.3846868026045627,2.2192098439779215,4.603896646582484,4.274346016005849,0.031471160484578764,3.4938085396548786,2.4315544765265775,78.71019696382729
723,2023-04-13,398.2702053766501,402.8059613979246,397.1119314502093,402.4458312988281,85814800.0,0.013282746590585148,0.009054239953384504,398.1290771484375,390.75153198242185,380.6104331970215,5.694029947715308,5.635642794408966,0.05838715330634159,5.694029947715308,4.059516826646103,0.030198148004204395,3.8308606026681673,2.7114157017548957,81.60009605144609
724,2023-04-14,401.80341206988373,404.0226201667192,399.12673420421424,401.4627380371094,78161500.0,-0.0024427964840534333,0.008900642964885273,398.9817199707031,390.8142517089844,380.7882369995117,4.895885962504963,1.5767888678910822,3.3190970946138805,4.895885962504963,3.9614875260321907,0.021699262729582003,3.972852806627941,2.963703122729505,77.34837475471481
725,2023-04-17,401.37514293257703,402.922745849714,400.1292722361705,402.9032897949219,66436400.0,0.003588257691998553,0.008256248863887022,399.4245880126953,390.7898138427734,380.9747331237793,2.7934736135434832,1.4600078126046014,1.3334658009388818,2.7934736135434832,3.927419268799651,0.011114084349987063,4.153741393753762,3.2017107769343567,77.88412593438747
726,2023-04-18,404.49957476577754,404.63585627014226,401.774241717507,403.1661071777344,63560000.0,0.0006523088529415411,0.007624466724117104,399.7418914794922,390.8565405273437,381.17739471435544,2.861614552635274,1.7325664752203807,1.1290480774148932,2.861614552635274,3.9371524548381154,0.007932724054592999,4.269092626241957,3.4151871467958768,80.33890611997882
727,2023-04-19,401.2291101889769,404.01284065902394,401.1707123262414,403.0979309082031,55227300.0,-0.00016910218472609984,0.0074914229378245465,400.27430419921876,390.9707745361328,381.3605383300781,2.842128332782522,0.8467334812895615,1.9953948514929607,2.842128332782522,3.7230177623172716,0.013384811034802713,4.305378332459611,3.593225383928624,75.58992683000271
728,2023-04-20,400.2460747316484,402.6697051216665,399.3311351746603,400.8982238769531,75840400.0,-0.005457004024540413,0.007259019400502733,400.6908935546875,390.9370690917969,381.52922302246094,3.3385699470061923,0.4282257865366432,3.7667957335428355,3.7667957335428355,3.7835019669971763,0.010500514418130491,4.1092679592545664,3.6964338989938126,66.42557820936418
729,2023-04-21,401.1999434000945,401.676869218609,399.23381255472265,401.2096862792969,73457400.0,0.0007769114049238635,0.005888625595261558,400.98386535644534,390.99763549804686,381.6932649230957,2.4430566638863525,0.7786453416558743,1.6644113222304782,2.4430566638863525,3.5408608875668386,0.007355926109879007,3.9336369700728255,3.743874513209615,57.19397723241018
730,2023-04-24,401.00528464032885,402.0565057155857,399.65236103720025,401.6282348632813,64332100.0,0.0010432165480995792,0.005895469475334264,401.27781677246094,391.1356121826172,381.8318118286133,2.4041446783854212,0.8468194362887971,1.5573252420966242,2.4041446783854212,3.508880375091999,0.007372955409855164,3.7845950625123805,3.7520186230701684,54.56505032707929
731,2023-04-25,399.63288728844816,400.1974396579536,395.1944707801746,395.25286865234375,97766700.0,-0.015873799841557013,0.0070148382584338045,400.92352294921875,391.1276574707031,381.9400193786621,5.00296887777904,1.4307952053276836,6.433764083106723,6.433764083106723,3.6430605557357985,-0.008884090984049964,3.1161188267989814,3.624838663815931,44.28765448490283
732,2023-04-26,395.8757658951748,396.9658989682589,393.0141517263801,393.57867431640625,80447000.0,-0.004235755053836443,0.007113746403480178,400.5643585205078,390.9933288574219,382.0611959838867,3.95174724187882,1.713030315915148,2.238716925963672,3.95174724187882,3.7292697445903644,-0.009043083329433821,2.4233185945065543,3.384534649954056,43.05312988635099
733,2023-04-27,396.1483038402598,401.6865957714885,395.8952266224853,401.4140625,92968400.0,0.01990806081453167,0.008177648469584674,400.461181640625,391.01939208984373,382.2378909301758,5.791369149003174,8.107921455082248,2.3165523060790747,8.107921455082248,4.044214115021942,-0.0025637457729360547,2.477955434626722,3.2032188068885894,55.40619360761752
734,2023-04-28,400.518589610738,404.8499528400004,400.4601917441596,404.8402099609375,89335600.0,0.008535195402969986,0.007815160404754433,400.79892883300784,391.08799133300784,382.4413291931152,4.389761095840811,3.4358903400004124,0.9538707558403985,4.389761095840811,4.09913874049004,0.008412915082335548,2.765834175939517,3.115741880698775,59.61063877668559
735,2023-05-01,404.3924851893981,406.4851546297592,404.1978058305228,404.4314270019531,62122300.0,-0.001009739025241152,0.007777447135083697,400.9517425537109,391.2589538574219,382.6471450805664,2.2873487992364403,1.6449446688217222,0.6424041304147181,2.2873487992364403,4.105397771908835,0.003792813922688598,2.927251253733573,3.078043755305735,58.72245597395749
736,2023-05-02,403.71116487366527,403.7598495686788,396.9464873945353,399.8859558105469,103998500.0,-0.011239164139893343,0.007674451033511536,400.6237274169922,391.35878784179687,382.7955326843262,6.813362174143492,0.6715774332743081,7.4849396074178,7.4849396074178,4.311186554825643,-0.008135979956622297,2.6577569460955033,2.9939863934636888,53.85467745568589
737,2023-05-03,400.3920873840193,402.83517393886245,396.89780943133866,397.1411437988281,91531800.0,-0.0068639870238882406,0.007775933270678832,400.0280487060547,391.5621636962891,382.94547973632814,5.937364507523796,2.9492181283155787,2.9881463792082172,5.937364507523796,4.328567594811964,-0.01477751844558961,2.1973674910727823,2.8346626129855075,41.88749726975904
738,2023-05-04,396.08018147546466,396.4111126273495,392.97523278984136,394.32818603515625,94901900.0,-0.007083017732095742,0.007834599154203929,399.371044921875,391.7199462890625,383.0317616271973,3.435879837508139,0.730031171478629,4.165911008986768,4.165911008986768,4.2764265267035215,-0.016388293712704005,1.5872267860062266,2.5851754475896516,39.667372347619356
739,2023-05-05,398.00741837809966,402.6891691143394,397.74462796123623,401.6282348632813,87844000.0,0.018512622446609006,0.008827488740618963,399.41289978027345,391.9826171875,383.1425277709961,4.94454115310316,8.360983079183143,3.416441926079983,8.360983079183143,4.674105774249211,0.0010432165480995792,1.6734483419896833,2.4028300264696583,48.42133183808051
740,2023-05-08,401.9591993693457,402.2219898080054,400.3142565738112,401.7353210449219,50046800.0,0.00026663011298744266,0.008795541268069404,399.4236083984375,392.3304315185547,383.2345080566406,1.907733234194211,0.5937549447240826,1.3139782894701284,1.907733234194211,4.605971394360564,0.00026663011298744266,1.730472694164689,2.2683585600086644,48.22166051179036
741,2023-05-09,400.1682816913522,401.10267744562583,399.7400107823298,399.9736022949219,49220100.0,-0.004385272236998583,0.008856815945239823,399.8956817626953,392.6168310546875,383.33546325683596,1.362666663296011,0.6326435992960455,1.9953102625920565,1.9953102625920565,4.545484389346959,0.011943578445550385,1.6148934379580169,2.137665535598535,46.273613406227035
742,2023-05-10,402.8448825119293,403.4872887518615,397.9684526974755,401.84234619140625,96142900.0,0.004672168077498373,0.008910724676773257,400.7220489501953,392.96911254882815,383.4434550476074,5.518836054385986,3.513686456939638,2.005149597446348,5.518836054385986,4.670630126550042,0.02099623890789526,1.6550101328095366,2.0411344550407353,51.135015353910376
743,2023-05-11,400.9663469272877,401.4335298607705,399.0391282149725,401.14154052734375,70157100.0,-0.001743981615438539,0.008866574663986986,400.6947967529297,393.33685485839845,383.57043609619143,2.394401645797984,0.40881633063577283,2.803217976433757,2.803217976433757,4.696355934589142,-0.0006789048967517086,1.6116753520664702,1.9552426344458824,49.9188355942812
744,2023-05-12,402.3971910059802,402.61132643811567,398.16316705924265,400.615966796875,70439400.0,-0.001310195223805155,0.008373727857197524,400.2723724365234,393.6345501708984,383.6460057067871,4.448159378873015,1.4697859107719182,2.978373468101097,4.448159378873015,4.84235698462397,-0.010434346836422415,1.5174308205401417,1.8676802716647345,48.79741282421266
745,2023-05-15,401.2291630110443,402.406893003121,399.2922309995601,401.99810791015625,54289400.0,0.0034500400079711113,0.008392954589674559,400.02904052734374,393.8361627197266,383.70431030273437,3.114662003560909,1.790926206246013,1.323735797314896,3.114662003560909,4.605278264656412,-0.006016641955436164,1.5365561245856725,1.8014554422489222,59.09212072148562
746,2023-05-16,400.8787350116399,401.81316032040905,399.3019331459554,399.3116760253906,57705500.0,-0.006682697833408802,0.008478157682428916,399.97161254882815,393.9786169433594,383.72072967529294,2.5112271744536656,0.18494758974719616,2.6961747642008618,2.6961747642008618,4.515594516250843,-0.0014361089125828341,1.3197274674367918,1.7051098472864963,57.52241801417679
747,2023-05-17,401.355688524903,404.77208264872,399.6912898643818,404.1589050292969,87287000.0,0.012138961355084632,0.008908533962978317,400.673388671875,394.3382507324219,383.76724884033206,5.0807927843382,5.460406623329391,0.3796138389911903,5.460406623329391,4.326486313982782,0.017670698037833166,1.521481374911673,1.6683841528115317,53.908033491346906
748,2023-05-18,403.8376785465029,408.4805169231216,403.6138299565358,408.05224609375,97177200.0,0.009633193815612895,0.009144396563397814,402.04579467773436,394.76314514160157,383.846259765625,4.866686966585803,4.321611893824752,0.5450750727610512,4.866686966585803,4.360552447607424,0.03480364971265382,1.972791770525987,1.729265676354423,54.513170059019565
749,2023-05-19,408.9671868803819,409.5025105667965,406.222368293831,407.45849609375,103679700.0,-0.0014550832783888357,0.009052626090486912,402.6288208007812,395.31889587402344,383.89158950805665,3.28014227296552,1.4502644730465022,1.8298777999190179,3.28014227296552,4.431466267159501,0.014516562144724077,2.2565359064571453,1.8347197223749676,54.23128276662274
750,2023-05-22,407.4779982453808,409.1813387574631,406.2223846365249,407.6239929199219,60745400.0,0.0004061685490877043,0.009053059667445221,403.2176879882812,395.9875244140625,383.93909255981447,2.9589541209381878,1.7228426637130951,1.2361114572250926,2.9589541209381878,4.108181589553815,0.014658088464025054,2.46632908277644,1.9610415944552622,62.3255868215969
751,2023-05-23,405.95958598697865,407.5558737234484,402.65024447213256,403.04931640625,86383500.0,-0.011222785196970952,0.009424291652220048,403.52525939941404,396.57532592773435,383.9670866394043,4.905629251315872,0.06811919647344666,4.973748447789319,4.973748447789319,4.039351871001352,0.007689792760523728,2.2376591818473344,2.0163651119336765,58.89249306189041
752,2023-05-24,401.4237972345893,401.8131262282598,398.95151208373903,400.1292419433594,89213700.0,-0.0072449557511402585,0.008859123622126309,403.35394897460935,396.9811944580078,383.9827876281738,2.861614144520786,1.2361901779901814,4.097804322510967,4.097804322510967,4.0344871076816515,-0.004263125238749388,1.800061049528722,1.9731042994526857,58.703206683130915
753,2023-05-25,403.681957155999,405.06410937954433,401.41409400851745,403.5943603515625,90961600.0,0.008659997933101904,0.008952075559037076,403.59923095703124,397.5038775634766,384.0236962890625,3.650015371026882,4.934867436184959,1.284852065158077,4.934867436184959,3.78976456175321,0.006114599402979426,1.7131196958077908,1.921107378723707,53.333298841059516
754,2023-05-26,404.25618200025934,409.5511394753617,404.17832808322765,408.8211364746094,93830000.0,0.01295056778913839,0.008333859032078375,404.4197479248047,397.99864379882814,384.04921295166014,5.372811392134054,5.956779123799208,0.5839677316651546,5.956779123799208,4.078982125296425,0.020481384562225147,2.042431320847129,1.9453721671483915,60.236103837017986
755,2023-05-30,410.7775476571832,411.31287130121456,407.5752595597417,408.9768676757813,72216000.0,0.00038092746993179105,0.008148425666002337,405.1176239013672,398.5863446044922,384.0755082702637,3.737611741472847,2.4917348266051818,1.2458769148676652,3.737611741472847,4.203432230930766,0.017360180628473998,2.2895864354775313,2.0142150208142193,63.638876894641676
756,2023-05-31,407.127603919282,408.04254353572287,405.1225310672273,406.7090759277344,110811800.0,-0.005545036717931828,0.00825034305683744,405.85736389160155,399.0556890869141,384.0562919616699,2.9200124684955426,0.9343241400584361,3.8543366085539787,3.8543366085539787,4.0845394133713375,0.01852537841110702,2.276227865210103,2.0666175896933963,57.284446649181014
757,2023-06-01,406.9425917803537,411.64382761498473,405.6772651607568,410.5731506347656,88865000.0,0.009500832255137093,0.008038633843489148,406.49878845214846,399.5016723632813,384.04793716430663,5.966562454227926,4.934751687250355,1.0318107669775713,5.966562454227926,4.310492590356636,0.015870603185160093,2.5480671059864335,2.162907492952004,62.89591551799386
758,2023-06-02,413.1817623316023,417.308703762245,412.6464385964793,416.5105895996094,91366700.0,0.01446134252973974,0.008300136290026463,407.34462280273436,400.1987774658203,384.0652317810059,4.662265165765689,6.735553127479363,2.0732879617136746,6.735553127479363,4.473877858114231,0.020728579702306238,3.205650621100858,2.371456118581775,68.9311523746313
759,2023-06-05,416.8609333270958,418.1652018562358,415.0018553605448,415.71240234375,65460200.0,-0.001916367256416418,0.008081711112069657,408.1700134277344,400.8592840576172,384.09319458007815,3.1633464956909734,1.6546122566264216,1.5087342390645517,3.1633464956909734,4.477355321837807,0.020257047844453036,3.620646692348714,2.621294233335163,66.56471070456504
760,2023-06-06,415.2938292713736,417.1528773320178,414.6319373476952,416.6175537109375,64022200.0,0.0021773499228898707,0.007207191756888762,409.0693695068359,401.48766845703125,384.1197233581543,2.520939984322581,1.4404749882677947,1.0804649960547863,2.520939984322581,4.464838551846502,0.022063374451028572,3.9767309405111746,2.8923815747703654,71.84267147575025
761,2023-06-07,417.01668496272606,418.1652159848775,414.7487921488518,415.1770629882813,85373300.0,-0.003457585283733966,0.007291388946605285,410.2821441650391,402.07283874511717,384.1666854858398,3.416423836025672,1.5476622739399772,1.8687615620856945,3.416423836025672,4.318839781324807,0.030089981767410512,4.09548451386803,3.1330021625898983,65.21504601476491
762,2023-06-08,415.2452070178747,418.1457632344052,414.4665489603408,417.6882934570313,61952800.0,0.006048577083413775,0.007218728864992707,412.0380493164063,402.7255590820312,384.26845138549805,3.6792142740644067,2.9687002461238876,0.7105140279405191,3.6792142740644067,4.234020303287565,0.04388344982833692,4.342178951881294,3.3748375204481778,63.8345639330587
763,2023-06-09,418.4961420085672,420.4720157510119,417.4352078024171,418.437744140625,85742800.0,0.0017942822323095964,0.007194544908937377,413.5223876953125,403.28133483886717,384.3787705993652,3.0368079485947987,2.7837222939805883,0.2530856546142104,3.0368079485947987,4.216639280118228,0.03677797622378254,4.545759788880559,3.609021974134654,65.69284991450606
764,2023-06-12,419.4305474903507,422.3116177537034,418.70054447165705,422.2337341308594,76104300.0,0.009071815445402587,0.007302937672749886,414.8636474609375,403.86728332519533,384.501725769043,3.611073282046334,3.8738736130783877,0.2628003310320537,3.8738736130783877,4.281990672413956,0.032807984860839134,4.956270930606593,3.878471765429042,68.91856432435166
765,2023-06-13,423.7132181007548,425.6696059560719,423.0416129596479,425.0174865722656,95899700.0,0.006592918131320014,0.00730210713785984,416.46770935058595,404.3981408691406,384.61053115844726,2.627992996423984,3.43587182521253,0.8078788287885459,3.43587182521253,4.1721423422298995,0.039221335396408374,5.443480470810641,4.191473506505362,79.83082468408092
766,2023-06-14,425.358169888184,427.3534995978581,422.0293430418738,425.5236206054687,100612100.0,0.0011908546099714812,0.007309384061093024,418.3491638183594,404.9087518310547,384.79011627197264,5.3241565559843025,2.3360130255924787,2.988143530391824,5.3241565559843025,4.259738930335138,0.04626044952357389,5.803538746031563,4.513886554410603,86.90258359727491
767,2023-06-15,424.6962888755832,432.0644600219507,424.5989789000315,430.7991333007813,110303100.0,0.012397696484642173,0.007265647214967714,420.37176208496095,405.5692584228516,385.00895980834963,7.465481121919197,6.540839416482015,0.9246417054371818,7.465481121919197,4.440497050744726,0.049262799174143224,6.440337111189365,4.899176665766356,87.55727673658686
768,2023-06-16,432.8097068830916,433.3861055747919,428.8530591628444,429.3317565917969,114121300.0,-0.0034061737723133367,0.007148023166377718,421.6538787841797,406.2212469482422,385.2417102050781,4.53304641194751,2.586972274010577,1.9460741379369324,4.53304641194751,4.338801857041034,0.030782331379647365,6.748803362249419,5.269102005062969,81.59532678822923
769,2023-06-20,427.3681054754282,428.2668855472349,425.00386607669554,427.1043090820313,76160400.0,-0.005188173191398415,0.007182179533590683,422.79306945800784,406.79773376464846,385.4778861999512,3.263019470539348,1.0648710445619827,4.3278905151013305,4.3278905151013305,4.380964626585926,0.02740333623450919,6.735881639511774,5.56245793195273,76.24880687241489
770,2023-06-21,426.1077772764031,426.9186350591158,424.31993678671154,424.9158935546875,76982300.0,-0.005123843241121473,0.0073188495388263166,423.62290344238284,407.3222772216797,385.6971603393555,2.598698272404249,0.1856740229155207,2.78437229531977,2.78437229531977,4.304538604212054,0.019918363424282548,6.474421140718221,5.744850573705828,76.42448836412052
771,2023-06-22,423.94877074517865,426.5572185867041,423.60683122872587,426.44976806640625,70637200.0,0.003609830874733655,0.0073168041822090244,424.7501739501953,407.8753564453125,385.9441941833496,2.9503873579782294,1.6413250320165957,1.3090623259616336,2.9503873579782294,4.089097525908504,0.027151560341480474,6.318150954384976,5.859510649841658,74.71418676836515
772,2023-06-23,422.9522234160524,425.0331379202763,422.50283341774065,423.2257690429687,92074500.0,-0.007560090929479735,0.007018992386364527,425.3039215087891,408.3964654541016,386.18222122192384,2.530304502535671,1.4166301461299327,3.9469346486656036,3.9469346486656036,3.889910491707521,0.013257435443320809,5.866530220152981,5.860914563903923,61.41764968986372
773,2023-06-26,422.6493793538192,424.5935061786807,421.2523437943885,421.49658203125,72823600.0,-0.004085731867482623,0.006834441493907008,425.60980529785155,408.77748046875,386.37786239624023,3.341162384292204,1.367737135711991,1.973425248580213,3.341162384292204,3.9026116266076087,0.007310138565313151,5.307900422083037,5.750311735539746,59.53289153378479
774,2023-06-27,422.3856167786235,426.74281861737984,421.9264476964196,426.1175842285156,72813700.0,0.010963320686958822,0.006955607653116817,425.99819030761716,409.2705773925781,386.5841122436523,4.816370920960253,5.2462365861298395,0.42986566516958646,5.2462365861298395,4.0972756695938415,0.00919834154334187,5.178365565575575,5.635922501546912,63.948535546480485
775,2023-06-28,425.0233763190897,427.3583082207874,424.3981419236851,426.33251953125,75636000.0,0.0005044037389903,0.006549027824128362,426.12969360351565,409.73916198730467,386.761541595459,2.960166297102319,1.2407239922717963,1.7194423048305225,2.960166297102319,4.06468584538503,0.0030940678925708287,5.035011265503499,5.51574025433823,66.99060534452326
776,2023-06-29,425.9124353626093,428.1789735516277,425.5021317852596,428.0128784179687,67882300.0,0.003941427898970229,0.006550572349252281,426.3786193847656,410.23609741210936,386.9263691711426,2.6768417663680566,1.8464540203776778,0.8303877459903788,2.6768417663680566,3.9930878091210054,0.005849869882565084,4.999363320336272,5.412464867537838,66.13345643075942
777,2023-06-30,431.2661003863023,434.0601714331237,430.94368922598466,433.0636901855469,104921500.0,0.011800606996329455,0.006619803783439822,426.6050750732422,410.8354125976563,387.2023393249512,3.116482207139029,6.047293015154992,2.9308108080159627,6.047293015154992,4.208122456732448,0.005256642155740954,5.3173749764326885,5.393446889316809,70.14659852249667
778,2023-07-03,432.71200640177057,433.84524556804314,432.42868170308367,433.56195068359375,32793400.0,0.0011505478509024059,0.006459596283821956,427.02809448242186,411.4886871337891,387.473591003418,1.4165638649594712,0.7815553824962649,0.6350084824632063,1.4165638649594712,4.032600331866811,0.009852972734599952,5.545679818216456,5.4238934750967385,67.16340894358032
779,2023-07-05,431.72529147444817,433.6596690923143,431.7155124041709,432.9171752929687,58418400.0,-0.0014871586162218398,0.005911795097858005,427.6093811035156,412.1228369140625,387.7631510925293,1.94415668814338,0.09771840872053872,1.8464382794228413,1.94415668814338,3.926049250647586,0.01360994512893332,5.609917428701294,5.4610982658176495,62.79836920998828
780,2023-07-06,429.29267096357466,429.9569918026386,426.9870465381491,429.5271301269531,80658300.0,-0.007830701481689739,0.006232760690586957,428.0705047607422,412.6808148193359,388.050065612793,2.9699452644894677,2.9601834903301096,5.930128754819577,5.930128754819577,3.96933297913582,0.010852116012158852,5.325884404541966,5.434055493562513,55.93182786227758
781,2023-07-07,428.5208914404252,432.438482440406,428.1984802602594,428.4427185058594,86076100.0,-0.0025246638571426727,0.00629424655028486,428.2697998046875,413.34461181640626,388.31712783813475,4.240002180146632,2.9113523134528805,1.3286498666937518,4.240002180146632,3.7389416261520654,0.004673353320109541,4.956151798694066,5.338474754588824,46.01349572256833
782,2023-07-10,428.08122905289855,429.70297449948697,427.5048304001015,429.5271301269531,62443500.0,0.002531053917488757,0.0062003840835686734,428.8999359130859,414.0635809326172,388.6111363220215,2.198144099385445,1.2602559936275952,0.9378881057578496,2.198144099385445,3.5721628895404893,0.014888888023603997,4.696500663616234,5.210079936394306,50.33486556209501
783,2023-07-11,430.29897893814285,432.7608898689312,429.31224682593734,432.26263427734375,64463800.0,0.006368641137015185,0.006212150885137451,429.97654113769534,414.68055236816406,388.9511569213867,3.448643042993865,3.2337597419780764,0.21488330101578867,3.448643042993865,3.5093594986756704,0.02554244258449412,4.6577657673486215,5.09961710258517,58.689903079931696
784,2023-07-12,436.10206772542455,437.16694292685935,434.65616653988315,435.7405700683594,91924500.0,0.008045885800030073,0.006367124936830444,430.9388397216797,415.2985595703125,389.3238655090332,2.510776386976204,4.904308649515599,2.393532262539395,4.904308649515599,3.6607835239753723,0.02258293531177813,4.851780133745933,5.050049708817323,67.47634283889874
785,2023-07-13,437.57716829241656,440.00002205334414,437.13755740575095,439.1989135742187,72425200.0,0.007936703037123127,0.006308192882104755,432.22547912597656,415.9939093017578,389.74412506103516,2.8624646475931854,4.259451984984764,1.3969873373915789,4.259451984984764,3.7542881401901247,0.03017924613659595,5.224374003798175,5.0849145678134935,69.37914590813358
786,2023-07-14,440.0977704910173,440.9574640329814,438.15361386962167,438.9254150390625,69761800.0,-0.0006227213381072572,0.006235693070437929,433.3167327880859,416.77469848632813,390.18058364868165,2.803850163359755,1.758550458762727,1.0452997045970278,2.803850163359755,3.672639248382564,0.025495813727449024,5.434937705407322,5.154919195332259,76.21546533386083
787,2023-07-17,438.7789425034936,441.51439920748754,438.7300769608467,440.4495239257813,52680200.0,0.003472364175091558,0.006248930226208795,434.05531616210936,417.6408660888672,390.62915115356446,2.7843222466408406,2.5889841684250428,0.19533807821579785,2.7843222466408406,3.632864952836038,0.0170548441432945,5.659553990162294,5.255846154298267,81.86610540315347
788,2023-07-18,440.11730077703953,444.3768012972551,439.6776600270388,443.7222595214844,80744400.0,0.007430444166525163,0.005906874232094982,435.07134704589845,418.6287475585938,391.0595761108398,4.699141270216273,3.9272773714737923,0.7718638987424811,4.699141270216273,3.593786715985069,0.023434503009018615,6.0321119930872555,5.411099322056065,81.00491460708955
789,2023-07-19,444.52339143853806,445.91064799435,443.6441098923527,444.7090148925781,65891700.0,0.00222381309460995,0.005803495653056611,436.2505310058594,419.4903631591797,391.5322882080078,2.2665381019972983,2.188388472865597,0.0781496291317012,2.2665381019972983,3.5442418449061392,0.027238096043728177,6.333975677482215,5.595674593141295,81.5076513820418
790,2023-07-20,443.7027014214693,444.6112604419824,441.0356093331961,441.758544921875,70591600.0,-0.006634607961378602,0.005897077776562086,437.4736724853516,420.29082763671875,392.01732192993165,3.575651108786303,0.09775445059574395,3.673405559382047,3.673405559382047,3.615424972978567,0.02847646618109234,6.262931379245799,5.729125950362196,72.58418087481135
791,2023-07-21,443.4975198509774,443.7027014214693,441.74879566678186,441.758544921875,71245400.0,0.0,0.005706845181346903,438.8052551269531,421.1265264892578,392.4568466186523,1.9539057546874687,1.9441564995943281,0.009749255093140619,1.9539057546874687,3.323040168659458,0.03107959556986506,6.135897454653161,5.8104802512203895,67.12849573099697
792,2023-07-24,442.9211679942824,444.5526925899651,441.8758211497412,443.7320556640625,54023400.0,0.004467396872960272,0.005722975927984037,440.2257476806641,421.9643206787109,392.85141510009765,2.676871440223863,2.7941476680900905,0.1172762278662276,2.7941476680900905,3.4214390117402167,0.03307107873002324,6.123875750093816,5.873159350995075,68.9341548167458
793,2023-07-25,443.4585236026188,446.2135084331469,443.4096580635545,444.9434814453125,55191200.0,0.002730083990522214,0.005296297759870107,441.49383239746095,422.8403594970703,393.256287689209,2.8038503695923964,2.481452769084399,0.3223976005079976,2.8038503695923964,3.4828457032722895,0.029335978089266357,6.141307231919484,5.926788927179957,71.92728260119631
794,2023-07-26,443.9958014202504,446.4577120825388,442.93092629914895,445.0118408203125,71052900.0,0.00015363608604390677,0.005114433686894628,442.42095947265625,423.72827697753905,393.6802749633789,3.526785783389869,1.5142306372263192,2.0125551461635496,3.526785783389869,3.3111783481701673,0.0212770427837341,6.0904311381142975,5.959517369366825,82.1239951022911
795,2023-07-27,448.44093347127927,448.8512668295463,441.14309372438333,442.0614318847656,92194400.0,-0.006629956025682948,0.00511708263630335,442.70721130371095,424.52954345703125,394.13974914550784,7.7081731051629845,3.8394260092338186,3.868747095929166,7.7081731051629845,3.5589048428141927,0.006517589689035486,5.745804071036844,5.916774709700829,76.22264373570647
796,2023-07-28,445.3733343206396,447.2295390407471,442.061449370216,446.3893737792969,80011800.0,0.009790363018277182,0.005396458690376592,443.4536071777344,425.4710974121094,394.63423126220704,5.168089670531117,5.168107155981488,1.7485450371168554e-05,5.168107155981488,3.7710450611424813,0.0170050730363156,5.755566787037992,5.884533125168262,78.86283334691493
797,2023-07-31,446.86804144792967,447.60075614241094,445.5393699652003,447.2392883300781,62040400.0,0.0019039757680285874,0.005381982293294338,444.13258361816406,426.332705078125,395.1439665222168,2.061386177210636,1.211382363114069,0.8500038140965671,2.061386177210636,3.671955285015108,0.015415533529878234,5.765424585254664,5.860711417185542,77.40426335075213
798,2023-08-01,445.7542910800192,446.7117156597197,444.9922690069472,445.95947265625,55291500.0,-0.002861590444360962,0.004999192354656649,444.35630493164064,427.090849609375,395.6529972839355,1.7194466527724899,0.5275726703584382,2.247019323130928,2.247019323130928,3.48214890455906,0.0050419222537501085,5.605351529133259,5.809639439575086,70.33427215677996
799,2023-08-02,442.8039479696757,443.06771454697815,438.9938372263311,439.755859375,93933400.0,-0.013910710864150189,0.006015390289429027,443.8609893798828,427.736796875,396.08559707641604,4.073877320647057,2.891758109271848,6.965635429918905,6.965635429918905,3.6754477220543555,-0.011137969664893332,4.921184382623494,5.631948428184768,50.99909342536318
800,2023-08-03,437.7140244875459,440.4006452008389,437.05945286822384,438.4955749511719,64276100.0,-0.0028658729541871653,0.006047810664024626,443.5346923828125,428.354228515625,396.55214447021484,3.3411923326150372,0.6447858258388806,2.6964065067761567,3.3411923326150372,3.7138293055725904,-0.0073863199890794595,4.2285386085839605,5.351266464264607,49.25528438777874
801,2023-08-04,440.33224935749195,442.46199970340473,435.9847966607325,436.5123596191406,100052300.0,-0.004522771597528896,0.00585655437901873,443.01007385253905,429.0234893798828,396.96442459106447,6.477203042672215,3.9664247522328537,2.5107782904393616,6.477203042672215,3.977606505289117,-0.011875684948351561,3.4794737322532114,4.976907917862328,43.285517852997735
802,2023-08-07,438.3685732437601,440.47879530609856,437.6651658896473,440.3224792480469,58357500.0,0.008728549249397144,0.006050224137937571,442.6691162109375,429.82735412597657,397.37495513916014,2.813629416451249,3.9664356869579365,1.1528062705066873,3.9664356869579365,3.9252703921992356,-0.007683863206396135,3.156888586069215,4.612904051503706,44.30633864722647
803,2023-08-08,437.75311265971953,440.3127547130072,435.007876954705,438.4076843261719,71361300.0,-0.00434861950528842,0.006166549483668259,442.0155364990234,430.52362060546875,397.78860427856443,5.3048777583022115,0.009724535039651983,5.3146022933418635,5.3146022933418635,4.142989263009562,-0.01468905016410249,2.715427824367282,4.2334088060764214,39.765208788114904
804,2023-08-09,438.6812113387593,438.8473064696528,434.7050054104256,435.476806640625,78789600.0,-0.006685279000188116,0.006254890403737813,441.06203308105466,431.0567340087891,398.202511138916,4.142301059227179,0.43962214348090356,3.702678915746276,4.142301059227179,4.176481798712786,-0.021426472972294608,2.1048067532539108,3.8076883955119194,39.790533328571826
805,2023-08-10,437.8605386591447,441.2896530041849,434.45098245393154,435.6330871582031,93005500.0,0.00035887219524655123,0.006003177991268994,440.41919860839846,431.5898583984375,398.57434448242185,6.838670550253369,5.812846363559913,1.0258241866934554,6.838670550253369,4.525393569824636,-0.014541745248289883,1.6148803513250414,3.369126786674544,40.09484753825731
806,2023-08-11,433.7378155053105,436.4049078724968,433.13210942829295,435.3790893554687,68664600.0,-0.0005830544332419141,0.005721659230342448,439.31817016601565,432.1632586669922,398.9228047180176,3.272798444203829,0.7718207142936535,2.5009777299101756,3.272798444203829,4.5595829109756165,-0.02466520278162332,1.1923697518598146,2.933775379711598,35.697489705913014
807,2023-08-14,434.4509957738728,437.7823791503906,434.1383636694306,437.7823791503906,47867400.0,0.005519993618618102,0.005864942138459829,438.3724792480469,432.7074432373047,399.2540838623047,3.644015480960036,2.403289794921932,1.240725686038104,3.644015480960036,4.619594704644734,-0.02114507697880952,1.0394700948724562,2.5549143227437696,38.21912512614033
808,2023-08-15,435.9847846856202,436.3462823230885,432.1062802600025,432.6827087402344,75707500.0,-0.011648870884326645,0.0063144385472203865,437.0448028564453,433.0308856201172,399.57386016845703,4.240002063085967,1.4360968273021513,5.676098890388118,5.676098890388118,4.773117069430323,-0.02977123422658967,0.5010197885038679,2.1441354158957893,32.59788022030001
809,2023-08-16,432.26258347060406,433.9429436965957,429.4001185516448,429.5075988769531,80107200.0,-0.007338194476330329,0.006169450680183956,436.0199768066406,433.3067895507813,399.88760604858396,4.542825144950882,1.2602349563613302,3.282590188589552,4.542825144950882,4.54702078655803,-0.023304431946881032,-0.17983773165923367,1.6793407863847847,32.39241052472988
810,2023-08-17,430.9925582456794,431.25632480369626,425.7072393158226,426.23480224609375,95711300.0,-0.007619880624735953,0.006243405904490246,434.7938995361328,433.4991345214844,400.1413606262207,5.54908548787364,1.748725926743134,3.800359561130506,5.54908548787364,4.574233524550327,-0.02796099528813578,-0.9723014717797014,1.1490123347518875,20.869660338276816
811,2023-08-18,423.3821043537296,427.4853187584173,423.03041559493624,426.4399719238281,98758400.0,0.00048135364980339546,0.006171977977436539,433.7866607666016,433.7243927001953,400.4097027587891,4.454903163481049,1.2505165123235429,3.204386651157506,4.454903163481049,4.745199023569642,-0.02307469072376489,-1.5657304508949892,0.6060637776225122,19.366852384214297
812,2023-08-21,427.4657843108768,429.9667816706024,425.28719814548714,429.2145385742187,68719000.0,0.006506347512109212,0.00641793108743493,432.6758666992188,433.95491760253907,400.7000733947754,4.679583525115277,3.5268097467742905,1.1527737783409862,4.679583525115277,4.9189536094256665,-0.025226830782742682,-1.7914916510151215,0.12655269189498544,26.378181229561648
813,2023-08-22,431.0120765171459,431.0120765171459,427.4852908323814,428.0519104003906,65062900.0,-0.002708734372535826,0.006282245025372333,431.6402893066406,434.1472009277344,401.0312019348145,3.5267856847644907,1.7975379429271925,1.7292477418372982,3.5267856847644907,4.6733214847717806,-0.023621333056006888,-2.0406994923147295,-0.30689774494695754,30.751857736948665
814,2023-08-23,429.12657710260663,433.444722197635,428.9800401250662,432.8194580078125,68441000.0,0.011137779067408982,0.006822862294980888,431.3745544433594,434.3589154052734,401.404796295166,4.464682072568792,5.392811797244349,0.9281297246755571,5.392811797244349,4.819865732245303,-0.006102158811423175,-1.832374778298572,-0.6119931516172805,41.630630914400655
815,2023-08-24,434.44120488622656,434.9589887513952,426.7916466768767,426.8209838867187,88517300.0,-0.013859067586063922,0.0073399789160811385,430.49334411621095,434.3949853515625,401.72262771606444,8.167342074518501,2.139530743582725,6.027811330935776,8.167342074518501,4.940589948805751,-0.020228268998043863,-2.1267864020107936,-0.9149518016959832,37.22308098978298
816,2023-08-25,428.56976978679927,431.12938208497275,424.97458960942953,429.8300476074219,102325100.0,0.007049943264977321,0.0075098566983252905,429.9384399414063,434.4811138916016,402.03813064575195,6.154792475543218,4.308398198254054,1.8463942772891642,6.154792475543218,5.0969011479904145,-0.012745310658492048,-2.0931746263217406,-1.1505963666211347,35.86850014139067
817,2023-08-28,432.0476599686097,433.18092896018993,429.82998752114145,432.5556945800781,61595400.0,0.006341220181855789,0.00728946809637541,429.415771484375,434.5162451171875,402.3573684692383,3.3509414390484835,3.350881352768056,6.0086280427640304e-05,3.3509414390484835,4.95663965839803,-0.011939001703211494,-1.8255562444010138,-1.2855883421771106,42.28684421804938
818,2023-08-29,432.4482236833527,439.09152172911735,432.26260023499714,438.8081970214844,83081900.0,0.014454791648220278,0.008054521598875172,430.0283203125,434.7057739257813,402.745849609375,6.828921494120209,6.535827149039221,0.29309434508098775,6.828921494120209,5.148541118033246,0.014156998090088857,-1.0963045396569555,-1.2477315816730796,54.03738883246627
819,2023-08-30,439.1501101921964,441.26033204626697,438.4369238378933,440.6155395507813,69053900.0,0.00411875288922281,0.008112263378968624,431.1391143798828,434.97599853515624,403.04414428710936,2.823408208373678,2.452135024782592,0.37127318359108585,2.823408208373678,4.86173666504184,0.02586203527684372,-0.36828451748158386,-1.0718421688347806,55.805997568995274
820,2023-08-31,441.2408216669476,442.39361906506304,439.78517122041615,439.9707946777344,66084600.0,-0.0014632821931434004,0.00751976804040564,432.51271362304686,435.2770965576172,403.3207797241211,2.6084478446468893,1.7780795142817283,0.830368330365161,2.6084478446468893,4.814283050787773,0.03222635120186634,0.1548658748911862,-0.8265005600895873,55.302377278939325
821,2023-09-01,442.7258206162601,443.2142971344519,439.3162342455974,440.79144287109375,58875700.0,0.0018652333365911655,0.007498877644857253,433.94786071777344,435.5639300537109,403.6178788757324,3.898062888854497,3.243502456717522,0.6545604321369751,3.898062888854497,4.832429294208806,0.03365414100962627,0.6284414983014699,-0.5355121484113758,53.60661386286373
822,2023-09-05,440.34200215187354,440.6643834985176,438.8179579756271,438.8863220214844,55166200.0,-0.004322045902707128,0.007492581084101935,434.9150390625,435.87714111328125,403.88918869018556,1.846425522890513,0.12705937257612732,1.9734848954666404,1.9734848954666404,4.567956866000129,0.022533680893927377,0.8403393520210329,-0.2603418483248941,58.05217275570637
823,2023-09-06,438.06569386474473,438.1731741919241,433.5814834321753,435.9359436035156,70758500.0,-0.00672242052196903,0.0073797656474472095,435.7034423828125,436.1659283447266,404.16041748046877,4.591690759748815,0.7131478295602847,5.3048385893090995,5.3048385893090995,4.6223863977400015,0.018418404430786017,0.7614218496325975,-0.055989108733395784,58.39283323664597
824,2023-09-07,432.89758534190344,435.2813528037787,432.54589660862825,434.5975036621094,70355400.0,-0.00307026745797212,0.007351222399718438,435.88124694824216,436.3355267333984,404.4307936096191,2.735456195150448,0.6545907997369227,3.3900469948873706,3.3900469948873706,4.468169362526696,0.004108053881128448,0.5841445877672982,0.07203763056674302,61.4991452087629
825,2023-09-08,434.6463996010616,436.8054574618768,434.2849317481469,435.2521057128906,61659700.0,0.0015062259798210853,0.007216567009662037,436.7243591308594,436.51391845703125,404.69580444335935,2.52052571372991,2.207953799767438,0.3125719139624721,2.52052571372991,4.32999954468733,0.0197532973880441,0.4908141947697118,0.15579294340733676,61.969200312374056
826,2023-09-11,437.9093814022325,438.4271652739135,436.1801854113515,438.1145629882813,60180100.0,0.006576550090900302,0.007358176745534639,437.5528106689453,436.7159521484375,404.98207702636716,2.246979862562,3.175059561022863,0.9280796984608628,3.175059561022863,4.222533547252157,0.01927393263215027,0.6404429379535941,0.2527229423165882,62.05978533254607
827,2023-09-12,436.64916957031585,438.1927422425825,435.1251252255622,435.7112731933594,67565400.0,-0.005485528210999457,0.007464472920248966,437.8683685302734,436.76890380859373,405.2307070922852,3.067617017020268,0.07817925430117612,2.989437762719092,3.067617017020268,4.189735785270427,0.007295196093406231,0.55865951449465,0.3139102567522006,60.041047224311384
828,2023-09-13,435.9359135991734,437.391563844118,434.8221730095013,436.21923828125,60199300.0,0.0011658295737169144,0.007365122164543187,437.60947265625,436.8220495605469,405.4697151184082,2.5693908346167404,1.68029065075865,0.8891001838580905,2.5693908346167404,3.988062859368455,-0.005899978071985834,0.5287391240437955,0.35687603021051956,55.01728514270371
829,2023-09-14,438.72028190714184,440.6839371233629,437.40138942122456,439.98052978515625,83430800.0,0.00862247964745011,0.007105777352262283,437.5459716796875,436.96331665039065,405.7279641723633,3.282547702138345,4.4646988421129095,1.1821511399745646,4.4646988421129095,3.7235883427680556,-0.0014411878579508874,0.7993177515059529,0.44536437446960625,70.79344658181058
830,2023-09-15,438.3756585887244,438.70899068528865,434.23837327815903,434.6795349121094,111761400.0,-0.012048248761451719,0.007442541161323122,437.016845703125,437.06636474609377,405.99069122314455,4.470617407129623,1.2715390998675957,5.742156506997219,5.742156506997219,3.69411434501477,-0.012026388636774632,0.5793291335594404,0.4721573262875731,57.14516958694091
831,2023-09-18,434.3657390660936,436.24811819832,433.8853531589645,434.9343872070313,55752200.0,0.0005862992721141769,0.007201084724871833,436.43114013671874,437.1961981201172,406.25797393798825,2.3627650393555086,1.5685832862106395,0.7941817531448692,2.3627650393555086,3.6235303164652715,-0.013287589309612158,0.4207014349505016,0.46186614802015885,53.779946907616015
832,2023-09-19,434.0030599273403,434.60111892750206,431.31677600765863,434.032470703125,66514600.0,-0.002073684055422853,0.0072315806599758,435.9457550048828,437.28630493164064,406.4606634521484,3.284342919843425,0.33326827952924987,3.617611199372675,3.617611199372675,3.3941510096975906,-0.01105947274912289,0.21967840085756052,0.4134285985876392,40.856019305718796
833,2023-09-20,435.30700511860454,435.7285695423798,429.8363614969153,430.0422668457031,82562600.0,-0.00919333028461633,0.007428132143692908,435.35638732910155,437.2418975830078,406.644849395752,5.892208045464486,1.6960988392547733,4.196109206209712,5.892208045464486,3.6133509980612195,-0.013519593518934059,-0.25862859625584633,0.2790171596189421,31.31726329843748
834,2023-09-21,427.159874162922,427.4245711330259,422.77748925255304,422.9343566894531,103976100.0,-0.01652839896037539,0.008257001064503132,434.19007263183596,436.9857733154297,406.79576416015624,4.647081880472854,2.6176957126772322,7.264777593150086,7.264777593150086,3.945945980097162,-0.02683666352056202,-1.1974359871281308,-0.01627346973047251,25.49424153086271
835,2023-09-22,423.9735154511328,425.59116764911784,421.5617126198386,421.9833068847656,100829700.0,-0.0022486936557528647,0.007815291836475405,432.8631927490234,436.64146118164064,406.97725006103514,4.029455029279234,2.6568109596647105,1.3726440696145232,4.029455029279234,3.9553311329846434,-0.030485317943246493,-1.9951900699560383,-0.4120567897755857,23.04688832501978
836,2023-09-25,420.7578549675111,423.797067953463,420.3166634466325,423.75787353515625,70874500.0,0.004205300592317496,0.007328673976851085,431.4275238037109,436.3381103515625,407.1954069519043,3.480404506830496,1.8137610686973744,1.6666434381331214,3.480404506830496,4.062968248082062,-0.032769258696175974,-2.4559129938504043,-0.8208280305905494,28.23865926025441
837,2023-09-26,420.67945192658254,421.39515405026265,416.6892203548792,417.5323791503906,96168400.0,-0.014691159205680537,0.007758906160810593,429.60963439941406,435.8797674560547,407.38566955566404,4.7059336953834645,2.362719484893603,7.068653180277067,7.068653180277067,4.188955004579774,-0.04172234036942479,-3.285511269830465,-1.3137646784385326,25.807088319966255
838,2023-09-27,418.7186285208834,419.2872767272579,414.0127250278903,417.6990051269531,104705800.0,0.0003990731854175422,0.0075703524578960004,427.7576110839844,435.35930236816404,407.56190139770507,5.274551699367578,1.754897576867279,3.519654122500299,5.274551699367578,4.323562483471217,-0.04245625027284117,-3.884747604506913,-1.8279612636522087,27.0794596393513
839,2023-09-28,417.14021378994175,421.8167066581407,416.5421547895231,420.12060546875,92258300.0,0.005797476920158973,0.006851957892311367,425.77161865234376,434.8675341796875,407.7645262145996,5.27455186861755,4.117701531187549,1.1568503374300008,5.27455186861755,4.520278637391763,-0.04513818901510003,-4.116788037691208,-2.2857266184600085,30.41494349579537
840,2023-09-29,423.208826125155,423.3852907547539,417.5617186227765,419.1009521484375,115078500.0,-0.002427049059340547,0.006704713314944427,424.21376037597656,434.41438232421876,407.9346890258789,5.823572131977414,3.264685286003896,2.558886845973518,5.823572131977414,4.709458106745659,-0.03583923675362777,-4.333011000493684,-2.6951834948667437,24.157451574101003
841,2023-10-02,418.2578484168517,420.1990493555368,416.1401828253966,418.934326171875,83798600.0,-0.0003975795705266627,0.0067158598492608815,422.61375427246094,433.95789794921876,408.08944427490235,4.058866530140165,1.098097207099272,2.9607693230408927,4.058866530140165,4.780261643397081,-0.03678729828170657,-4.466329513634548,-3.0494126986203045,25.72129886349893
842,2023-10-03,416.7284017851677,418.9931211100854,411.9440498179188,413.326416015625,103760600.0,-0.013386131920708921,0.007057850466704742,420.54314880371095,433.34978515625,408.228563079834,7.049071292166559,0.05879493821038295,6.990276353956176,7.049071292166559,5.1002388189363534,-0.04770623417634301,-4.96723765447274,-3.4329776897907918,21.131878264323092
843,2023-10-04,413.7970735205657,417.0912002801592,412.31666124023246,416.3363037109375,87453000.0,0.007282108228956474,0.007398105920298701,419.17255249023435,432.7776416015625,408.4298812866211,4.774539039926765,3.764784264534228,1.0097547753925369,4.774539039926765,5.122370261637343,-0.031871200092253416,-5.062975354312812,-3.758977222695196,19.60841076623275
844,2023-10-05,416.0421121006544,417.0323246811002,412.9146667652235,416.1793823242187,70142700.0,-0.0003769101693033017,0.007345671463069343,418.49705505371094,432.2009924316406,408.65261489868163,4.117657915876691,0.6960209701626923,3.421636945713999,4.117657915876691,5.006334647985876,-0.0159716851052476,-5.092803744247021,-4.025742527005561,22.596603715245905
845,2023-10-06,413.69897767073206,422.6794363277748,412.3558357939285,421.12060546875,113202700.0,0.011872820601867007,0.007953747110267301,418.41078491210936,431.7821759033203,408.91581130981444,10.323600533846275,6.500054003556102,3.823546530290173,10.323600533846275,5.574965754735217,-0.002044397022205491,-4.66396426905618,-4.153386875415685,32.03276455280577
846,2023-10-09,419.1990103831098,424.39514327184617,418.6402056663584,423.8167114257813,80374400.0,0.006402218086740907,0.008115422031608593,418.4166687011719,431.33072265625,409.18996688842776,5.7549376054877825,3.274537803096166,2.4803998023916165,5.7549376054877825,5.727631926600582,0.00013884789947193887,-4.05975435580666,-4.13466037149388,37.30513043385938
847,2023-10-10,424.453938649079,428.6500451050346,424.05197147519465,426.0225830078125,78607300.0,0.005204777259986582,0.008054690539541087,419.26568908691405,430.90638854980466,409.44756591796875,4.598073629839973,4.833333679253315,0.23526004941334122,4.833333679253315,5.651998043299784,0.02033424060356248,-3.3641385499271337,-3.9805560071805313,44.77303950786405
848,2023-10-11,427.1010665239066,428.02261412667553,424.6892632623498,427.7677307128906,62451700.0,0.00409637370103022,0.008077151985617039,420.27256164550784,430.5425537109375,409.740604095459,3.3333508643257233,2.000031118863035,1.3333197454626884,3.3333508643257233,5.371181848383758,0.02410521802147292,-2.641588588221225,-3.7127625233886703,57.30366612866034
849,2023-10-12,428.3853107935095,428.76765080594913,422.77742789566184,425.1597900390625,81154200.0,-0.0060966278814016395,0.008141984362500647,420.77648010253904,430.25063232421877,410.00998489379884,5.990222910287287,0.9999200930585062,4.99030281722878,5.990222910287287,5.511236697027191,0.01199461417677905,-2.2534254686918302,-3.4208951124493026,54.57106143553646
850,2023-10-13,426.67941648397607,427.8951315209917,421.45390327156525,423.0421447753906,95143100.0,-0.004980822065692836,0.007858436084546236,421.17059936523435,429.94156372070313,410.27609817504884,6.441228249426445,2.735341481929197,3.7058867674972475,6.441228249426445,5.722724107212615,0.009403921911294688,-2.0925579690834866,-3.1552276837761397,48.980113673425905
851,2023-10-16,425.316707571519,428.5716394797072,425.07160781793976,427.4931945800781,75433200.0,0.010521528078604847,0.007935241689795218,422.0264862060547,429.76118041992186,410.58744720458986,3.500031661767423,5.529494704316562,2.029463042549139,5.529494704316562,5.612784216072579,0.020430095777569823,-1.5876058642405155,-2.841703319869015,64.94980030046531
852,2023-10-17,424.3264992869723,429.5520428410279,423.9735699995604,427.47357177734375,75324700.0,-4.590202366527851e-05,0.007931063092535754,423.4412017822266,429.5042022705078,410.8658274841309,5.578472841467487,2.0588482609497873,3.5196245805177,5.578472841467487,5.634492869079716,0.034227562559621116,-1.1754610955447333,-2.508454875004159,64.73528808278803
853,2023-10-18,425.67946480009624,426.6500502828491,420.6794236742881,421.7774658203125,93559800.0,-0.01332504822075442,0.00838870259919792,423.9853179931641,429.1715979003906,411.1206239318848,5.97062660856102,0.8235214944946279,6.794148103055647,6.794148103055647,5.743035457253866,0.013069151214718078,-1.2935503007395255,-2.2654739601512324,52.273302057913675
854,2023-10-19,422.50295577657073,424.33629709672346,417.38527186328,418.071533203125,121323000.0,-0.008786464231748004,0.008370080929625922,424.1745330810547,428.8234924316406,411.36469635009763,6.951025233443431,2.558831276410956,4.392193957032475,6.951025233443431,5.823567821644295,0.004546479136807058,-1.6669589716992164,-2.1457709624608294,48.68454918550618
855,2023-10-20,417.63041567901314,418.1794367765835,412.82643619616385,412.9342956542969,123845800.0,-0.012287939122447078,0.008028773114981388,423.35590209960935,428.3695166015625,411.56882843017576,5.353000580419632,0.10790357345848633,5.245097006961146,5.353000580419632,5.916005968092828,-0.019439347560162523,-2.350327062851079,-2.1866821825388794,43.197028697813124
856,2023-10-23,411.3852217369332,416.1303793610577,409.61070188998167,412.2185668945313,92035100.0,-0.0017332751658021284,0.008025899087602267,422.1960876464844,427.90630615234375,411.7906172180176,6.519677471076022,3.1960837067608168,3.3235937643152056,6.519677471076022,5.878192123729219,-0.027365944330586034,-2.916040231195211,-2.332553792270146,48.58715856267074
857,2023-10-24,414.36564471127423,416.49312377432966,412.4930789706375,415.3264465332031,78564200.0,0.007539397514491286,0.008167480165439724,421.12647399902346,427.4571875,411.9857662963867,4.0000448036921625,4.274556879798354,0.2745120761061912,4.274556879798354,5.842479112291476,-0.025106970619004132,-3.0781095488221126,-2.4816649435805394,48.71533867990966
858,2023-10-25,413.6205586800304,413.64996945398013,408.84599029988897,409.3656005859375,94223200.0,-0.014352194513548966,0.008139199584918684,419.2862609863281,426.99084533691405,412.152177734375,4.8039791540911665,1.676477079222991,6.4804562333141575,6.4804562333141575,6.011250420679866,-0.04301897690198675,-3.645517841345054,-2.7144355231334423,42.447314475918624
859,2023-10-26,408.2871725369038,409.1498985183066,403.5322314377385,404.4635925292969,115156800.0,-0.01197464576804752,0.008480531713152889,417.2166412353516,426.4899652099609,412.2808921813965,5.617667080568083,0.21570206763090027,5.833369148198983,5.833369148198983,5.690519607419345,-0.048678633291883266,-4.439567512753456,-3.059461921057445,31.52059316438978
860,2023-10-27,406.07152060073474,406.4734878368903,401.1891221316585,402.63031005859375,107367700.0,-0.0045326266802873105,0.008334554290432823,415.1754577636719,426.01787536621094,412.37649002075193,5.284365705231778,2.0098953075934105,3.2744703976383676,5.284365705231778,5.6569073288296305,-0.048250121102317856,-5.157337594707826,-3.4790370557875216,26.036897536298156
861,2023-10-30,405.45379155188186,408.51263152033846,404.1400605356551,407.4440002441406,86562700.0,0.011955608073436874,0.008870530235478437,413.1705383300781,425.63795593261716,412.4891749572754,4.372570984683364,5.882321461744709,1.5097504770613455,5.882321461744709,5.731835027579016,-0.04689944679851943,-5.276921916540687,-3.8386140279381546,30.157072499763643
862,2023-10-31,408.02247391880456,410.32641769542846,406.0910865723673,410.0028991699219,79665200.0,0.0062803696317725866,0.009023066695065945,411.42347106933596,425.25372314453125,412.6071882629395,4.235331123061144,2.8824174512878358,1.3529136717733081,4.235331123061144,5.79626218891726,-0.04086959700171067,-5.106348785247235,-4.092160979399971,31.3503815668911
863,2023-11-01,410.9832854960481,415.19898935884856,410.4440480777059,414.3754577636719,98068100.0,0.010664701646262875,0.008896024865987286,410.6832702636719,424.9801940917969,412.7506036376953,4.754941281142692,5.196090188926689,0.4411489077839974,5.196090188926689,5.739538423105789,-0.017549557898368318,-4.56570876566974,-4.186870536653925,39.08302352867757
864,2023-11-02,418.21859036795234,422.4735483378235,418.19899315902586,422.3166809082031,94938900.0,0.01916431824266085,0.009712204966991825,411.1077850341797,424.7701385498047,412.9641717529297,4.274555178797641,8.098090574151627,3.8235353953539857,8.098090574151627,5.85788573201473,0.010154118058584904,-3.45661164745502,-4.040818758814144,49.34306811398758
865,2023-11-03,424.6500407220308,427.738291613609,424.5225840638756,426.1696472167969,100110800.0,0.009123405450875977,0.009878191869285124,412.4313201904297,424.7571118164062,413.2108215332031,3.215707549733395,5.421610705405897,2.2059031556725017,5.421610705405897,5.85017973209254,0.03205195524273052,-2.2409101923567505,-3.680837045522665,48.78835930943465
866,2023-11-06,426.9343659486899,427.6010301071179,425.17944331101864,427.1500549316406,67831700.0,0.0023005104217217465,0.00957618267215536,413.9244689941406,424.7035119628906,413.42727279663086,2.421586796099234,1.4313828903210037,0.9902039057782304,2.421586796099234,5.624687871709093,0.0362222598307409,-1.184690941823817,-3.181607824782896,49.708956432691544
867,2023-11-07,427.1500679162808,429.01282014234994,425.9932042086531,428.3657531738281,64256100.0,0.00284606832693024,0.009501846761108688,415.2283996582031,424.6197131347656,413.6267736816406,3.019615933696855,1.8627652107093127,1.1568507229875422,3.019615933696855,5.355078431040608,0.03139531987299682,-0.24668920836194275,-2.5946241014987055,56.44667225277729
868,2023-11-08,428.97355107831027,429.50297489179553,426.346089057816,428.679443359375,61746000.0,0.0007322952015251794,0.00944226935674735,417.1597839355469,424.4171380615234,413.82992767333985,3.1568858339795156,1.1372217179674067,2.019664116012109,3.1568858339795156,5.084068473936043,0.047179935846570986,0.5160474261986678,-1.972489795959231,61.11797721902162
869,2023-11-09,429.8363315850034,429.87555592291034,424.904925752171,425.3363037109375,83174400.0,-0.007798693639794685,0.009561600741132634,419.24705505371094,424.1115533447266,414.0156385803223,4.970630170739355,1.196112563535337,3.774517607204018,4.970630170739355,5.056756301816023,0.051605908584043236,0.8410630234724863,-1.4097792320728875,63.50627640093194
870,2023-11-10,427.4343799178175,432.28733716521367,425.3264980675604,431.9736022949219,89462200.0,0.015604824996305,0.010055573914638571,422.18138427734374,423.9516094970703,414.21320419311525,6.960839097653263,6.951033454276171,0.00980564337709211,6.960839097653263,5.08826784657154,0.07287899470871406,1.6155912215009494,-0.8047051413581202,69.05621074806162
871,2023-11-13,430.6206539716291,432.6794678903552,429.8265331928285,431.5618286132813,52236100.0,-0.0009532380669859952,0.009977801748314783,424.5931671142578,423.76701721191404,414.4042022705078,2.8529346975267345,0.7058655954333517,2.1470691020933828,2.8529346975267345,4.98672340498071,0.05919298935482975,2.1711559693239906,-0.20953291922169806,66.52036441619572
872,2023-11-14,437.5717438003563,441.2384269465209,437.346241231058,439.93450927734375,97176900.0,0.019400883277758796,0.010572032299842465,427.586328125,423.78798095703127,414.6617404174805,3.892185715462915,9.67659833323961,5.784412617776695,9.67659833323961,5.2150192692610995,0.07300341087348516,3.2495911270669353,0.4822918900360286,79.65015913159621
873,2023-11-15,441.287378597438,442.5325044732284,440.0030583037006,440.8658142089844,77327600.0,0.0021169172047230678,0.010567570503434579,430.23536376953126,423.88657836914064,414.89537979125976,2.52944616952783,2.597995195884664,0.06854902635683402,2.597995195884664,4.983921129810077,0.06392839138755302,4.131778710989977,1.2121892542268184,88.25481573464978
874,2023-11-16,440.41481678481,441.7285477853014,439.3363719577196,441.405029296875,66665800.0,0.0012230821046039786,0.01000753428163284,432.1441986083984,424.0227288818359,415.1107711791992,2.3921758275817524,0.8627335763169981,1.5294422512647543,2.3921758275817524,4.7773361385493605,0.045199134326453505,4.8188798312059475,1.9335273696226443,91.88732814119531
875,2023-11-17,441.4148641267252,442.57175775870127,440.4835029694132,441.9541015625,83133200.0,0.0012439193692459494,0.009690503750101068,433.72264404296874,424.1567687988281,415.2999157714844,2.088254789288044,1.166728461826267,0.9215263274617769,2.088254789288044,4.506331376231027,0.03703795999735626,5.34609154679589,2.6160402050572937,91.06397009533684
876,2023-11-20,441.69914963110705,446.2089909063294,441.6893360671345,445.3560485839844,69936200.0,0.007697512048099542,0.009109592749252613,435.5432434082031,424.30159851074217,415.5275471496582,4.519654839194914,4.254889343829404,0.2647654953655092,4.519654839194914,4.526640213097726,0.04262200939025362,5.9696054277121675,3.2867532495882688,91.23972790975523
877,2023-11-21,444.2972046934265,445.2285956966268,443.1011167353494,444.3854370117187,49244600.0,-0.0021794058379845938,0.009123272874628427,437.1452117919922,424.4750817871094,415.76254318237307,2.1274789612774043,0.12745288735754912,2.2549318486349534,2.2549318486349534,4.3165574745054585,0.03739720955561521,6.312656058816742,3.8919338114339634,88.02483104019227
878,2023-11-22,446.0619408364875,447.4344934312076,444.9933095334768,446.10113525390625,59394900.0,0.003860833635154215,0.009079546220008027,438.8873809814453,424.6727197265625,415.98013137817384,2.4411838977308093,3.0490564194889203,0.6078725217581109,3.0490564194889203,3.9559121777438366,0.04064037164461398,6.646353637448442,4.4428177766368595,85.78169634207818
879,2023-11-24,446.150198755714,446.57176316267487,445.8168666721121,446.3756713867187,29737400.0,0.0006154123159900493,0.008152448458800721,440.99131774902344,424.8006225585938,416.2211029052734,0.7548964905627713,0.4706279087686198,0.2842685817941515,0.7548964905627713,3.6225754481121846,0.04946525253597844,6.853956005803639,4.925045422470215,84.06611216470824
880,2023-11-27,445.73842842975046,446.5619600531191,445.17959378265584,445.57177734375,50506000.0,-0.001800936060138092,0.0074144940714220234,442.35113525390625,425.0184674072266,416.47531478881837,1.3823662704632511,0.18628866640040087,1.1960776040628502,1.3823662704632511,3.5483454105667573,0.03147918061794952,6.874371373528277,5.314910612681828,81.24384717070794
881,2023-11-28,445.1795638034484,447.32664000240914,444.61094554920174,446.0129089355469,62115000.0,0.0009900348590896613,0.007166453427119719,443.79624328613284,425.2400378417969,416.72712631225585,2.715694453207391,1.7548626586591354,0.9608317945482554,2.715694453207391,3.5266367333889383,0.0334855387203743,6.847215889768961,5.621371668099255,80.7377545878437
882,2023-11-29,448.18944083171374,449.33652093877504,445.2972814496463,445.69921875,63146000.0,-0.0007033208664195545,0.007075920361133974,444.3727142333984,425.4733728027344,416.9541468811035,4.039239489128761,3.3236120032281633,0.7156274859005975,4.039239489128761,3.5896619944710273,0.013103562805576674,6.722885557039035,5.841674445887211,79.64498563740793
883,2023-11-30,446.5521816854735,447.8070913053535,444.4541133025619,447.4541320800781,79752700.0,0.003937438649769032,0.0070616926597248325,445.0315460205078,425.82161010742186,417.19086303710935,3.3529780027915876,2.107872555353481,1.2451054474381067,3.3529780027915876,3.474115411046187,0.014944043422633557,6.688854757931608,6.011110508296091,90.78106448944699
884,2023-12-01,446.8364507959776,450.64040378256834,446.2384217547949,450.1011962890625,89097900.0,0.005915833644621893,0.006918730320725267,445.9011627197266,426.36494689941406,417.434317779541,4.4019820277734425,3.1862717024902167,1.2157103252832258,4.4019820277734425,3.291339906054771,0.0197011053681011,6.7971280031318315,6.168314007263239,89.19050515740086
885,2023-12-04,446.6698024892576,450.12079629179925,445.43449014156994,447.7384338378906,72430900.0,-0.005249402735767128,0.0062571925918574085,446.47959594726564,426.8800494384766,417.6935934448242,4.6863061502293135,0.019600002736751776,4.666706147492562,4.6863061502293135,3.422295009819241,0.013088083705842912,6.616014845823429,6.257854174975278,82.25191141592626
886,2023-12-05,446.33650682465384,448.62082357838926,445.9541368117821,447.6502380371094,69793500.0,-0.00019698063448625458,0.006115631684877419,446.7090148925781,427.35789672851564,417.9573733520508,2.6666867666071425,0.8823897404986383,1.7842970261085043,2.6666867666071425,2.9215870407740647,0.005151360266508975,6.391685329968766,6.284620405973976,72.97163219802765
887,2023-12-06,449.8168563668903,449.8462671396938,445.4050609299513,445.84625244140625,69124700.0,-0.004029899779822266,0.00627281550541174,446.8550964355469,427.92417419433593,418.2517428588867,4.441206209742518,2.1960291025844185,2.2451771071580993,4.441206209742518,3.05324497033534,0.0032872711570182123,5.999181185069631,6.227532561793107,64.0955393217862
888,2023-12-07,447.954096161756,449.9050805343139,447.3462535885612,449.2482299804687,66995400.0,0.0076303827169872385,0.0063885818416180365,447.1698059082031,428.55515869140623,418.56578872680666,2.5588269457527417,4.0588280929076745,1.5000011471549328,4.0588280929076745,3.172291560715763,0.007054666482234406,5.894679779104422,6.160962005255371,69.10228776144244
889,2023-12-08,448.49334322710024,451.7188644947949,448.24824346340256,451.1796569824219,83080900.0,0.004299242318744678,0.006392555631612285,447.65020446777345,429.1763397216797,418.8792135620117,3.4706210313923407,2.470634514326207,0.9999865170661337,3.4706210313923407,3.2710320065803558,0.010762203013392257,5.899703569126757,6.108710318029648,71.05153570926188
890,2023-12-11,450.67960362057033,453.1110038301833,450.4639146510127,452.93450927734375,65002200.0,0.0038894756617766646,0.005948244046314378,448.3864776611328,429.85301086425784,419.2221630859375,2.647089179170564,1.9313468477614038,0.7157423314091602,2.647089179170564,3.1372773165786163,0.016524233149339596,5.976394715102401,6.082247197444199,68.69863787300369
891,2023-12-12,452.5816174993822,455.1012502344239,451.5718076763078,455.0032043457031,68327600.0,0.004567316082097594,0.005223668998290805,449.28550720214844,430.5743884277344,419.5689109802246,3.529442558116102,2.166740957080151,1.3627016010359512,3.529442558116102,3.22831379582727,0.020157029606188814,6.133397416518221,6.0924772412590045,74.85103933190214
892,2023-12-13,455.3855327740707,461.5326537987916,455.02278992254185,461.2777404785156,93278000.0,0.013790092185911762,0.00570631545288688,450.843359375,431.5334149169922,419.9541583251953,6.509863876249767,6.529449453088489,0.019585576838721863,6.529449453088489,3.476913298227239,0.03495299312439193,6.687041761082355,6.211390145223675,79.27398248883638
893,2023-12-14,463.23853413603206,464.4444356942921,460.0522373403874,462.7581481933594,119026000.0,0.0032093630039637944,0.004335943592104241,452.37376098632814,432.46185180664065,420.35417694091797,4.392198353904689,3.1666952157764854,1.2255031381282038,4.392198353904689,3.736720574180233,0.034202424373952045,7.162698295915504,6.4016517753620406,80.19529426323119
894,2023-12-15,462.15374978623134,463.3448639816749,460.12594170499983,461.9962463378906,141319300.0,-0.0016464363911111723,0.004425947573880455,453.5632659912109,433.37818908691406,420.73550216674806,3.218922276675073,0.5867157883155301,2.632206488359543,3.218922276675073,3.867903146052506,0.026427501519433738,7.392958985209873,6.599913217331608,80.31962539110957
895,2023-12-18,463.62045011337096,465.5891979977767,462.5474861212549,464.594970703125,70375300.0,0.005624990215469694,0.004479239306371567,455.24891967773436,434.24767639160154,421.0988896179199,3.041711876521788,3.5929516598860687,0.5512397833642808,3.5929516598860687,3.930564375100983,0.03764817936388609,7.696418061681925,6.8192141862016715,81.77166656752647
896,2023-12-19,465.146234015094,467.49890223898143,465.0674973148692,467.4201354980469,55761800.0,0.0060809198830675815,0.0045380579407898495,457.2259094238281,435.1197448730469,421.4750454711914,2.4314049241122575,2.9039315358564295,0.472526611744172,2.9039315358564295,3.8494709498672455,0.04416371484046566,8.071831702824056,7.069737689526149,84.2012041882301
897,2023-12-20,466.553845335722,468.46353310540064,460.5098052095539,460.94293212890625,102921000.0,-0.013857347763247319,0.005648493508270977,458.73557739257814,435.8181518554687,421.84887405395506,7.9537278958467255,1.0433976073537679,6.910330288492958,7.9537278958467255,4.178095942228326,0.033860730251364046,7.75727252951026,7.207244657522971,68.4895107820376
898,2023-12-21,463.9649810278423,465.5892221492984,461.5138993976389,465.3135986328125,86667500.0,0.009482012195566103,0.005823236178943062,460.3421142578125,436.5690692138672,422.2414044189453,4.075322751659485,4.646290020392144,0.5709672687326588,4.646290020392144,4.1955465131296625,0.03576056082189183,7.771078225607198,7.320011371139818,69.9112605192394
899,2023-12-22,466.4554283810848,467.9516960202922,464.3292070719011,466.2487182617187,67126600.0,0.0020096546321743958,0.0058109944169699055,461.84902038574216,437.39084777832034,422.67429321289063,3.6224889483910943,2.638097387479718,0.9843915609113765,3.6224889483910943,4.119559570141218,0.03339924805138961,7.767931795788456,7.409595456069546,75.16840626304486
900,2023-12-26,466.6621402059736,469.1328982578853,466.5833734714774,468.2174377441406,55387000.0,0.004222466261702085,0.00581754732806698,463.3773132324219,438.29435363769534,423.1444175720215,2.5495247864079147,2.8841799961666084,0.3346552097586937,2.8841799961666084,4.135094800824037,0.03374202705636353,7.833992052553413,7.49447477536632,76.60465784616065
901,2023-12-27,468.0107385755298,469.2116759586534,467.4693449362207,469.06402587890625,68000300.0,0.0018081089393946481,0.005743377088766888,464.7833953857422,439.1257702636719,423.6214414978027,1.7423310224327224,0.9942382145127908,0.7480928079199316,1.7423310224327224,3.9423180017304804,0.03090268683584907,7.864006497492426,7.568381119791542,80.796083618977
902,2023-12-28,469.4282138576518,470.08772752484174,468.8179068674619,469.2411804199219,77158100.0,0.00037767667363475255,0.005752789190577081,465.5797393798828,439.96112243652345,424.0684683227539,1.269820657379853,1.023701645935489,0.24611901144436388,1.269820657379853,3.7431031849070644,0.017263872158984395,7.812035766770748,7.617112049187384,78.99953167231939
903,2023-12-29,469.0443360391412,469.5759063860518,465.90418072054433,467.8827819824219,122234100.0,-0.0028948832587207818,0.00583192551486906,466.0922027587891,440.88322875976564,424.52058120727537,3.671725665507495,0.33472596612995176,3.336999699377543,3.671725665507495,3.7574678016295757,0.01107410816874732,7.573929640658093,7.608475567481526,74.63723493707991
904,2024-01-02,464.78200963737714,466.26842392066214,463.1380919165969,465.2643432617187,123623700.0,-0.00559635622753385,0.00606703575954404,466.41901245117185,441.8270849609375,424.92648880004884,3.130332004065224,1.6143580617597308,4.744690065824955,4.744690065824955,3.9072964363906033,0.0070738603391982124,7.092188365947834,7.505218127174788,67.73478761658603
905,2024-01-03,463.0790182601264,463.8271520560434,460.85435361763393,461.4646606445313,103585900.0,-0.00816671785022216,0.006369162467286109,466.1059814453125,442.79769226074217,425.3358529663086,2.972798438409484,1.4371912056752763,4.40998964408476,4.40998964408476,3.9701926568169363,-0.0067377183482124625,6.33082449902372,7.270339401544575,58.8530790864306
906,2024-01-04,460.9823221278168,463.60076051558326,459.7518546546583,459.978271484375,84232200.0,-0.003221024895124658,0.0062811211951012405,465.36179504394534,443.75288635253906,425.71953506469725,3.8489058609249582,2.136099871051954,1.7128059898730044,3.8489058609249582,3.778725257376684,-0.015921145557288408,5.543595844081835,6.924990690052027,47.950659113769916
907,2024-01-05,460.1849422441129,463.0888572486491,459.1415083193869,460.6082458496094,86060800.0,0.0013695741827139951,0.006271700149001792,465.3283264160156,444.6585223388672,426.0812063598633,3.947348929262205,3.1105857642741057,0.8367631649880991,3.947348929262205,3.7469502984736494,-0.0007260904896645437,4.913900740780491,6.52277270019772,46.51602131691704
908,2024-01-08,461.1102681043068,467.3315184880514,460.9822946882023,467.1838684082031,74879100.0,0.014275954930995205,0.006737286073126472,465.5153533935547,445.8148876953125,426.508849029541,6.349223799849142,6.72327263844204,0.3740488385928984,6.72327263844204,3.9972610385998615,0.004019374849318469,4.889102094825034,6.196038579123183,57.07380244554453
909,2024-01-09,464.49649655038183,467.50867821085495,463.9846329489776,466.47509765625,65931400.0,-0.0015171130680690093,0.006667392219211897,465.5379913330078,447.05511779785155,426.92778915405273,3.5240452618773475,0.3248098026518278,3.1992354592255197,3.5240452618773475,3.99233915302781,0.00048553354822145067,4.7574165761020595,5.908314178518959,52.703048959198036
910,2024-01-10,466.75075924281816,469.98935797404295,466.46528238377533,469.1132507324219,67310600.0,0.005655506777161312,0.00669915612971034,465.62757263183596,448.3847766113281,427.34736373901364,3.524075590267614,3.514260317792946,0.00981527247466829,3.524075590267614,4.036635156914323,0.0019132414046714175,4.810479545274745,5.688747251870116,52.447343300331546
911,2024-01-11,470.12713871081326,470.6488556888523,464.88043891433455,468.9065246582031,77940700.0,-0.0004406741312380502,0.0067008268575073,465.6118225097656,449.61402709960936,427.76230361938474,5.768416774517732,1.5356049564304044,4.2328118180873275,5.768416774517732,3.8805415053908234,-0.0003357776593675421,4.78074184801909,5.507146171099912,64.0598144618067
912,2024-01-12,470.3732311137583,471.1213649072347,467.8040295978058,469.2313537597656,57944000.0,0.0006927374316219037,0.006670422088337787,465.61083984375,450.79859619140626,428.18319900512694,3.31733530942887,2.2148402490315675,1.1024950603973025,3.31733530942887,3.785616168893447,-2.0941597980494997e-05,4.72887398678364,5.3514917342366575,58.06967058027807
913,2024-01-16,467.8335577253936,469.1624384816832,465.6679230902339,467.5086975097656,85014900.0,-0.0036712300578318757,0.006126439933802644,465.57343139648435,451.86126098632815,428.56749771118166,3.4945153914492835,0.06891527808244291,3.5634306695317264,3.5634306695317264,3.781397720403492,-0.0007995260502454693,4.4969265999263826,5.180578707374603,52.513714101323124
914,2024-01-17,464.44731619447595,465.402160110943,462.5277750091871,464.9099731445313,68843900.0,-0.005558665280617658,0.006241492379207754,465.5379943847656,452.7131268310547,428.927366027832,2.874385101755877,2.1065373988226384,4.980922500578515,4.980922500578515,3.9311650421471995,-0.0007616532887585459,4.056648765134355,4.955792718926554,43.56326740541109
915,2024-01-18,466.60308346955065,469.60541185803214,465.0379325683453,469.0443115234375,91856200.0,0.008892771972480062,0.006500607543451692,466.29595947265625,453.5706201171875,429.2802145385742,4.567479289686844,4.695438713500835,0.12795942381399072,4.695438713500835,4.142101305794922,0.01642520332612163,3.995276898983434,4.76368955493793,49.96598610801043
916,2024-01-19,470.18620380449687,475.17698686216823,469.0935631567449,474.8915100097656,110733300.0,0.012466196354320225,0.00691574786240423,467.7872833251953,454.52544921875,429.6547067260742,6.083423705423343,6.132675338730735,0.04925163330739224,6.132675338730735,4.4894480687485565,0.032421615215137756,4.368106491090998,4.684572942168543,58.15345673097251
917,2024-01-22,476.446907481248,477.63799170516694,475.2361165496973,475.8956604003906,75844900.0,0.0021144837704181185,0.006825543924784665,469.31602478027344,455.4760473632812,430.04531600952146,2.401875155469668,2.7464816954013145,0.3446065399316467,2.7464816954013145,4.423359213740972,0.03318962412968318,4.690533621583086,4.685765078051452,61.682060864922626
918,2024-01-23,476.4468754577852,477.52966283909075,475.3443813701725,477.2835693359375,49945300.0,0.0029164143551534405,0.005938768419760239,470.32599487304685,456.4481298828125,430.44807220458983,2.1852814689182196,1.6340024387001222,0.5512790302180974,2.1852814689182196,4.240544313961919,0.02161825698765285,5.000410477977084,4.748694158036579,68.17508062000354
919,2024-01-24,480.1874353770752,481.1324259207397,477.3032270260809,477.8052673339844,81765000.0,0.0010930566890721138,0.005663262867608445,471.4590118408203,457.49750915527346,430.8456986999512,3.8291988946588162,3.8488565848022063,0.019657690143390028,3.8488565848022063,4.200463381156022,0.024288905741510103,5.227823690346781,4.84452006449862,77.42896221050847
920,2024-01-25,479.96104191877174,480.67964572380765,477.80529058508233,480.4040222167969,72525000.0,0.005438941469424918,0.005734423804287479,472.5880889892578,458.46611755371094,431.2542752075195,2.8743551387253206,2.8743783898232778,2.3251097957199818e-05,2.8743783898232778,4.130854276077331,0.024068327779585896,5.553728178549136,4.986361687308723,83.05190540387068
921,2024-01-26,479.9709117984805,481.4770028066331,478.9373311217776,479.7937316894531,76641600.0,-0.001270369312329267,0.005726467478740122,473.6768096923828,459.4307556152344,431.65926483154294,2.5396716848554775,1.0729805898362201,1.4666910950192573,2.5396716848554775,4.030305901476851,0.023218288632656403,5.697091958537214,5.128507741554422,81.06476128356421
922,2024-01-29,480.1087519028763,483.7410944423059,479.5575048545731,483.5934143066406,61322800.0,0.007919408625469249,0.00591229360670707,475.11301574707034,460.30393371582034,432.0913803100586,4.183589587732797,3.9473627528527686,0.2362268348800285,4.183589587732797,3.8488999692833334,0.03060763188946658,6.047598468348724,5.312325886913283,79.1944472194835
923,2024-01-30,482.8945001134222,483.9379341352055,482.4515198034891,483.2193603515625,58618400.0,-0.0007734885215805454,0.005928245542284742,476.68408203125,461.15100463867185,432.49524795532227,1.4864143317164462,0.3445198285648985,1.1418945031515477,1.4864143317164462,3.703354902843269,0.0336050707194997,6.223454267729323,5.494551563076492,80.14902081455932
924,2024-01-31,480.9848000978878,481.4376037086251,475.3147964685509,475.3345031738281,126011100.0,-0.016317345339801337,0.0070362486112403476,477.7265350341797,461.82959411621096,432.8646067810059,6.122807240074167,1.7817566429374097,7.904563883011576,7.904563883011576,4.016246923753552,0.022422685318596258,5.661319016396476,5.527905053740489,59.42160937049392
925,2024-02-01,477.0571896186416,481.58531615200064,476.2401423532499,481.5557861328125,91891600.0,0.013088220858036959,0.007363845847556881,478.97768249511716,462.6216278076172,433.2578692626953,5.34517379875075,6.250812978172519,0.9056391794217689,6.250812978172519,4.050703795443179,0.026674397923595272,5.652667884400557,5.552857619872503,66.20435998620746
926,2024-02-02,481.9986747879959,488.2986617484959,481.65413791438186,486.625244140625,99147700.0,0.010527249705633013,0.0072447278029121554,480.15105590820315,463.44701171875,433.67516494750976,6.644523834114011,6.742875615683374,0.09835178156936308,6.742875615683374,4.29538524588993,0.024708241532088282,5.985873272954052,5.639460750488813,69.86735414498258
927,2024-02-05,485.9854782571076,486.65484539824575,482.56969911775246,484.8534240722656,75757100.0,-0.0036410360738444725,0.007262033606524392,481.0468322753906,464.2563714599609,434.0839424133301,4.085146280493291,0.029601257620754495,4.055545022872536,4.085146280493291,4.3326506466728985,0.018822957251466654,6.037374773940769,5.719043555179204,69.78897406185939
928,2024-02-06,485.80824421290174,486.5957614349735,484.3612132355995,486.2610778808594,55918600.0,0.002903256404318988,0.007257424785282839,481.9445831298828,465.0595703125,434.5107566833496,2.2345481993739895,1.7423373627078718,0.49221083666611776,2.2345481993739895,4.136481053729718,0.01880959061174603,6.121214432961267,5.799477730735617,75.0404974076648
929,2024-02-07,488.5349664241499,490.7399545059153,487.6194758002834,490.3166809082031,70556500.0,0.00834038176573415,0.006886437777221012,483.1957244873047,465.9383905029297,434.95629165649416,3.1204787056319105,4.478876625055932,1.3583979194240214,4.478876625055932,4.121012333126511,0.02618517297649059,6.440667234284433,5.9277156314453805,74.99431664566634
930,2024-02-08,490.316670172096,490.91712386165034,489.48979965953936,490.5332336425781,52343600.0,0.00044165891720004957,0.006844912907687011,484.2086456298828,466.8376196289062,435.40081665039065,1.4273242021109809,0.6004429534472138,0.8268812486637671,1.4273242021109809,3.784915823367957,0.02108477647426965,6.634827712886192,6.069138047733543,71.18110483520371
931,2024-02-09,491.04508700467625,493.8111753411615,490.70055012147776,493.36822509765625,63979400.0,0.0057794075113446475,0.006847894084165111,485.56609497070315,467.78472595214845,435.8913934326172,3.1106252196837545,3.2779416985833905,0.16731647889963597,3.2779416985833905,3.822877252166677,0.028292352549927013,6.937490338259806,6.242808505838796,72.542564006454
932,2024-02-12,493.33870581706736,495.63228390301646,492.4232152124845,493.1516723632813,56502300.0,-0.00043892720154825593,0.006847857532389746,486.5219207763672,468.73377502441406,436.3892584228516,3.2090686905319785,2.2640588053602073,0.9450098851717712,3.2090686905319785,3.896004910853374,0.019765070767857607,7.0782845948472755,6.409903723640492,71.11060406259551
933,2024-02-13,486.8024773905753,489.3224724499517,483.0520148201474,486.3594970703125,113099200.0,-0.013772994544293704,0.007704861064444294,486.8359344482422,469.51188232421873,436.8139855957031,6.270457629804298,3.829199913329603,10.099657543133901,10.099657543133901,4.342490693591352,0.006498366945532519,6.566103324132314,6.441143643738857,59.753138311160974
934,2024-02-14,489.02714296345175,491.2715143675092,486.67447480374074,490.7793273925781,68387800.0,0.009087578938808516,0.007759921039071567,488.3804168701172,470.32544494628905,437.24368118286134,4.597039563768476,4.912017297196712,0.3149777334282362,4.912017297196712,4.488036329832312,0.03249253760378057,6.442573370514879,6.441429589094062,61.35779917042612
935,2024-02-15,491.4880899675745,494.3526218372526,491.00572629255566,494.16558837890625,61683000.0,0.006899762881861227,0.007600081586990478,489.6413970947266,471.25398803710937,437.6923519897461,3.346895544696963,3.5732944446745023,0.22639889997753926,3.5732944446745023,4.561866526962242,0.026185548194443298,6.542500085302208,6.461643688335691,64.83140016439546
936,2024-02-16,493.86043227431986,495.0121329952776,490.9565170494229,491.70465087890625,75461200.0,-0.004979985571381129,0.007659278972648543,490.1493377685547,472.1350762939453,438.1514454650879,4.055615945854697,0.846544616371375,3.209071329483322,4.055615945854697,4.552725552542378,0.010438025563699327,6.349917738365775,6.439298498341708,58.60845580971739
937,2024-02-20,489.94261022228915,490.62183066023255,486.7237181769076,488.99761962890625,71736700.0,-0.005505400945793881,0.007465472351189123,490.5637573242187,472.9981036376953,438.6107278442383,3.898112483324951,1.082820218673703,4.980932701998654,4.980932701998654,4.802334007562536,0.008547316262786486,5.910724885485479,6.333583775770463,55.84311702034423
938,2024-02-21,487.6785440580605,489.59805519099353,485.8475929329507,489.4405517578125,59603800.0,0.0009057960839202739,0.0074645212959859285,490.88170471191404,473.8019500732422,439.08628967285154,3.7504622580428304,0.6004355620872843,3.150026695955546,3.7504622580428304,4.505612462921911,0.00653861479271467,5.534602849945145,6.1737875906054,66.79168268116484
939,2024-02-22,496.13433813189937,500.5443143261037,495.15978746625774,499.5697937011719,76402500.0,0.020695551087829722,0.008575057595891264,491.80701599121096,474.7697528076172,439.575997467041,5.384526859845948,11.103762568291188,5.71923570844524,11.103762568291188,4.852251719358959,0.018871707109432645,5.984878642653655,6.1360058010150516,69.61838271804352
940,2024-02-23,501.3121007992168,502.15867800066263,499.17602619270855,499.914306640625,61321800.0,0.0006896192359844289,0.008578137654019291,492.7451232910156,475.7093487548828,440.0668923950195,2.9826518079540847,2.5888842994907577,0.393767508463327,2.9826518079540847,4.583664304521152,0.019124235331386963,6.296937590599271,6.1681921589318955,66.13294743721409
941,2024-02-26,500.3572754842892,500.8002557857889,497.9554006011949,498.0833740234375,50386700.0,-0.0036624929370219217,0.00863557768803334,493.2166381835938,476.5709521484375,440.5574412536621,2.844855184593996,0.8859491451639201,1.958906039430076,2.844855184593996,4.495072083385488,0.009557058371255867,6.323610943993572,6.199275915944231,66.03816583217599
942,2024-02-27,498.7823107190416,499.2351143411997,496.8627694300709,499.0086975097656,48854500.0,0.001857768266492199,0.008607664169676147,493.8023406982422,477.3255712890625,441.0432730102539,2.3723449111287778,1.151740317762176,1.2206045933666019,2.3723449111287778,4.504914705653688,0.011876721655259326,6.346259907026706,6.2286727141607265,65.63630946052984
943,2024-02-28,497.433661032477,498.9397519322539,497.06944748767006,498.3491516113281,56506600.0,-0.001321712230125227,0.008520692278387382,495.0013061523438,478.0373913574219,441.5293110656738,1.8703044445838373,0.0689455775117267,1.939250022095564,1.939250022095564,4.323512805442233,0.024651835963392932,6.239069422837986,6.230752055896179,60.74813220127471
944,2024-02-29,500.1308932406561,501.77478095792515,497.4533948240691,500.1407165527344,83924800.0,0.0035949994810136054,0.008516588234139,495.93744506835935,478.80028076171874,442.0269348144531,4.321386133856038,3.4256293465970202,0.8957567872590175,4.321386133856038,4.530231514852594,0.01907453846903384,6.22690462943666,6.2299825706042755,62.33568382331045
945,2024-03-01,501.0266891095606,505.2693086036873,500.6132388118338,504.836181640625,76805900.0,0.009388288000734102,0.007599207359213903,497.00450439453124,479.60510498046875,442.54112518310546,4.656069791853497,5.128592050952932,0.4725222590994349,5.128592050952932,4.662420825736133,0.021593153211504124,6.520978947835033,6.288181846050428,64.05307364941174
946,2024-03-04,504.0290291724333,506.1651038495938,503.99946911445886,504.2947692871094,49799300.0,-0.0010724515658844247,0.007271037586946394,498.2635162353516,480.34259765625,443.06604064941405,2.1656347351349154,1.3289222089687769,0.8367125261661386,2.1656347351349154,4.587889828922057,0.02560504234747163,6.6338763149853435,6.357320739837411,63.54712444950665
947,2024-03-05,502.26694255347593,502.71977618889395,497.02024274409166,499.2547607421875,72855600.0,-0.00999417176594286,0.007475526205473077,499.2892303466797,481.1088342285156,443.5415199279785,5.6995334448022845,1.5749930982154297,7.274526543017714,7.274526543017714,4.3860947574851865,0.02097585080488784,6.244676974383026,6.334791986746534,66.37493799603175
948,2024-03-06,502.57212462068674,504.0683922997588,500.47543327269375,501.7846374511719,68382400.0,0.005067306128885951,0.007432206716841383,500.5236389160156,481.8382550048828,444.01018188476564,3.592959027065035,4.813631557571284,1.2206725305062491,4.813631557571284,4.379067204654798,0.02522080699898277,6.070397832754566,6.281913155948141,64.6796004266024
949,2024-03-07,505.12164582984065,507.8286740996663,501.8436638657645,506.7655334472656,58652100.0,0.009926362077153916,0.007645793961916827,501.243212890625,482.6485913085937,444.5067170715332,5.985010233901789,6.044036648494398,0.05902641459260849,6.044036648494398,4.555548790641934,0.014403872765770265,6.262012455580134,6.27793301587454,66.12083903720473
950,2024-03-08,507.4053947507134,510.12221626039303,503.1430389188463,503.7238159179687,86425500.0,-0.006002218636705026,0.007691235379833012,501.62416381835936,483.3587188720703,444.9872161865234,6.979177341546745,3.3566828131274065,3.622494528419338,6.979177341546745,4.764374604619937,0.007620324577112481,6.0981317736268466,6.241972767425001,65.15257842064511
951,2024-03-11,502.50322330785735,503.8813408255942,500.5541520780311,503.2907104492187,62557200.0,-0.0008598074084719132,0.007703845026627966,502.1448974609375,484.0432525634766,445.4884231567383,3.3271887475630706,0.15752490762548632,3.1696638399375843,3.3271887475630706,4.646250036445967,0.010454748536810499,5.865691124747457,6.166716438889493,69.11529187433973
952,2024-03-12,505.4267910389835,509.2953732567319,502.8772362018194,508.7047729492187,73114400.0,0.010757326506518616,0.007923581898581136,503.1145050048828,484.8325244140625,446.03130081176755,6.418137054912506,6.004662807513228,0.41347424739927874,6.418137054912506,4.836798236222372,0.019430674230409117,6.048625047992971,6.143098160710188,72.73994651204335
953,2024-03-13,509.0296104159743,509.2067905212248,506.4505554149632,507.9074096679687,55104100.0,-0.0015674381756383138,0.007941115545801123,504.07033081054686,485.6330169677734,446.5528660583496,2.756235106261556,0.502017572006082,2.254217534255474,2.756235106261556,4.240546274648827,0.019179842136252345,6.0594118195757005,6.126360892483291,62.6228874993184
954,2024-03-14,508.8917758861152,509.0493093648836,503.8222860546738,506.90338134765625,110171800.0,-0.001976794000640436,0.007193612026647681,504.74659729003906,486.4657977294922,447.0432772827148,5.227023310209802,1.1418996969148907,4.085123613294911,5.227023310209802,4.40085852480995,0.013521524185301503,5.918716440482285,6.08483200208309,60.374071389744515
955,2024-03-15,503.79792814662255,505.2692230649925,501.7341978345986,503.4226989746094,107585800.0,-0.006866559784614368,0.007249527297159965,504.6052490234375,487.3049584960938,447.515506439209,3.5350252303938987,1.6341582826637477,5.1691835130576465,5.1691835130576465,4.566881976843068,-0.0027998838384009073,5.463373986186127,5.960540398903698,57.555280910715375
956,2024-03-18,507.5402687327333,509.00164944251645,505.9998765535288,506.4145812988281,88893300.0,0.005943081887870294,0.007215086155840362,504.8172302246094,488.23368469238284,448.01403396606446,3.0017728889876594,5.578950467907077,2.577177578919418,5.578950467907077,4.795925230898661,0.004203517745614116,5.2830322032857,5.8250387597800986,59.900487607459674
957,2024-03-19,505.7135636183011,509.5151545205673,504.6964792455143,509.2288208007813,60755300.0,0.0055571849742859225,0.00713035254908821,505.81463623046875,489.20609619140623,448.5073123168945,4.81867527505301,3.1005732217391824,1.718102053313828,4.81867527505301,5.001598463252764,0.0199778967430706,5.306031026487801,5.72123721312164,63.75213029661757
958,2024-03-20,509.28807432015947,514.0770977862902,508.606743491781,513.9388427734375,69594600.0,0.009249323251675934,0.007112492884618932,507.0300567626953,490.1411956787109,448.9944535827637,5.470354294509207,4.848276985508903,0.6220773090003036,5.470354294509207,5.083667617585133,0.02422195582551745,5.639310706000572,5.704851911697427,66.24273519502978
959,2024-03-21,516.8122539881692,517.5231763815539,515.3508130660615,515.63720703125,60256100.0,0.0033046038097594987,0.007106629119417159,507.91722412109374,491.12443786621094,449.4940776062012,2.172363315492362,3.584333608116367,1.4119702926240052,3.584333608116367,4.973363443096807,0.01750646600536343,5.971643664008468,5.758210262159635,63.67992059393755
960,2024-03-22,515.5482598361023,516.0419759824129,514.4225725581739,514.6596069335938,79023000.0,-0.0018959068203877605,0.005807206605152643,509.01080322265625,492.03536499023437,449.98428787231444,1.6194034242389534,0.4047689511628505,1.214634473076103,1.6194034242389534,4.934346920889952,0.02170989472811824,6.0859803764351454,5.823764285014738,62.984011737927375
961,2024-03-25,513.2673235646932,514.4028948746237,513.0797090074374,513.2377319335938,48512100.0,-0.0027627483891181637,0.00587777492390177,510.00550537109376,492.9219891357422,450.474591217041,1.3231858671863392,0.256712058970038,1.5798979261563773,1.5798979261563773,4.527587733971286,0.019763967976871077,5.992778594132005,5.857567146838192,69.26256455271756
962,2024-03-26,514.679364426303,515.0250019230342,511.8849741606643,512.289794921875,65463700.0,-0.0018469745163658402,0.005814614753154647,510.3640075683594,493.78315795898436,450.9475987243652,3.1400277623699253,1.7872699894404604,1.3527577729294649,3.1400277623699253,4.408044605742617,0.0070473527344201425,5.775844574650478,5.841222632400649,65.13110757704828
963,2024-03-27,515.1534188944993,516.6345676089135,512.9612874577568,516.5950317382812,82999800.0,0.008403908996592158,0.0060148708096831715,511.23276977539064,494.7648846435547,451.43838516235354,3.673280151156632,4.344772687038471,0.6714925358818391,4.344772687038471,4.2866686084957655,0.01710473583362737,5.883498127936377,5.8496777315077955,64.43895743171942
964,2024-03-28,516.6345929084168,518.0169622820405,516.2100041549976,516.496337890625,96294900.0,-0.00019104683861193017,0.005991788025801377,512.1920654296875,495.7966119384766,451.90969818115235,1.8069581270428898,1.4219305437592311,0.3850275832836587,1.8069581270428898,3.917224378888347,0.018924625275658746,5.8929206547383615,5.858326316153909,70.53784188025813
965,2024-04-01,517.246711689566,517.7897874357077,514.4226093270697,515.59765625,62477500.0,-0.0017399574298924136,0.006021417034968591,513.4095611572266,496.7276788330078,452.362599029541,3.3671781086379724,1.2934495450826944,2.073728563555278,3.3671781086379724,3.920080761822269,0.02418436296215698,5.761457481844047,5.838952549291937,69.49728287145383
966,2024-04-02,511.7270233656594,512.4577137930522,509.98913247450986,512.3195190429688,74230300.0,-0.006357936595122515,0.005965931251871497,514.0000549316406,497.4762390136719,452.7965785217285,2.4685813185423626,3.1399424569477787,5.608523775490141,5.608523775490141,3.8622512418635284,0.011660283811330885,5.33129781155867,5.737421601745284,56.14235783403697
967,2024-04-03,511.21349992961393,514.4029477306854,511.1641403606512,512.8822631835938,59155800.0,0.0010984241663800631,0.00595215048513489,514.3653991699218,498.2159710693359,453.2069941711426,3.2388073700341806,2.083428687716605,1.1553786823175756,3.2388073700341806,3.896720689275859,0.007174461133341303,4.978413866723315,5.5856200547408905,58.52146676117783
968,2024-04-04,516.940660005626,517.286237258894,506.3158771083272,506.6219787597656,96858100.0,-0.012206084852630528,0.006168739634354486,513.6337127685547,498.8027392578125,453.59344528198244,10.970360150566762,4.403974075300198,6.566386075266564,10.970360150566762,4.306959035015642,-0.014236837936177138,4.14580787195456,5.297657618183624,49.59153533279172
969,2024-04-05,507.9945035275372,513.8993301021636,507.55014688576046,511.9145812988281,74482100.0,0.010446847473966736,0.006463147186936589,513.2614501953125,499.48492553710935,454.0174966430664,6.349183216403162,7.277351342397992,0.92816812599483,7.277351342397992,4.457542451397095,-0.007219466868682134,3.868437476070028,5.011813589760905,61.710259638821924
970,2024-04-08,512.6255156348878,513.6425395902407,511.38134126248457,512.2008666992188,48401800.0,0.0005592444732953616,0.006128859532295141,513.015576171875,500.1208624267578,454.45392150878905,2.2611983277561762,1.7279582914126195,0.5332400363435568,2.2611983277561762,4.220560155672031,-0.004777410547185723,3.6298773120768715,4.7354263342240985,58.62268123752223
971,2024-04-09,513.9585589840982,514.2054170815929,507.8858256784909,512.7933959960938,68124400.0,0.001156829938015136,0.005943895183235373,512.971142578125,500.7808557128906,454.8856396484375,6.319591403102038,2.004550382374191,4.315041020727847,6.319591403102038,4.327768450532675,-0.0008657507230148687,3.4488723718093297,4.478115541741145,55.68857667724464
972,2024-04-10,507.02678122640623,509.67309288761504,505.65429596232127,507.65875244140625,82652800.0,-0.010013084401591321,0.006395315630442467,512.5080383300781,501.2621624755859,455.3078045654297,4.0187969252937705,3.1203031084787085,7.139100033772479,7.139100033772479,4.446964574765766,-0.009039888216346381,2.858154800321927,4.154123393457302,40.11184276279878
973,2024-04-11,509.19917018359536,512.951401525454,505.6444373898546,511.4900207519531,70099000.0,0.007546936386148673,0.006170552492872782,511.99753723144534,501.82757568359375,455.7577717590332,7.306964135599401,5.292649084047753,2.014315051551648,7.306964135599401,4.7128667553002686,-0.009882036552210649,2.668398564809138,3.856978427727669,43.8811338374492
974,2024-04-12,507.9056219639592,509.33741106297106,502.68209589185415,504.4298706054687,92469100.0,-0.013803104381401532,0.006889345361064433,510.7908905029297,502.40948303222655,456.14933319091796,6.655315171116911,2.152609688982068,8.807924860098979,8.807924860098979,5.226332572147413,-0.023362154578744687,1.9261171883794646,3.4708061798580285,37.20357436256076
975,2024-04-15,508.6560925817605,508.82393922642535,497.25122948428464,498.1103210449219,92101400.0,-0.012528103367394627,0.007384377963357918,509.0421569824219,502.7405737304687,456.50822219848635,11.572709742140717,4.394068620956659,7.178641121184057,11.572709742140717,5.940104844717723,-0.033916630522073166,0.8184840403253588,2.940341751951495,33.1425959643845
976,2024-04-16,498.5941265844723,500.1345187428283,495.89842524032656,497.2018432617187,73484000.0,-0.0018238485428235807,0.007258390560683601,507.5303894042969,502.9521057128906,456.8541670227051,4.236093502501717,2.024197697906402,2.211895804595315,4.236093502501717,6.018395254727137,-0.029508295544722563,-0.13111832379394173,2.326049736802408,33.171768441202815
977,2024-04-17,499.690155561082,499.85803232859774,492.8472562394146,494.25927734375,75910300.0,-0.0059182522306534535,0.007187645671230583,505.6680908203125,503.1402227783203,457.1601449584961,7.010776089183139,2.656189066879051,4.354587022304088,7.010776089183139,6.208824069166042,-0.036310450129910965,-1.108349157243424,1.6391699579932415,24.306999720567234
978,2024-04-18,495.6713847361899,497.7943586166654,492.2943522758523,493.2422790527344,74548100.0,-0.002057621045539415,0.007023536744400267,504.3301208496094,503.2798468017578,457.4585466003418,5.5000063408131155,3.53508127291542,1.9649250678976955,5.5000063408131155,6.472613227292486,-0.02640963137798602,-1.9424831592892247,0.9228393345367484,23.80409858326945
979,2024-04-19,493.1632825831793,494.1704528693444,487.65339244333126,488.93707275390625,102129100.0,-0.008728380517372125,0.006738399179634507,502.03236999511716,503.2522546386719,457.7386460876465,6.517060426013131,0.9281738166100126,5.588886609403119,6.517060426013131,6.697604821390712,-0.044885434766525734,-2.917305650151377,0.1548103375991233,22.10736703639138
980,2024-04-22,491.5734964560846,496.0663323040314,489.2036645395879,493.4397583007813,67961000.0,0.009209130985944558,0.007099657697225006,500.15625915527346,503.3103851318359,458.05820922851564,6.862667764443472,7.129259550125141,0.2665917856816691,7.129259550125141,6.806228805293212,-0.03662841986062981,-3.288621225860709,-0.5338759750928431,30.741223143953718
981,2024-04-23,495.4738681779537,499.72969975232706,493.25214509988666,499.2952270507813,64633600.0,0.011866633467404464,0.0077241791691894665,498.8064422607422,503.4289251708984,458.41247177124023,6.4775546524404035,6.289941451545758,0.18761320089464562,6.4775546524404035,7.037567896893656,-0.026322821336441815,-3.074957902261417,-1.042092360526558,37.49092486575551
982,2024-04-24,500.1937688055625,500.99358666230006,496.80688280638515,499.0582275390625,55928100.0,-0.00047466808989682363,0.007720335969584394,497.94638977050784,503.54705627441405,458.76012725830077,4.186703855914914,1.6983596115187538,2.48834424439616,4.186703855914914,6.553021018704238,-0.016941547567105975,-2.8914215510627628,-1.411958198633799,42.16766726687935
983,2024-04-25,492.9065220761964,497.93254961957143,491.23775882863794,497.162353515625,69122400.0,-0.003798903452181035,0.007738917435909132,496.513623046875,503.7631134033203,459.0846258544922,6.694790790933496,1.1256779194910678,7.820468710424564,7.820468710424564,6.591815116420422,-0.028011626141336454,-2.8659124053999676,-1.7027490399870329,33.5679948440187
984,2024-04-26,499.98643689086055,503.47207230236467,499.34461181258143,501.8724365234375,64306100.0,0.009473933363026488,0.007809876277051339,496.25787963867185,503.9849755859375,459.41528518676756,4.127460489783232,6.309718786739666,2.1822582969564337,6.309718786739666,6.880995149204957,-0.005069949721576705,-2.4375335196517653,-1.8497059359199794,39.52757396625477
985,2024-04-29,503.679432560198,504.33114161625775,500.87512791942584,503.6498107910156,46415400.0,0.003541486119242432,0.007879656023884858,496.81182861328125,504.1746600341797,459.73753967285154,3.456013696831917,2.458705092820253,0.9973086040116641,3.456013696831917,6.676453884471377,0.011121009768424672,-1.9323460348895196,-1.8662339557138876,40.94646935360373
986,2024-04-30,502.1686175993548,503.1560499967319,495.67132568359375,495.67132568359375,77483600.0,-0.015841334467873835,0.00850664449027927,496.6587768554688,504.2539935302734,460.0212692260742,7.484724313138145,0.4937607942837303,7.978485107421875,7.978485107421875,6.73640996116062,-0.0030782620757889845,-2.150983187478232,-1.9231838020667567,38.76344196754478
987,2024-05-01,495.0788828236565,501.8032953461073,493.5878501926421,494.0618286132813,80242800.0,-0.0032471054646801,0.008450949338507877,496.6390319824219,504.35527770996094,460.2893307495117,8.215445153465168,6.131969662513541,2.0834754909516278,8.215445153465168,6.801301462436746,-0.0003994841159681295,-2.426160401668369,-2.0237791219870793,32.953451206240246
988,2024-05-02,497.81403806563185,499.5321909315141,493.27184300217647,498.6829833984375,62550200.0,0.009353393679748079,0.008773104543528695,497.1831024169922,504.5401263427734,460.5641343688965,6.260347929337627,5.470362318232787,0.7899856111048393,6.260347929337627,6.619331681668078,0.011030490646811497,-2.2454674054040993,-2.0681167786704835,44.097331929085534
989,2024-05-03,504.73597832437986,506.1084937698732,502.1686479094306,504.8643493652344,72756700.0,0.012395381780769599,0.008885704275994895,498.775830078125,504.64601745605466,460.86491104125975,3.939845860442574,7.425510371435678,3.4856645109931037,7.425510371435678,6.323103155189147,0.03257530978704226,-1.5852090274422608,-1.971535228424839,56.95685740007745
990,2024-05-06,507.2934057556446,510.11744801239473,506.8490491130431,510.0779724121094,47264700.0,0.010326779962637644,0.008878595573357845,500.4396514892578,504.8492907714844,461.2065081787109,3.2683988993516095,5.253098647160357,1.9846997478087474,5.253098647160357,6.395746379807621,0.033718835645963674,-0.6339459637334812,-1.7040173754865675,62.18237191943429
991,2024-05-07,511.0555433826376,512.0528598136372,509.959507812529,510.6408386230469,52561300.0,0.0011034905276849916,0.008881512801130144,501.5742126464844,505.1004400634766,461.5509196472168,2.093352001108144,1.9748874015277806,0.11846459958036348,2.093352001108144,6.044501802087979,0.02272325261204955,0.16347107410445005,-1.330519685568364,66.22975404012155
992,2024-05-08,508.7843873643478,511.2332002346547,508.665900307274,510.6901245117187,42047200.0,9.651771841179269e-05,0.008876977682892377,502.73740234375,505.3340686035156,461.8857099914551,2.5672999273807022,0.5923616116078279,1.9749383157728744,2.5672999273807022,5.835022772557092,0.02330769503593788,0.7902967322007726,-0.9063564020145368,67.62409718775717
993,2024-05-09,510.87777575274464,513.6722262969421,510.2162129252239,513.6326904296875,43643700.0,0.00576194012128628,0.00866629009717162,504.3844360351562,505.6397393798828,462.22915603637693,3.4560133717182,2.982101785223392,0.4739115864948076,3.4560133717182,5.6163765543931685,0.03312868884297937,1.5071278283569427,-0.42365955594024096,75.65121303643294
994,2024-05-10,515.2521531600112,516.0717390144458,513.0600819270163,514.2943725585938,52233200.0,0.0012882399061335814,0.008521599865969039,505.6266296386719,505.9228125,462.57556869506834,3.011657087429512,2.439048584758325,0.5726085026711871,3.011657087429512,5.322262092772052,0.024751182035828156,2.1043561467013205,0.08194358458807131,73.53989178106536
995,2024-05-13,515.9926909456875,516.101294049221,513.2081242461536,514.3634033203125,36716400.0,0.00013422422138376078,0.007887876216804807,506.69798889160154,506.11335693359376,462.9370785522461,2.8931698030673942,1.8069214906272464,1.0862483124401479,2.8931698030673942,5.0662346035311225,0.021271908178562615,2.5537955321316304,0.5763139740967831,69.56403559100141
996,2024-05-14,514.5609091971558,517.246756798696,514.0178334036524,516.723388671875,57535900.0,0.004588167308032354,0.007285944733784026,508.8031951904297,506.36192932128904,463.288748626709,3.22892339504358,2.8833534783834693,0.3455699166601107,3.22892339504358,4.997821713468885,0.04247181932351607,3.0650782634950815,1.0740668319764428,71.7375238272631
997,2024-05-15,519.2215783394845,523.4181658986269,518.579723193792,523.1219482421875,59504900.0,0.012382949389534215,0.0075884797332125935,511.70920715332034,506.8392730712891,463.66816192626953,4.838442704834847,6.694777226751853,1.856334521917006,6.694777226751853,4.917415178920834,0.058818791385829794,3.941152639676602,1.6474839935164747,78.75736476353657
998,2024-05-16,523.2207013003554,524.8401049513539,521.8975153250047,522.045654296875,50244800.0,-0.002057443678150195,0.00742050499267944,514.0454742431641,507.24449340820314,464.04859283447263,2.942589626349104,1.718156709166351,1.224432917182753,2.942589626349104,4.676905953178651,0.04684874294130714,4.496764071079554,2.2173400090290905,74.30404506114292
999,2024-05-17,522.1641103603855,522.8652090411972,520.6928457686228,522.7960815429688,59187600.0,0.0014374743663070344,0.007348862554516713,515.8386474609375,507.5651043701172,464.4637939453125,2.1723632725744437,0.819554744322204,1.3528085282522397,2.1723632725744437,4.58521663716026,0.03551792120057584,4.9406901401454775,2.762010035252368,73.65207471429473
1000,2024-05-20,522.9146662253235,524.8796473700406,522.5196690954474,523.3984985351562,37764200.0,0.0011522982161793482,0.00687483393383564,517.1707000732422,507.95859802246093,464.88830856323244,2.3599782745932316,2.0835658270718795,0.2764124475213521,2.3599782745932316,4.183894720529643,0.026114686074474758,5.280247360127817,3.265657500227458,91.88552250640815
1001,2024-05-21,522.6282518632279,524.8400908059087,522.4208693618174,524.6820678710938,33437000.0,0.0024523748912728127,0.006739816808207771,518.5748229980469,508.38642517089846,465.3291571044922,2.419221444091363,1.4415922707524942,0.9776291733388689,2.419221444091363,3.7698787412886565,0.027497270460994372,5.588501455457958,3.730226291273558,96.71589533476114
1002,2024-05-22,523.9810886138737,524.7018950646127,520.9693712262205,523.17138671875,48390000.0,-0.0028792315286728654,0.006529172952087354,519.82294921875,508.6757574462891,465.7434016418457,3.7325238383922397,0.01982719351894957,3.71269664487329,3.7325238383922397,3.5893198776497,0.02443999131364616,5.645814270638425,4.113343887146532,91.278591240936
1003,2024-05-23,526.2620025028626,526.370605604358,518.1255087640279,519.3499755859375,57211200.0,-0.007304319826777594,0.006834482426782476,520.394677734375,508.90460876464846,466.1481130981445,8.24509684033012,3.1992188856080475,5.045877954722073,8.24509684033012,3.6478617682850176,0.011131077251853139,5.321535795918521,4.35498226890093,76.52812009232713
1004,2024-05-24,521.2162107208669,523.6058407166882,520.2584301434748,522.7862548828125,41258400.0,0.006616500353154198,0.006776239837700814,521.2438659667969,509.2222662353516,466.5846603393555,3.3474105732134376,4.255865130750749,0.9084545575373113,4.255865130750749,3.5766308028271885,0.016511715424712747,5.280946327487868,4.540175080618318,74.89374166821098
1005,2024-05-28,523.6058519754333,523.8428261329518,520.4855315198485,523.151611328125,36269600.0,0.0006988639083373993,0.006587294959164223,522.1226867675781,509.61684448242187,467.0222529602051,3.357294613103363,1.0565712501393136,2.3007233629640496,3.357294613103363,3.666912417969704,0.017085601252116556,5.218108980879151,4.675761860670485,74.69795754597058
1006,2024-05-29,519.0735154350635,520.6830352503243,518.7674137672095,519.4882202148438,45190300.0,-0.00700254196671779,0.0068601210259447345,522.399169921875,509.87831726074216,467.44279861450195,1.915621483114819,2.4685760778006625,4.3841975609154815,4.3841975609154815,3.7966908203650456,0.005350699433356754,4.817175483976712,4.70404458533173,65.19971318908438
1007,2024-05-30,517.9280829339874,518.5995297613006,514.7781710383293,516.0420532226562,46468500.0,-0.006633773121481501,0.005927320350195719,521.6911804199219,510.0145819091797,467.83409698486327,3.8213587229712402,0.8886904535431768,4.710049176514417,4.710049176514417,3.886264806421918,-0.013533928452670319,4.173249303448642,4.597885528955113,54.091258646314195
1008,2024-05-31,517.0097851977956,520.8706195756462,511.845472480173,520.7422485351562,90785800.0,0.009108163342788744,0.005999829474904962,521.56083984375,510.15065002441406,468.2743946838379,9.025147095473187,4.828566352989924,4.196580742483263,9.025147095473187,4.315799806996466,-0.0024967275390391785,3.996134693451495,4.47753536185439,59.62836175122768
1009,2024-06-03,522.3715079503993,522.657841650115,516.032148544318,521.1668090820312,46835700.0,0.0008152988317526866,0.005799910753943443,521.3979125976563,510.2612420654297,468.7326907348633,6.625693105796927,1.9155931149587104,4.710099990838216,6.625693105796927,4.58240861433429,-0.003116458822967627,3.8456977669258094,4.351167842868674,60.052523073537714
1010,2024-06-04,519.8437132727871,522.49990899419,518.3625645865347,521.7494506835938,34632700.0,0.0011179560774192687,0.005301425296790418,521.2330078125,510.40303894042967,469.2102639770508,4.137344407655291,1.3330999121587865,2.804244495496505,4.137344407655291,4.647295829520841,-0.0031506545322115276,3.7304869947932957,4.227031673253599,57.83804775529551
1011,2024-06-05,524.0995500261425,527.9702684234203,522.0851492209949,527.9505004882812,47610400.0,0.011885110365833507,0.0054390815140505375,521.5598510742187,510.6972943115234,469.717816619873,5.885119202425358,6.220817739826543,0.3356985374011856,6.220817739826543,4.613441580454747,0.006229358343518898,4.092380112216688,4.200101361046217,57.57670950280328
1012,2024-06-06,528.2565984124882,528.6910711058155,525.985515807043,527.9406127929688,30808500.0,-1.87284514425734e-05,0.005450275975464929,522.0367736816406,511.0103106689453,470.2114469909668,2.705555298772424,0.7405706175342175,1.9649846812382066,2.705555298772424,4.596510557056413,0.009115991805535462,4.328489033509641,4.225778895538902,59.57034849730973
1013,2024-06-07,526.9531296011007,530.1425771236412,525.8472101733005,527.2987670898438,43224500.0,-0.0012157536048030826,0.005475861462282287,522.8316528320313,511.22438537597657,470.7076812744141,4.2953669503407355,2.2019643306724674,2.093402619668268,4.2953669503407355,4.748153676896862,0.015305269813362887,4.412945778620838,4.26321227215529,57.33588429962452
1014,2024-06-10,526.4792263610262,529.253909134287,525.8769070309806,528.9280395507812,35729300.0,0.0030898469001348072,0.005403403120343951,523.4458312988281,511.4730194091797,471.1882241821289,3.3770021033063813,1.9551420444432779,1.4218600588631034,3.3770021033063813,4.820798236090659,0.011748175493530244,4.558796065507863,4.322329030825805,58.71718882303133
1015,2024-06-11,527.3580331066662,530.2610867954452,525.3634003577233,530.2018432617188,36383400.0,0.0024082741236772787,0.005407644691065914,524.1508544921875,511.7651031494141,471.7051284790039,4.897686437721859,1.3330472446639305,3.5646391930579284,4.897686437721859,4.997831449921408,0.013476460324178818,4.722728112625077,4.40240884718566,58.704473704473706
1016,2024-06-12,534.823022521598,537.2817195863698,533.5097205376181,534.556396484375,63251300.0,0.008213010343132154,0.005592409672535877,525.6576721191407,512.2098406982421,472.2287602233887,3.7719990487516952,7.079876324651082,3.3078772758993864,7.079876324651082,5.236928056082754,0.02900580933923691,5.1447164053348615,4.550870358815501,66.47593777491988
1017,2024-06-13,536.323966242378,536.5016968534992,532.808709085761,535.6327514648438,44760900.0,0.002013548032625989,0.005557497451468107,527.6167419433593,512.6648504638672,472.7441455078125,3.6929877677381455,1.9453003691241975,1.747687398613948,3.6929877677381455,4.911777408040471,0.03796337550369122,5.502567842163785,4.741209855485158,75.59753520924048
1018,2024-06-14,534.0824723877374,535.9882097983759,533.0653880279153,535.9586181640625,40089900.0,0.0006083770985392256,0.004994147210775209,529.13837890625,513.2515832519531,473.2298976135254,2.9228217704605868,0.3554583335321695,2.5673634369284173,2.9228217704605868,4.816560025162602,0.029220539857693018,5.74622351548976,4.942212587486078,72.9524097179977
1019,2024-06-17,535.2673734870664,541.6363245352009,534.8032489186013,540.2242431640625,55839500.0,0.007958870060923662,0.005146779342707108,531.0441223144531,513.8177764892578,473.7279411315918,6.833075616599558,5.677706371138356,1.155369245461202,6.833075616599558,5.064830096840901,0.03656686064793435,6.211915584158305,5.196153186820523,76.1888622575088
1020,2024-06-18,540.2835606431654,541.725233844278,539.8589718842574,541.5968627929688,41376400.0,0.0025408330823268876,0.00515019750884232,533.0288635253906,514.4056964111328,474.23607147216796,1.8662619600206654,1.5009906802155228,0.3652712798051425,1.8662619600206654,4.8849775539198435,0.03804012075790597,6.6154797042626114,5.480018490308941,86.4775592739694
1021,2024-06-20,542.5348869014116,543.206333734204,538.3284150280085,540.1255493164062,70328200.0,-0.0027166211210586377,0.005239068721874885,534.2463684082031,514.9523394775391,474.73274200439454,4.877918706195487,1.6094709412352586,3.2684477649602286,4.877918706195487,4.896968234611348,0.02306096654300882,6.738902601322138,5.731795312511581,92.50590323859426
1022,2024-06-21,539.2924747513658,540.5307472774641,537.9254170455512,539.4014282226562,64513900.0,-0.0013406532882335176,0.005270325013268578,535.3924499511719,515.5871929931641,475.2353175354004,2.6053302319129443,0.40519796105786554,2.200132270855079,2.6053302319129443,4.4384098872141875,0.021708531512770524,6.7010401957981,5.925644289168885,88.30900633571257
1023,2024-06-24,539.2231194967758,541.8185338516724,537.5291409294473,537.6480102539062,45528700.0,-0.0032506735744611825,0.005285764153453584,536.4273742675781,516.1103527832031,475.74387786865236,4.289392922225147,2.4171056290161914,1.8722872932089558,4.289392922225147,4.271531302673346,0.019626905674708706,6.455136989452512,6.031542829225611,82.08660107419554
1024,2024-06-25,538.8862381242648,540.0849075862001,537.3507924251047,539.7183837890625,38273300.0,0.003850797353790014,0.004924545494736079,537.5064086914062,516.816123046875,476.2694822692871,2.7341151610953602,2.4368973322938245,0.2972178288015357,2.7341151610953602,4.17130064220478,0.020400401248240607,6.354072970311563,6.096048857442802,83.06747088092911
1025,2024-06-26,538.5890968132603,541.1151605924962,537.935315544085,540.3920288085938,38550600.0,0.0012481416971605874,0.004802293806011477,538.5254272460937,517.6617572021485,476.7951818847656,3.1798450484111527,1.3967768034336814,1.7830682449774713,3.1798450484111527,3.9540883071036808,0.019219445719363293,6.256218734989261,6.128082832952094,78.74301313615008
1026,2024-06-27,540.2533395091051,541.8284487491936,539.5004601471773,541.2439575195312,35041500.0,0.001576501253757856,0.004797972854812746,539.1941833496094,518.5425994873046,477.3108288574219,2.327988602016376,1.436419940599876,0.8915686614164997,2.327988602016376,3.9271192573353915,0.012510487348273092,6.176216496392954,6.137709565640266,79.58305057140531
1027,2024-06-28,542.0265552795133,545.1173392760371,537.85609191082,539.1141357421875,76144500.0,-0.00393504952388668,0.00456291684644133,539.5423217773438,519.4396966552735,477.82784317016603,7.261247365217059,3.8733817565058644,3.387865608711195,7.261247365217059,4.138967858397986,0.00649957320164396,5.873252133529149,6.084818079218043,74.64336543871843
1028,2024-07-01,540.5108902585941,540.758544752217,537.4300828689322,540.2236328125,40297800.0,0.002058000331942811,0.004136056251591607,539.9688232421875,520.3793237304687,478.3478651428223,3.3284618832847173,1.6444090100294488,1.6840528732552684,3.3284618832847173,4.13550069982501,0.007957731257400846,5.657462132523733,5.999346889879181,74.08139949460382
1029,2024-07-02,538.5990732354992,543.8592529296875,538.5495544229893,543.8592529296875,40434800.0,0.006729842784292561,0.003966262605679954,540.33232421875,521.4777673339844,478.86725875854495,5.309698506698169,3.6356201171875,1.6740783895106688,5.309698506698169,4.164930133323318,0.006728705369338783,5.713944367494264,5.942266385402198,76.45271652137728
1030,2024-07-03,543.5421627913393,546.6527176503928,543.5025598400373,546.2861938476562,32789900.0,0.004462443003212968,0.003988000094139355,540.8012573242188,522.5346960449219,479.4252920532227,3.150157810355495,2.7934647207052876,0.3566930896502072,3.150157810355495,3.884235953730776,0.008658342351735682,5.886682780172464,5.931149664356251,74.5525299782557
1031,2024-07-05,546.5932717248053,549.8424670776978,545.9493458886657,549.4363403320312,41488400.0,0.00576647647305073,0.004050450012074632,541.7323364257812,523.5375183105468,479.9978018188477,3.893121189032172,3.5562732300415973,0.3368479589905746,3.893121189032172,3.8985311981089206,0.017238197725341742,6.206228175979618,5.9861653666809245,76.58530507071923
1032,2024-07-08,550.2288458063081,551.0312439407816,548.9905733480141,550.0703735351562,36110500.0,0.001153970272046223,0.0034335901335387905,542.7992309570312,524.5577612304687,480.5779913330078,2.0406705927674693,1.5949036087503146,0.44576698401715475,2.0406705927674693,3.8355203997022693,0.019779230744075837,6.436436155553793,6.076219524455499,76.85998610572199
1033,2024-07-09,551.0412210519627,551.9525727530728,550.3081733491656,550.6053466796875,27289700.0,0.0009725540044869252,0.0034117429671358624,544.0949645996094,525.62662109375,481.18080673217776,1.6443994039071868,1.8821992179165363,0.23779981400934957,1.8821992179165363,3.4818863712249106,0.02410003604339961,6.58612475329619,6.1782005702236376,73.02976142118233
1034,2024-07-10,551.843584377519,556.4004030574295,551.5464110657902,556.0537109375,38701200.0,0.009895225846729971,0.003733032381630209,545.7284973144531,526.7102465820312,481.84640350341795,4.853991991639305,5.7950563777419575,0.9410643861026529,5.7950563777419575,3.7625145439192886,0.030266390100993412,7.062973940147231,6.3551552442083565,77.16003091409871
1035,2024-07-11,556.1725813645302,557.0542459098444,550.6152288053468,551.2590942382812,53054200.0,-0.008622578367717515,0.004452182278084012,546.8152038574219,527.6624322509765,482.4927824401855,6.43901710449768,1.0005349723444397,5.43848213215324,6.43901710449768,3.8740215723694456,0.02010959609016849,6.973607453096861,6.478845685986058,68.59464705114823
1036,2024-07-12,552.3983011311424,558.3816118783382,551.9228238555439,554.7361450195312,53084400.0,0.0063074710559731795,0.004551120454214551,548.1644226074219,528.8437286376953,483.1476737976074,6.458788022794238,7.122517640056913,0.6637296172626748,7.122517640056913,4.1966778158083,0.024928107395107757,7.1014912369253125,6.6033747961739095,73.4544436146378
1037,2024-07-15,556.7570277181121,559.5406617004013,554.3795204861657,556.26171875,40584300.0,0.0027500889281606433,0.004339412335865959,549.8791809082031,530.0877264404297,483.8413204956055,5.161141214235613,4.8045166808700515,0.35662453336556155,5.161141214235613,4.258945550951905,0.03180696233128022,7.242454598914605,6.731190756722049,78.66947939992517
1038,2024-07-16,557.5891048142814,559.8575980887277,556.8263096664786,559.5604248046875,36475300.0,0.005930133143262406,0.004427533322764647,551.8128601074219,531.3052752685547,484.55062759399414,3.0312884222491903,3.595879338727741,0.5645909164785508,3.595879338727741,4.320500135068504,0.03579405049630413,7.533505526785348,6.891653710734709,79.44716590095508
1039,2024-07-17,553.5573788940302,555.2513576014627,551.3879228494364,551.71484375,57119000.0,-0.014020972011067334,0.005653818882475306,552.5984191894531,532.24228515625,485.2085987854004,3.863434752026251,4.309067203224799,8.17250195525105,8.17250195525105,4.6771184855570676,0.014444161385497534,7.049826647942268,6.923288298176221,63.85465506193456
1040,2024-07-18,553.2700660994436,554.2705999484662,545.2658557697873,547.4749145507812,56270400.0,-0.007685001132831548,0.005775166873507127,552.7172912597656,532.9902239990234,485.8504685974121,9.004744178678834,2.555756198466156,6.448987980212678,9.004744178678834,5.154029598175815,0.0021760035609768025,6.25230808426204,6.789092255393385,57.04049345798518
1041,2024-07-19,547.2372293030306,548.8816891943164,542.7695320353313,543.8394165039062,65509100.0,-0.006640483335858427,0.005969217390219964,552.1575988769531,533.6541955566406,486.4749940490723,6.1121571589851555,1.4067746435351864,4.705382515449969,6.1121571589851555,5.071951726302108,-0.010186664800407419,5.266208988360063,6.484515601986721,55.16350418514689
1042,2024-07-22,547.8118060573195,550.0605284790182,545.8504015789395,549.4463500976562,43346700.0,0.010309906607715913,0.006316228543686772,552.0951965332031,534.4293200683594,487.1555937194824,4.2101269000787624,6.221111975111967,2.0109850750332043,6.221111975111967,5.278569590004054,-0.0011344429140758283,4.880887202885674,6.163789922166512,59.176108657077506
1043,2024-07-23,549.3372304392366,551.5166019194357,548.0891026693448,548.5844116210938,34439600.0,-0.0015687400169448473,0.006320349959431799,551.8931030273437,535.1283544921876,487.8168342590332,3.427499250090932,2.070251821779493,1.3572474283114389,3.427499250090932,5.14412678596068,-0.0036703876393148205,4.454615644023079,5.821955066537825,54.97591645381191
1044,2024-07-24,543.7105808194543,544.0176699808688,535.2209773062864,536.1521606445312,74515300.0,-0.022662421157437884,0.008111634827024573,549.9029479980469,535.5655102539063,488.4166981506348,8.79669267458246,4.566741640224905,13.363434314807364,13.363434314807364,5.87364653627867,-0.035790697735682664,3.0781308331768287,5.273190219865626,41.18558912091599
1045,2024-07-25,536.2710620902797,542.3237843826932,532.4076879374397,533.358642578125,61158300.0,-0.005210308325621638,0.0081318777039663,548.1129028320313,535.9454150390625,488.97788833618165,9.916096445253515,6.171623738161998,3.744472707091518,9.916096445253515,6.303859054580195,-0.032471938961643354,1.7417651574651245,4.566905207385526,35.92859409338237
1046,2024-07-26,537.192383905728,542.0562919162144,536.4097569520611,539.3320922851562,53763800.0,0.011199686721409474,0.008521468563866815,546.5724975585938,536.3975891113281,489.5554652404785,5.646534964153261,8.697649338089377,3.051114373936116,8.697649338089377,6.779357536388902,-0.02776825139784722,1.1514203436369144,3.883808234635804,41.40502715240718
1047,2024-07-29,540.8972973275345,541.9176024979843,537.6282093301492,539.6491088867188,39515800.0,0.0005877948041610459,0.008514710800820512,544.9112365722656,536.7281323242188,490.12359786987304,4.289393167835101,2.5855102128280123,1.7038829550070886,4.289393167835101,6.951299961383086,-0.02986473687352087,0.7010669523732531,3.247259978183294,41.19986940036925
1048,2024-07-30,541.1350205544782,542.2049049678778,533.4676465939222,536.9149780273438,46853600.0,-0.005066497496892808,0.008543683018027626,542.6466918945313,537.0255187988281,490.6693341064453,8.737258373955683,2.5557960811590874,6.181462292796596,8.737258373955683,7.161457246826923,-0.040470065025145496,0.1221293043120113,2.6222338434090378,33.9268084896985
1049,2024-07-31,543.8294859958498,548.3070989978249,542.4426569823155,545.642333984375,65663400.0,0.016254633068900404,0.009259602526905714,542.0394409179687,537.4824438476562,491.27174682617186,5.864442015509439,11.392120970481187,5.527678954971748,11.392120970481187,7.51525038011146,-0.011006609364269115,0.363353225573519,2.170457719841934,45.5751893256401
1050,2024-08-01,547.3857715555625,549.6641807633281,534.3690370943198,537.9154663085938,76428700.0,-0.014161048720978675,0.009671713190791872,541.08349609375,537.772783203125,491.8461134338379,15.295143669008326,4.0218467789530905,11.273296890055235,15.295143669008326,8.099009382179418,-0.017460979467947446,-0.06818275584328148,1.7227296247048909,37.58048641555145
1051,2024-08-02,530.7236279231074,531.9519846487756,523.6406845786929,527.900390625,82789100.0,-0.018618307728389905,0.010368496974439404,539.4895935058594,537.8371496582031,492.3481494140625,8.311300070082666,5.9634816598181715,14.274781729900837,14.274781729900837,8.749983704726933,-0.029308331458155257,-1.2044271518741425,1.1372982693890843,31.392219741213324
1052,2024-08-05,506.8398023590429,518.6677835651788,505.4826303199704,512.5259399414062,146267400.0,-0.029123772129418968,0.01182583314345309,535.7975524902344,537.6242407226563,492.77341125488283,13.185153245208369,9.232607059821248,22.417760305029617,22.417760305029617,10.094403773748496,-0.0671956600488618,-3.307373361109512,0.248363943289365,23.36182848293575
1053,2024-08-06,514.3487174048885,524.7799553554416,513.0114071118838,517.2512817382812,84826300.0,0.009219712464534346,0.012103366780487457,532.6642395019531,537.5822668457031,493.25078033447267,11.768548243557802,12.254015414035393,0.485467170477591,12.254015414035393,10.38594044937595,-0.057116332908953016,-4.540339582712932,-0.7093767619110943,29.766297839281663
1054,2024-08-07,523.5118440416625,526.6026277008622,513.1896218330463,513.7938842773438,70698300.0,-0.006684173791350556,0.01209762781536989,530.4284118652344,537.4024194335938,493.72939208984377,13.413005867815855,9.351345962580922,4.061659905234933,13.413005867815855,10.700816284314309,-0.04170136391935764,-5.730400783614186,-1.7135815662517129,30.042343519213716
1055,2024-08-08,518.994631875678,526.3053973005219,516.9441058934248,525.6714477539062,63276600.0,0.023117370291918515,0.01311556682696672,529.6596923828125,537.4528161621093,494.2930778503418,9.361291407097156,12.511513023178168,3.150221616081012,12.511513023178168,11.157913131756667,-0.014412806338078177,-5.649983261590364,-2.5008619053194434,40.19254846659726
1056,2024-08-09,524.8392831555863,529.495199519807,523.6010107428957,527.9894409179688,45619600.0,0.004409585443468256,0.013124163733835145,528.5254272460937,537.6228405761718,494.871932220459,5.894188776911278,3.823751765900738,2.07043701101054,5.894188776911278,11.13456147474233,-0.021030922374985273,-5.337679671286423,-3.0682254585128397,37.99067265897542
1057,2024-08-12,529.1980901235476,530.7037884446491,525.9686656073576,528.2669067382812,42542100.0,0.0005255139569271261,0.01300192419270019,527.38720703125,537.8673376464844,495.4366345214844,4.735122837291556,2.714347526680399,2.020775310611157,4.735122837291556,11.227963159542375,-0.021091857581158058,-5.010035087276606,-3.456587384265593,38.55350263190832
1058,2024-08-13,531.4963351382646,537.1923889659508,531.2486806240174,536.95458984375,52333100.0,0.01644563192328241,0.013594939527315473,527.3911682128906,538.1915844726562,496.07457946777345,5.943708341933416,8.92548222766959,2.9817738857361746,8.92548222766959,10.910966581889678,7.377670213593035e-05,-4.003204523444765,-3.5659108121014276,50.47198769033702
1059,2024-08-14,537.7569791487715,539.847229165935,535.052611245972,538.6485595703125,42446900.0,0.0031547727845206985,0.013531495869111924,526.6917907714844,538.5412194824219,496.74550430297853,4.794617919963002,2.892639322185005,1.9019785977779975,4.794617919963002,10.545146687226069,-0.0128175069610027,-3.033625106090767,-3.4594536708992956,53.152296626493396
1060,2024-08-15,544.3445900065761,548.168360968592,543.730411684699,547.881103515625,60846800.0,0.017140199822825997,0.01382112526367546,527.6883544921875,539.0638525390625,497.47175827026365,4.437949283892976,9.51980139827947,5.081852114386493,9.51980139827947,10.603871834382504,0.01852640020823304,-1.502912654052352,-3.068145467529907,54.90393240291883
1061,2024-08-16,546.246535635152,549.8127965494804,546.0880633659141,549.1094360351562,44430700.0,0.00224196912733321,0.013723200554308998,529.8092590332031,539.48703125,498.1800854492187,3.7247331835662862,1.9316930338553675,1.7930401497109187,3.7247331835662862,10.563538978363303,0.04017622602068194,-0.18852266694796072,-2.492220907413518,55.37053719924604
1062,2024-08-19,549.5255203879397,554.3597412109375,548.6636875389138,554.3597412109375,39121800.0,0.009561491446388404,0.013772861663793826,533.9926391601563,540.0154138183593,498.9018696594238,5.696053672023709,5.25030517578125,0.4457484962424587,5.696053672023709,10.346310071082447,0.08162279800767513,1.262246227762489,-1.7413274803783167,59.62816612936369
1063,2024-08-20,553.9041032003555,555.5782501123483,552.1011711057072,553.4583129882812,33732300.0,-0.0016260708627346965,0.013614982681461656,537.6133422851562,540.5386047363281,499.5972839355469,3.4770790066411337,1.2185089014108144,2.2585701052303193,3.4770790066411337,9.780949930808159,0.06999892030875632,2.3125951477053377,-0.9305429547615859,54.72170908782525
1064,2024-08-21,554.5182284209087,556.8362405615584,549.5254752640853,555.3602294921875,41514600.0,0.003436422327161903,0.013621957882163907,541.7699768066407,541.0672485351563,500.2625016784668,7.31076529747304,3.377927573277134,3.932837724195906,7.31076529747304,9.21063718998421,0.08090081740328081,3.2608835650922856,-0.09225765079081161,61.336385826215746
1065,2024-08-22,557.2820707271261,557.8962490623195,549.7731692085193,551.0015258789062,56121500.0,-0.007848425907751366,0.012705834054391284,544.3029846191406,541.4832421875,500.8866610717773,8.123079853800164,2.536019570131998,5.5870602836681655,8.123079853800164,8.771229913119877,0.04818614028445056,3.6189806572552925,0.6499900108184093,66.20334179556227
1066,2024-08-23,554.2804965886761,557.8070941103703,552.0614615681247,556.8560791015625,50639400.0,0.010625294028573817,0.01276499579142527,547.1896484375,541.9292358398437,501.53519119262694,5.745632542245517,6.805568231464008,1.0599356892184915,6.805568231464008,7.656073336436618,0.05467275658658233,4.325328998993655,1.3850578084534586,85.88601734651829
1067,2024-08-26,557.896216929936,558.6193486946379,553.8049599073349,555.5286254882812,35788600.0,-0.0023838360809905756,0.012625988050165612,549.9158203125,542.3271533203125,502.1710055541992,4.81438878730296,1.7632695930753925,3.0511191942275673,4.81438878730296,7.1246714345271585,0.0516059560087232,4.723550585347425,2.052756363832252,82.7900532265317
1068,2024-08-27,554.240856351132,556.7867518721707,553.0818502181188,556.2914428710938,32693900.0,0.0013731378507129133,0.012624357234143674,551.8495056152344,542.7338098144531,502.80906555175784,3.7049016540519233,1.2581263838894756,2.4467752701624477,3.7049016540519233,6.431235419258306,0.036012082572886905,5.042569447525921,2.6507189805709857,88.16730289801369
1069,2024-08-28,555.944805281924,556.3806796641229,549.8326480761413,553.0620727539062,41066000.0,-0.00580517669033398,0.012644649798437898,553.2908569335938,542.99056640625,503.4476943969727,6.548031587981654,0.08923679302915843,6.458794794952496,6.548031587981654,6.005272459601413,0.026758659106211224,4.9774342510237375,3.116062034661536,79.12375884223505
1070,2024-08-29,555.0531441896234,558.3915218624276,551.9525051521193,553.1115112304688,38715200.0,8.939046627509661e-05,0.01218444317553851,553.8138977050781,543.220859375,504.0533839416504,6.439016710308238,5.329449108521317,1.109567601786921,6.439016710308238,6.044188740558338,0.00954661090021447,4.873623314560973,3.4675742906414238,78.06560095570326
1071,2024-08-30,555.5088687841893,558.9066812293946,551.9129206487703,558.3915405273438,62700100.0,0.009546048472447888,0.011829987157518462,554.7421081542968,543.5861791992188,504.6875325012207,6.9937605806243255,5.795169998925871,1.1985905816984541,6.9937605806243255,6.20552000793925,0.01690392457869394,5.157949011218989,3.805649234756937,80.27081462727723
1072,2024-09-03,555.2116295150004,555.5484662312776,544.3544951641693,546.900390625,60600100.0,-0.02057901860671374,0.012006015518812802,553.9961730957032,543.7361584472657,505.222361907959,11.19397106710835,2.8430742960661064,14.037045363174457,14.037045363174457,6.570631660475312,-0.013455794191770454,4.405258336775887,3.9255710551607272,59.4610160989159
1073,2024-09-04,545.0380423502995,549.2283371934773,544.304994695349,545.781005859375,47224900.0,-0.002046779970929946,0.009769798905439539,553.2284423828125,543.898818359375,505.74693786621094,4.92334249812825,2.327946568477273,2.5953959296509765,4.92334249812825,6.579826273201401,-0.01387151832168576,3.6760453958743255,3.875665923303447,56.859780079411856
1074,2024-09-05,545.7216335035239,548.6043056443475,541.9671521129878,544.45361328125,44264300.0,-0.002432097423461843,0.00973229290916389,552.1377807617188,543.9935229492188,506.26218078613283,6.637153531359672,2.823299784972505,3.813853746387167,6.637153531359672,6.373922854135701,-0.019638813929672927,2.9569435938261677,3.6919214574079913,46.11239414934565
1075,2024-09-06,544.7804197789798,546.4248189179493,534.3789316488474,535.290283203125,68493800.0,-0.016830322831178357,0.010436785954089796,550.5666564941406,543.8914880371094,506.72886169433593,12.045887269101968,1.9712056366993238,10.074681632402644,12.045887269101968,6.968291003102536,-0.02851397307969361,1.6288694852048593,3.279311062967365,36.71676536607173
1076,2024-09-09,539.5400715589968,542.5713599602232,537.588522826048,541.2835083007812,40445800.0,0.011196214999071863,0.009514516305959682,549.0093994140625,543.8922790527344,507.20849899291994,4.982837134175156,7.2810767570981625,2.298239622923006,7.2810767570981625,7.081506937750711,-0.027965162607017202,1.0478849978052267,2.8330258499349377,37.607860966216776
1077,2024-09-10,543.2153378505611,543.9979648614943,538.2820789602596,543.6412963867188,36394600.0,0.004355920787868062,0.009513685391417826,547.8206665039063,543.982822265625,507.70477828979494,5.715885901234742,2.7144565607130744,3.0014293405216677,5.715885901234742,7.241421715935969,-0.021398229643187383,0.7688416712528579,2.4201890141985216,40.946476577310854
1078,2024-09-11,543.5520781692663,550.1495670752728,534.8940870094609,549.2183837890625,75248600.0,0.010258763341584931,0.009702370045946642,547.1133605957032,544.1627172851563,508.2203645324707,15.255480065811867,6.508270688554035,8.747209377257832,15.255480065811867,7.808901342245885,-0.012714664539016152,0.9863521150667793,2.1334216343721732,44.69540262604665
1079,2024-09-12,549.80292700237,554.151754700655,547.5542047078643,553.8446655273438,51892700.0,0.00842339199639408,0.009248281228174043,547.1916198730469,544.3624255371094,508.7577095031738,6.597549992790732,4.933370911592533,1.6641790811981991,6.597549992790732,7.699934923602354,0.0014150179735534785,1.5145739163785947,2.0096520907734576,52.444269070042246
1080,2024-09-13,554.4587735111908,557.7476322358331,554.2012031799659,556.7371826171875,39310500.0,0.005222614335536946,0.009277555978153518,547.5541870117188,544.5714453125,509.313536529541,3.546429055867179,3.9029667084893163,0.3565376526221371,3.9029667084893163,7.492606243389877,0.00655504597735268,2.1419049084322523,2.0361026543052168,49.89229857400658
1081,2024-09-16,556.4697321910213,557.8268739812047,554.6470289741064,557.5594482421875,36656100.0,0.001476936785746119,0.008569631087393007,547.4709777832031,544.7339074707031,509.8712692260742,3.1798450070982653,1.0896913640171988,2.0901536430810665,3.1798450070982653,7.375853116232398,-0.001490159188963447,2.6745882152159766,2.1637997664873687,51.856596825042544
1082,2024-09-17,559.7982156086712,561.2643713841238,555.5286543862046,557.7872924804688,49321000.0,0.0004086456412846218,0.008564285052756275,548.55966796875,544.8882458496093,510.43170959472656,5.735716997919212,3.7049231419363196,2.0307938559828926,5.735716997919212,7.520911355080061,0.019906553445732778,3.079628657314288,2.3469655446527526,51.38102805107573
1083,2024-09-18,558.4510079757443,563.354579399442,555.5683360633434,556.1329956054688,59044900.0,-0.0029658202997837613,0.008355937648475682,549.5948669433594,544.998798828125,510.9751039123535,7.786243336098551,5.5672869189731955,2.218956417125355,7.786243336098551,7.609355051374125,0.018967295737589263,3.229905849473198,2.5235536056168417,52.92012573360077
1084,2024-09-19,565.6527944370424,567.5052452619498,562.7502909495536,565.623046875,75315500.0,0.0170643557287935,0.009114311489349158,551.7118103027344,545.190185546875,511.5527131652832,4.754954312396194,11.372249656481017,6.617295344084823,11.372249656481017,7.96172883324361,0.038881978330841616,4.067877473383987,2.832418379170271,60.0862643294144
1085,2024-09-20,564.237952213736,565.6985982057745,561.584845604879,564.6453247070312,77503100.0,-0.0017285755475674458,0.00911710507542117,554.647314453125,545.45791015625,512.1372476196289,4.113752600895509,0.07555133077448772,4.0382012701210215,4.113752600895509,7.756013977548695,0.05483948135252614,4.600055439135531,3.185945791163323,55.41731434190909
1086,2024-09-23,565.7284114396389,566.7121216588677,564.4962264504853,566.0562744140625,44116900.0,0.0024988247405808295,0.008901721294941869,557.1245910644532,545.6843127441406,512.7292778015137,2.215895208382335,2.066796951836409,0.14909825654592623,2.215895208382335,6.911646109349257,0.04576671140609645,5.0771360961783785,3.5641838521663343,70.10477415519591
1087,2024-09-24,566.8610977742745,567.7355202798775,563.9993624192057,567.6759033203125,46805700.0,0.0028612506908902713,0.008653798965559028,559.5280517578125,545.9125964355469,513.3384260559083,3.736157860671824,1.6792458658150053,2.0569119948568186,3.736157860671824,6.826847206673798,0.0442104142811417,5.522259303235387,3.955798942380145,72.74067744176729
1088,2024-09-25,567.5170087741786,568.2622511765038,565.301113457304,566.4239501953125,38428600.0,-0.002205401211637481,0.00865044621087922,561.2486083984375,546.0498669433593,513.9243046569824,2.961137719199769,0.5863478561913098,2.374789863008459,2.961137719199769,6.564274648662376,0.031327367972551645,5.708199922117956,4.3062791383277075,72.85484624683808
1089,2024-09-26,570.7364392510955,571.064362885533,566.2848774298052,568.6696166992188,48336000.0,0.003964639036064588,0.008675068464883159,562.731103515625,546.3889624023437,514.5117544555665,4.779485455727809,4.640412690220501,0.13907276550730785,4.779485455727809,6.0452459477070795,0.026767344879560007,5.967970670304908,4.638617444723148,90.56080408569517
1090,2024-09-27,569.7527127715928,570.5774039966909,566.8015214416548,567.8448486328125,42100900.0,-0.0014503466374615748,0.008553336410153262,563.8418701171875,546.7963610839844,515.0863061523437,3.7758825550361053,1.9077872974721686,1.8680952575639367,3.7758825550361053,5.794874933274075,0.0199513636998494,6.037690235008085,4.918432002780136,86.91246647451894
1091,2024-09-30,566.8015219435828,570.7364235043248,564.4763997038558,570.120361328125,63557400.0,0.004007278926261737,0.008568512284531472,565.0979614257812,547.3219799804688,515.6618919372559,6.260023800468957,2.891574871512262,3.3684489289566955,6.260023800468957,5.833741926076519,0.02252838352132347,6.205030619116542,5.175751726047418,86.88246966226797
1092,2024-10-01,569.7626465103712,570.4184330981693,562.409564342811,565.012939453125,72668800.0,-0.008958497576024071,0.008648481142636185,565.8205261230469,547.6333117675781,516.180567932129,8.008868755358321,0.2980717700443165,7.710796985314005,8.008868755358321,5.316126832472695,0.012954126187644022,5.8579954927728295,5.312200479392501,72.2917678840316
1093,2024-10-02,564.108796170998,566.2849064967246,561.6842717014576,565.25146484375,38097800.0,0.0004221591648074785,0.007164213204527241,566.732373046875,547.9666528320313,516.6930345153809,4.600634795266956,1.2719670435996022,3.3286677516673535,4.600634795266956,5.173490032649568,0.016396202545676752,5.538371758362246,5.35743473518645,68.37487341336558
1094,2024-10-03,563.7609747596233,566.185499206709,561.9028418329451,564.2180786132812,40846500.0,-0.0018281885050124291,0.007158810645432047,566.5918762207032,548.5279711914062,517.2041436767578,4.282657373763868,0.9340343629589825,3.348623010804886,4.282657373763868,5.200610794454893,-0.0024839303657816503,5.142403586141427,5.314428505377446,62.81853645272284
1095,2024-10-04,568.7192674387571,569.7228701967099,564.4962273588824,569.3452758789062,42939100.0,0.00908726157486206,0.00727418856314534,567.0618713378906,549.2477038574219,517.7278952026368,5.226642837827512,5.504791583428641,0.2781487456011291,5.504791583428641,5.366678407049919,0.008323722815403833,5.182576411589366,5.288058086619831,67.59870729488878
1096,2024-10-07,567.6759791031835,568.3318263939267,563.0356199616413,564.1981811523438,49964700.0,-0.00904037487378262,0.0064041442549655605,566.8760620117188,549.7450256347656,518.2117854309082,5.29620643228543,1.0134494849795601,6.30965591726499,6.30965591726499,5.407674044146047,-0.003282523921569691,4.744395696512697,5.179325608598404,58.34660385814683
1097,2024-10-08,566.8015630876895,570.1402952518803,565.9172548337782,569.5341186523438,37398700.0,0.009457558847675962,0.006296806144098209,567.0618835449219,550.3427258300782,518.7547413635253,4.223040418102073,5.942114099536525,1.7190736814344518,5.942114099536525,5.275950527248759,0.003273373629499865,4.772683361948225,5.097997159268369,65.92118735261785
1098,2024-10-09,569.5241486507804,574.0453343695604,568.9180327244846,573.4789428710938,37912200.0,0.006926405441844974,0.0063604841657262205,567.7673828125,551.0740051269531,519.2955680847168,5.127301645075704,4.511215717216601,0.6160859278591033,5.127301645075704,4.829882812148379,0.012455321978084744,5.055143341070675,5.08942639562883,60.749547755816536
1099,2024-10-10,572.117640001393,573.9161558957669,570.8457305312595,572.475341796875,44138100.0,-0.001750022536475826,0.006171372371695041,568.1479553222656,551.6106652832032,519.8267012023925,3.0704253645074004,0.4372130246731558,2.6332123398342446,3.0704253645074004,4.755359438120657,0.006692330636101529,5.138776078438923,5.099296332190849,60.70655394296492
1100,2024-10-11,572.3958058807981,576.6486847463361,572.2566794174254,575.9034423828125,42268000.0,0.0059882065403507045,0.006066529555839576,568.9538146972657,552.3704248046874,520.365131225586,4.392005328910727,4.17334294946113,0.2186623794495972,4.392005328910727,4.910795875301257,0.014191541526532347,5.419205465529444,5.163278158858568,62.76081461162944
1101,2024-10-14,577.533031622562,581.5573891736228,577.0461496161133,580.6134033203125,36217200.0,0.008178386498286061,0.006181189722360038,570.0031188964844,553.4246850585937,520.922878112793,4.511239557509498,5.653946790810323,1.1427072333008255,5.653946790810323,5.047780798882578,0.018404959205006177,5.952881151676934,5.321198757422241,65.52228663153609
1102,2024-10-15,580.8816580095407,581.1896890869497,574.8699878939491,576.1021728515625,54203600.0,-0.007769766324635219,0.006540682498712123,571.1120422363281,554.6962097167968,521.4571830749512,6.319701193000583,0.5762857666371701,5.743415426363413,6.319701193000583,5.287678189868351,0.019626512286905706,5.9432937897363445,5.445617763885062,60.76956095334603
1103,2024-10-16,576.1022278881695,579.1328682582629,575.2874222334457,578.606201171875,30725400.0,0.004346500392314434,0.006561852247040958,572.4475158691406,555.9233081054688,522.0108001708984,3.8454460248171927,3.0306954067003744,0.8147506181168183,3.8454460248171927,5.2209610876604495,0.023626186146756156,6.067804026990302,5.57005501650611,60.99384267556613
1104,2024-10-17,582.1932373716321,582.4019270642203,578.4670255981297,578.6558227539062,34393700.0,8.576054306153047e-05,0.006485144484531955,573.8912902832031,557.220546875,522.5777575683594,3.9349014660906505,3.795725892345331,0.13917557374531953,3.9349014660906505,5.232319581307203,0.02558894280046764,6.100164435633474,5.676076900331584,62.17001342551177
1105,2024-10-18,580.3649320688628,581.6765658652295,578.8843936568359,580.8816528320312,37416800.0,0.0038465526321536103,0.005508982968636772,575.0449279785156,558.3247509765625,523.1748425292968,2.7921722083935947,3.0207431113232133,0.22857090292961857,3.0207431113232133,5.000942389225364,0.020262532143286993,6.233559583274086,5.787573436920084,62.12765079343243
1106,2024-10-21,580.1463096888544,581.1399661656003,576.9169261394305,579.927734375,36439000.0,-0.0016421907154073878,0.005506653670528627,576.6178833007813,559.3635168457031,523.77458984375,4.22304002616977,0.25831333356904906,3.9647266926007205,4.22304002616977,4.730526051426182,0.02787948233106574,6.190937675784653,5.868246284692998,68.54462445397614
1107,2024-10-22,577.3641311814339,580.7922584378235,576.6983982686804,579.6197509765625,34183800.0,-0.0005310720287751147,0.005513003329351577,577.6264465332031,560.3905737304688,524.3696473693848,4.093860169143113,0.8645240628235342,3.229336106319579,4.093860169143113,4.694327863845907,0.017708565639726448,6.0624239708872665,5.907081821931852,67.8343070825101
1108,2024-10-23,577.5728237328826,578.0199813159995,570.7761861542631,574.3235473632812,49314600.0,-0.009137376019982102,0.005931839518399644,577.7109069824219,561.1379528808594,524.9053457641602,7.243795161736443,1.5997696605629699,8.843564822299413,8.843564822299413,5.020106967312732,0.0014727733296693302,5.470159965467815,5.819697450639045,61.3428533063683
1109,2024-10-24,576.3008478263231,576.3803573236686,572.91250602068,575.5655517578125,34979900.0,0.0021625517536818517,0.005906131633712741,578.0199279785156,561.8762927246094,525.450798034668,3.467851302988606,2.0568099603873407,1.4110413426012656,3.467851302988606,4.874611232995586,0.005397979153543897,5.042874728130641,5.664332906137364,57.64907029492073
1110,2024-10-25,577.82118431004,580.7524830298728,574.4129498913522,575.3668212890625,47268200.0,-0.0003452786014435105,0.005864646703519203,577.9662658691407,562.4260070800781,525.9820658874512,6.339533138520551,5.186931272060292,1.1526018664602589,6.339533138520551,4.876745320228126,-0.0009317900437089133,4.634785291363528,5.4584233831825975,65.63710786952768
1111,2024-10-28,578.8844678641772,579.013648071529,576.8375377335062,577.1455688476562,30174700.0,0.0030915017911679055,0.005870002122833284,577.619482421875,562.9867297363281,526.5232611083984,2.176110338022795,3.646826782466519,1.470716444443724,3.646826782466519,4.712796226151697,-0.0059727082647851315,4.404133426304384,5.247565391806955,61.8356415045632
1112,2024-10-29,576.1716647696521,579.2122510622435,574.7606896006656,578.0795288085938,42899700.0,0.0016182398537725184,0.005827535859305574,577.8172180175782,563.4611254882813,527.0675019836426,4.451561461577853,2.0666822145872175,2.3848792469906357,4.451561461577853,4.664529070187565,0.003432300814357081,4.247737649409032,5.0475998433273706,57.89287404658487
1113,2024-10-30,577.6025983681301,579.6197502905108,575.6152852535009,576.3307495117188,41435800.0,-0.0030251534775486144,0.005469895376400589,577.5896728515625,563.91857421875,527.6116122436523,4.0044650370098225,1.5402214819170013,2.4642435550928212,4.0044650370098225,4.731246189652024,-0.003932643057657614,3.937294317339706,4.825538738129838,56.44952144463072
1114,2024-10-31,571.9089845712656,571.9785478103307,564.8341545016019,565.0328979492188,60182500.0,-0.019603069196068024,0.007077481803293673,576.2273803710938,564.1120275878907,528.1122268676758,7.144393308728809,4.352201701388026,11.496595010116835,11.496595010116835,5.238716881166746,-0.023542361917061605,2.7479469175151507,4.410020374006901,35.605302590678605
1115,2024-11-01,567.6958554782392,571.8990031889416,567.0002837782789,567.4176025390625,45667500.0,0.004220470345176475,0.007122063583230426,574.8809753417969,564.4403491210937,528.6040933227539,4.898719410662693,6.866105239722856,1.967385829060163,6.866105239722856,5.325299627517642,-0.02317864616196108,1.9750392419989566,3.9230241476053127,31.379533678756474
1116,2024-11-04,567.5566780058409,568.8683117841309,564.2875701521782,566.1953735351562,38217000.0,-0.0021540202461768354,0.006845144859050092,573.5077392578125,564.6271350097657,529.0606126403809,4.580741631952719,1.450709245068424,3.130032386884295,4.580741631952719,5.201088230299937,-0.023679434567211,1.2494774760606333,3.388314813296377,34.5902551375943
1117,2024-11-05,567.1195331390961,573.0814724758461,566.9009578077806,573.041748046875,39478300.0,0.012091894126530889,0.007037601300149637,572.8499389648438,564.9773974609375,529.5463430786133,6.180514668065484,6.8860989406898625,0.7055842726243782,6.8860989406898625,5.418277724290841,-0.01134882467101006,1.2129278771741383,2.9532374260719294,42.37473277105129
1118,2024-11-06,585.4624773142872,588.1751404085513,581.6766481170673,587.290771484375,68182000.0,0.024865593974724653,0.008615516991457484,574.1466613769531,565.5973840332031,530.0963790893554,6.498492291484013,15.133392361676329,8.634900070192316,15.133392361676329,6.21816993111839,0.022578256072951053,2.3071438459704723,2.824018710051638,58.518023469344755
1119,2024-11-07,589.3178066973262,592.8651676361171,589.2382971968773,591.8317260742188,47233200.0,0.007732038047127077,0.008642646959456525,575.7732788085938,566.3727770996094,530.6665113830567,3.6268704392398377,5.574396151742121,1.9475257125022836,5.574396151742121,6.40057371971974,0.028261201989466356,3.5003847136364357,2.9592919107685978,60.32997227007657
1120,2024-11-08,592.3881801994943,595.8361998006164,592.3881801994943,594.3953857421875,46444900.0,0.0043317374770937,0.008628892879535296,577.6761352539063,567.1984545898438,531.2364682006836,3.448019601122155,4.004473726397691,0.5564541252755362,4.004473726397691,6.384961841164592,0.033072057249483144,4.5998780767610015,3.2874091439670785,63.24604638167085
1121,2024-11-11,596.0050580740726,596.362759831691,593.2128859447075,594.9617309570312,37586800.0,0.0009528089020014452,0.008577265284417079,579.4577514648438,567.9298583984375,531.8123081970215,3.149873886983528,1.9673740895035507,1.1824997974799771,3.149873886983528,6.317534249581764,0.03086944277324566,5.454062773535497,3.7207398698807626,63.98040897325089
1122,2024-11-12,594.8823246679941,595.48844063711,590.5996671575766,593.1136474609375,43006100.0,-0.0031062224676552397,0.008496746225806465,580.9611633300781,568.8541235351563,532.359909362793,4.88877347953337,0.5267096800787385,4.362063799454631,4.88877347953337,6.035049153669904,0.026007007519066816,5.91371577247628,4.159335050399866,68.27068365284295
1123,2024-11-13,593.5805842924092,595.4287708447639,591.1858987893664,593.4017333984375,47388600.0,0.000485717937419361,0.008255886468438346,582.66826171875,569.8065380859375,532.9108212280273,4.24287205539747,2.3151233838264034,1.9277486715710666,4.24287205539747,6.090407778841966,0.02962011640222517,6.229431207999937,4.5733542819198805,67.67094792346951
1124,2024-11-14,593.5309074092812,594.0177893902365,588.8905485392219,589.5860595703125,38904100.0,-0.006430169669833119,0.008400008814363164,585.1235778808593,570.7091870117188,533.4820790100098,5.127240851014676,0.616055991799044,4.511184859215632,5.127240851014676,6.003815472591547,0.04345439302774978,6.101411700163794,4.878965765568664,63.145397914503675
1125,2024-11-15,585.979088998431,586.456085364698,580.1562763950889,582.0343017578125,75988800.0,-0.012808575932076294,0.008919913640144763,586.5852478027343,571.6440673828125,533.9844715881347,6.299808969609103,3.1299742056145305,9.429783175223633,9.429783175223633,6.416883786359912,0.025760038379746497,5.329160332056745,4.96900467886628,54.08364390922857
1126,2024-11-18,582.5012570573457,585.75053306763,581.6268951744081,584.4190673828125,37084100.0,0.00409729395294689,0.008925043566482277,588.4076171875,572.5067785644532,534.4734407043456,4.1236378932219395,3.7162313098175446,0.40740658340439495,4.1236378932219395,6.39346067433449,0.03218622881687083,4.853626628188749,4.9459290687307735,55.17021329550263
1127,2024-11-19,581.0009140487828,587.2907160283254,580.3252349064234,586.555419921875,49412000.0,0.003655514780908309,0.00894145690616084,589.758984375,573.3650610351563,534.9819506835937,6.96548112190203,2.8716486455128916,4.093832476389139,6.96548112190203,6.604961823255361,0.023582351409926483,4.596166787782181,4.875976612541055,58.28635025845226
1128,2024-11-20,586.6349164650766,587.0422889360375,580.9213917152948,586.754150390625,50032600.0,0.0003388093639582479,0.00893807020903569,589.705322265625,574.1157763671876,535.4844160461425,6.120897220742677,0.48686901416249384,5.634028206580183,6.120897220742677,6.220983409728636,-0.000913723013889145,4.357928411320813,4.772366972297006,71.4650708041357
1129,2024-11-21,589.6358067130162,591.344866826489,583.7235382544677,589.904052734375,46750300.0,0.005368351193856924,0.008703685579957968,589.5125549316406,574.8369641113281,535.9823529052734,7.621328572021298,4.59071643586401,3.0306121361572878,7.621328572021298,6.274927933464239,-0.003257130793968277,4.372885671870222,4.69247071221165,71.89018839852932
1130,2024-11-22,589.8941208684593,592.3683766226027,589.3874069721955,591.732421875,38226400.0,0.003099434784606059,0.00871066475191916,589.2462585449218,575.5368688964844,536.4883488464355,2.9809696504071326,2.464323888227682,0.5166457621794507,2.9809696504071326,6.160658506210983,-0.004480122038401091,4.480623677286417,4.650101305226603,74.56993698947085
1131,2024-11-25,595.7169908429067,597.0484566493915,591.4243872937958,593.7396240234375,42441400.0,0.0033920773549593886,0.008712345864941842,589.1240478515625,576.2604724121094,536.9902058410645,5.6240693555956796,5.316034774391483,0.3080345812041969,5.6240693555956796,6.0705135358471125,-0.0020540933475299283,4.674091246906187,4.65489929356252,71.9587909241608
1132,2024-11-26,595.0014818573266,597.5154618364036,594.2761320418831,596.8397827148438,45621300.0,0.0052214111471931,0.008743724946268187,589.4966613769532,577.0415222167969,537.5086463928222,3.239329794520472,3.775837812966074,0.5365080184456019,3.775837812966074,5.259259639510666,0.006282329313880286,5.01970851191254,4.727861137232525,63.26987245058075
1133,2024-11-27,596.6509759062111,597.0384558306165,593.4911556618155,595.0313110351562,34000200.0,-0.0030300789794227567,0.008802818770662928,589.659619140625,577.8194885253906,538.0520054626464,3.54730016880103,0.19867311577274904,3.348627053028281,3.54730016880103,5.114467069300588,0.00274616258261684,5.089021066892087,4.800093123164437,54.811759263338764
1134,2024-11-29,595.856040278423,599.5226352519451,595.5778479906228,598.7277221679688,30177400.0,0.006212128780890502,0.008800691661219879,590.5737854003906,578.48158203125,538.5917474365234,3.94478726132229,4.491324216788826,0.5465369554665358,4.491324216788826,5.149242104328526,0.015505221755613752,5.38020163689373,4.916114825910296,56.30060697299956
1135,2024-12-02,599.1450560396994,600.4865287602358,598.648227768682,599.8009033203125,31746000.0,0.0017924360483223545,0.00730357695758217,592.3504455566406,579.1846936035156,539.1199240112305,1.838300991553865,1.7588065922670921,0.07949439928677293,1.838300991553865,5.05555832608355,0.030525007733810172,5.63263161543648,5.059418183815533,56.935466093762855
1136,2024-12-03,599.5623804135435,600.3274546400478,598.5190532697817,600.0790405273438,26906600.0,0.0004637158855407275,0.007314916567341234,593.9164428710938,579.8651489257812,539.6617959594727,1.8084013702660968,0.5265513197352902,1.2818500505308066,1.8084013702660968,4.835531746850173,0.026795794351236468,5.7884024400358385,5.205215035059595,60.45314901560631
1137,2024-12-04,601.7882066409081,604.0537119830409,601.1125274810446,603.8052978515625,42787600.0,0.0062096108555036444,0.007265283940769252,595.6414306640625,580.5877368164063,540.235834350586,2.941184501996304,3.9746714556971483,1.0334869537008444,3.9746714556971483,4.816374561157294,0.029408777659892804,6.141731705228949,5.392518369093466,64.15244104948522
1138,2024-12-05,603.8053020406198,604.6201076752798,602.4539437115175,602.8116455078125,28762200.0,-0.001645650257269371,0.007029054677068803,597.2471801757813,581.3154907226562,540.8026898193359,2.166163963762301,0.814809823717269,1.3513541400450322,2.166163963762301,4.604869069210695,0.027366649399066745,6.269299669565726,5.567874629187918,69.48759272183091
1139,2024-12-06,603.5866976555247,605.2063625778626,603.1693789132718,603.954345703125,31241500.0,0.0018956173189883518,0.004797523371774557,598.6522094726563,582.0211853027344,541.3246125793457,2.036983664590821,2.394717070050092,0.3577334054592711,2.394717070050092,4.102364347412585,0.02381792921005177,6.388956641027562,5.732091031555847,89.8194510353514
1140,2024-12-09,603.8350928759075,604.0039974916313,600.2480076329648,600.8441772460938,34742700.0,-0.005149674771211976,0.004763341646319849,599.5633850097656,582.681171875,541.829261932373,3.755989858666453,0.04965178850625307,3.7063380701602,3.755989858666453,4.076103773515764,0.015398438608825282,6.161791751543319,5.818031175553342,79.07130495654035
1141,2024-12-10,601.5298397758172,601.9571047996105,598.3104023701336,598.9761352539062,37234500.0,-0.003109029034365385,0.004758829800687472,600.0870361328125,583.2582873535156,542.3337257385253,3.6467024294769317,1.1129275535167835,2.533774875960148,3.6467024294769317,3.8390481526282576,0.008819541459914593,5.764576117937622,5.807340164030198,72.19460482891152
1142,2024-12-11,601.9372318289047,604.5703850257809,601.6589789125985,603.6065673828125,28677700.0,0.007730578659771448,0.0050224130594910925,600.7637145996093,584.0301599121094,542.8567150878906,2.911406113182352,5.594249771874615,2.6828436586922635,5.594249771874615,3.8014304777091104,0.011337690388513844,5.7570533142227305,5.797282794068705,75.99631677261908
1143,2024-12-12,602.7321871244142,603.3084642377864,600.4964599609375,600.4964599609375,31543800.0,-0.005152540727580535,0.005118861720178454,601.3102294921875,584.7350598144532,543.3674516296387,2.8120042768489384,0.2981031450260616,3.110107421875,3.110107421875,3.4792003955558033,0.009184640916246378,5.437452197154357,5.7253166746858355,66.35979366671444
1144,2024-12-13,602.5533686161162,603.2787185052333,598.9861148428745,600.3772583007812,35904700.0,-0.00019850518380071236,0.0051218139981559965,601.4751831054688,585.4582434082031,543.8686343383789,4.292603662358829,2.7822585442958143,1.5103451180630145,4.292603662358829,3.5728885392666387,0.002755068909853664,5.115578230012488,5.603368985751167,64.0960109553922
1145,2024-12-16,602.1558291096032,603.9245667615821,601.370862320769,602.9407958984375,43695200.0,0.004269877917947307,0.004918901877201538,601.7891723632813,586.1301538085937,544.359157409668,2.553704440813135,3.5473084608008776,0.9936040199877425,3.5473084608008776,3.4245484753527244,0.005234891379361839,5.009599309358123,5.484615050472558,64.73580494060792
1146,2024-12-17,600.3573236481737,601.3310876116105,599.0655823267214,600.4566650390625,55773500.0,-0.004120024513639686,0.003965396108556005,601.8269348144531,586.8553234863281,544.8399668884277,2.265505284889173,1.609708286826958,3.875213571716131,3.875213571716131,3.4316467438348712,0.0006292912870060619,4.671313655569293,5.321954771491906,55.9090827504921
1147,2024-12-18,600.1486460207312,602.5632240884986,582.1734335224694,582.5609741210938,108248700.0,-0.029803467860256894,0.007849871130337633,599.7025024414063,587.1158605957031,545.2564979553223,20.389790566029205,2.1065590494361004,18.283231516593105,20.389790566029205,4.634681772208312,-0.03518406315091882,2.925464210790551,4.842656659351635,36.64607396639983
1148,2024-12-19,587.6086616553114,589.2382727831096,582.1336049313401,582.3820190429688,85919500.0,-0.0003071868629631602,0.0078020107277287165,597.6595397949219,587.2939221191406,545.6594848632812,7.104667851769477,6.677298662015801,0.42736918975367644,7.104667851769477,4.82134917470693,-0.03389056368948162,1.5100192069591003,4.176129168873128,31.070054257626182
1149,2024-12-20,580.0252023798975,593.963254751842,579.1677354036608,589.3770751953125,125716700.0,0.012011112849670047,0.00825330846042705,596.2018127441406,587.6319567871094,546.0725425720215,14.795519348181188,11.581235708873237,3.2142836393079506,14.795519348181188,5.746864771608882,-0.024136378207265996,0.9418543049197297,3.529274196082449,39.384253906687064
1150,2024-12-23,589.1178420766572,593.5145890145251,585.8974879778806,592.9064331054688,57635800.0,0.005988285019376871,0.008273632813541609,595.4080383300782,587.9720166015625,546.518455657959,7.617101036644499,4.137513819212586,3.479587217431913,7.617101036644499,6.161771890635911,-0.01321098621111183,0.767521701511896,2.9769236971683384,43.14901744051825
1151,2024-12-24,594.2723074608894,599.5365010094702,593.6840502010506,599.49658203125,33160100.0,0.011114989748490345,0.008589331119121626,595.4600830078125,588.3496801757813,546.9994850158691,5.852450808419576,6.630067904001407,0.7776170955818316,6.630067904001407,6.351443065514786,0.000868894012151511,1.1478995282317328,2.611118863381017,46.097968117800534
1152,2024-12-26,597.7019907423149,600.673033709029,596.286266618511,599.5364990234375,41219100.0,6.658418643890052e-05,0.008567000424698903,595.053076171875,588.8183666992187,547.4536436462403,4.386767090517992,1.1764516777790277,3.2103154127389644,4.386767090517992,6.510057574568764,-0.0067429159643217496,1.436019129417673,2.3760989165883486,46.981846079774655
1153,2024-12-27,595.7478442826339,595.9871755936747,588.9882104091681,593.2254638671875,64969300.0,-0.010526523683762057,0.00881842763077794,594.3259765625,589.110751953125,547.8802339172363,6.998965184506574,3.549323429762808,10.548288614269381,10.548288614269381,7.092455542012999,-0.01210830800605045,1.1419445693991293,2.129268047150505,40.972872707552746
1154,2024-12-30,586.1268440800185,589.9652730101648,582.6572397439561,586.455810546875,56578800.0,-0.011411602725516334,0.009134469030374643,592.9338317871094,589.2667517089844,548.2779960632324,7.3080332662086676,3.260190857022735,10.568224123231403,10.568224123231403,7.579043703767638,-0.02318783325222451,0.35850133506448856,1.7751147047333018,38.596095740182996
1155,2024-12-31,588.1407350043717,588.8685869923663,582.6672101639617,584.322265625,57052700.0,-0.003638031857652546,0.009016572704552332,591.0719787597657,589.3355639648438,548.6824938964844,6.201376828404591,2.4127764454913176,3.7886003829132733,6.201376828404591,7.761520446548185,-0.030879533115177882,-0.4295902677696404,1.3341737102327134,38.4343395902842
1156,2025-01-02,587.6223507588766,589.3571225168115,578.7589985198474,582.8865966796875,50204000.0,-0.002456981412092718,0.008995602398140349,589.3149719238281,589.3947412109375,549.0648539733887,10.598123996964091,5.034856891811501,5.56326710515259,10.598123996964091,8.118940034054576,-0.02926117633856551,-1.156671635795533,0.8360046410270642,32.778136274903716
1157,2025-01-03,585.7678951902626,590.8226355752365,584.6711578252952,590.1746215820312,37888500.0,0.012503332455847671,0.00948544580678541,590.0763366699218,589.6058386230469,549.469582977295,6.151477749941364,7.936038895549018,1.784561145607654,7.936038895549018,8.463649425031292,0.013069271370991009,-1.13175993322659,0.4424517261763334,41.977919390691305
1158,2025-01-06,594.4817066914783,597.9014122494413,591.8196706515002,593.5744018554688,47679400.0,0.005760634478527704,0.009469469653069213,591.1955749511719,589.9908557128906,549.8677607727051,6.081741597941004,7.72679066741,1.645049069468996,7.72679066741,8.708948496820662,0.01921828361200517,-0.8281371252618328,0.18833395588870014,44.9693806440897
1159,2025-01-07,595.6282397198856,595.9572670439192,585.0201967640594,586.8646240234375,60393100.0,-0.011304021553249277,0.009744655732038155,590.9443298339844,590.2168371582031,550.223897857666,10.937070279859768,2.3828651884504097,8.554205091409358,10.937070279859768,9.23678862675344,-0.004262892599007917,-1.116071480263372,-0.07254713134171428,38.79876978348734
1160,2025-01-08,586.9343761474076,588.8087424972755,583.4448733889237,587.7219848632812,47304700.0,0.001460917568971487,0.009738143020789472,590.4258850097656,590.4639404296875,550.5892097473145,5.363869108351764,1.9441184738379889,3.4197506345137754,5.363869108351764,9.343121165084556,-0.008744125468554742,-1.260548854020385,-0.31014747587744845,40.921175728303204
1161,2025-01-10,584.1228111122192,584.1926084677874,576.8147784906305,578.7489624023438,73105000.0,-0.015267460962898771,0.010180901465190961,588.351123046875,590.4960083007812,550.9167658996582,7.377829977156921,3.5293763954938413,10.907206372650762,10.907206372650762,8.665793722700382,-0.03460840353519268,-2.0751748120641196,-0.6631529431147827,46.88618646585954
1162,2025-01-13,574.0431617233518,580.0052069477971,573.6243775799428,579.6463012695312,47910100.0,0.0015504803040384818,0.010200164887307038,586.3621032714843,590.52734375,551.2535484313964,6.38082936785429,1.2562445454533417,5.124584822400948,6.38082936785429,8.614090973849297,-0.03317595807145124,-2.618183219279331,-1.0541589983476924,47.791271130314115
1163,2025-01-14,582.6073834279746,583.2454785560273,576.6153987751911,580.4439086914062,48420600.0,0.00137602434472206,0.010004682425532664,585.0839477539063,590.6096069335938,551.5727928161621,6.630079780836127,3.599177286496001,3.0309024943401255,6.630079780836127,8.030845290467507,-0.021545864016792815,-2.950153507867867,-1.4333579002517274,41.98563820408557
1164,2025-01-15,588.5595329953718,592.1586914849061,587.4329171587094,591.002197265625,56900200.0,0.01819002390432889,0.010874097877604103,585.5385864257812,591.1289929199219,551.9453221130372,4.7257743261966425,11.714782793499808,6.989008467303165,11.714782793499808,8.3235368445286,0.007752309103238986,-2.334367568415587,-1.6135598338844994,48.48295063888303
1165,2025-01-16,592.3879811065466,592.5674339582336,589.1577080719753,589.8656005859375,43319700.0,-0.0019231682808391604,0.010876617745915288,586.092919921875,591.5779528808594,552.3166618347168,3.4097258862582294,1.5652366926085506,1.8444891936496788,3.4097258862582294,8.093512414689801,0.009486776881603598,-1.9159803986383395,-1.6740439468352675,41.59711926793109
1166,2025-01-17,595.1696451072651,597.562410619056,593.8236574580369,595.7877807617188,58070600.0,0.010039880559060466,0.01108162175695476,587.3830383300781,592.1698010253906,552.7340031433106,3.7387531610190763,7.696810033118481,3.958056872099405,7.696810033118481,8.32994405344698,0.022133265982646755,-1.0939250191364636,-1.5580201612955067,47.033766926204216
1167,2025-01-21,598.8684661853716,601.2513127523598,596.8744645431257,601.2413330078125,42532900.0,0.009153514761785386,0.011242754925492903,588.4897094726563,592.7337927246094,553.1757984924317,4.37684820923414,5.463531990641059,1.0866837814069186,5.463531990641059,7.966747151759242,0.018751588125080154,-0.0023569498197275607,-1.246887519000351,56.4299380957137
1168,2025-01-22,604.1026949074611,605.9970207281947,603.5443769053658,604.6211547851562,48196000.0,0.0056214062337258675,0.008952348002142606,589.594384765625,593.080400390625,553.6657943725586,2.452643822828918,4.755687720382184,2.303043897553266,4.755687720382184,7.5515659801271555,0.018610561532229397,1.1225024707700868,-0.7730095210462635,65.40935990431959
1169,2025-01-23,603.9830991440912,607.9212646484375,603.7039705508554,607.9212646484375,41152100.0,0.005458144884880722,0.008972565524529826,591.700048828125,593.4021911621094,554.1458277893066,4.217294097582112,3.30010986328125,0.917184234300862,4.217294097582112,7.4098457850684065,0.035879894209058794,2.254267162938163,-0.16755418424937824,69.63012830666878
1170,2025-01-24,607.981053651763,608.9481760680518,604.980071516125,606.1465454101562,34604700.0,-0.002919324164959991,0.008735027817417026,593.5425048828125,593.6372143554687,554.6155561828614,3.9681045519267855,1.0269114196142937,2.941193132312492,3.9681045519267855,6.936272967565742,0.03134910896886223,2.973714692917042,0.46069959118390585,69.23957701212561
1171,2025-01-27,593.0260663058995,597.8914352658803,592.8565932019453,597.5723876953125,70361100.0,-0.01414535441927156,0.009290418547332273,595.4248474121093,593.6894274902344,555.0394511413574,5.034842063935002,8.255110144275932,13.289952208210934,13.289952208210934,7.318695347041593,0.03252433527454479,2.8195175304011855,0.9324631790273618,55.991616038281485
1172,2025-01-28,598.818642579001,603.5543965921443,595.4587545999498,602.7069702148438,44433300.0,0.008592402569559843,0.009160545494740083,597.7309143066407,593.8812939453124,555.5146922302246,8.095641992194487,5.982008896831758,2.1136330953627294,8.095641992194487,7.345041870240485,0.039784035358813474,3.0761728601258937,1.3612051152470683,57.194497816089964
1173,2025-01-29,601.9093107246936,602.3181151413867,597.4228069982945,600.0050659179688,37177400.0,-0.004482948481435156,0.009219806784969059,599.6870300292969,594.0133605957031,555.9572674560546,4.895308143092166,0.3888550734570799,5.284163216549246,5.284163216549246,6.941262794289734,0.033700340263131734,3.026663469588243,1.6942967861153033,61.049585665557736
1174,2025-01-30,602.1486247469728,604.7806606099443,598.9182910409676,603.225341796875,39281300.0,0.005367081149522335,0.008954318468935688,600.9093444824218,594.2861462402344,556.4512448120117,5.86236956897676,4.775594691975584,1.0867748770011758,5.86236956897676,6.976869970048662,0.02068206275340856,3.2102702739563256,1.997491483683508,62.53826781199435
1175,2025-01-31,605.6779717570167,608.1306155740967,599.2473045778189,600.0150146484375,66671500.0,-0.0053219368053647464,0.008630657275622781,601.9242858886719,594.6457604980469,556.9607682800292,8.883310996277828,4.905273777221737,3.978037219056091,8.883310996277828,6.832306014593452,0.01720631623952662,3.0614430088540985,2.2102817887176265,68.96672984863545
1176,2025-02-03,590.8924323868896,598.4895734255874,588.7189779992506,595.9771728515625,65857200.0,-0.006729567924630753,0.008741608787324476,601.9432250976563,594.8769226074219,557.4546449279785,9.770595426336854,1.5254412228500769,11.29603664918693,11.29603664918693,7.183392248974355,0.00031788515300124054,2.5878451733810834,2.285794465650318,63.79250797709196
1177,2025-02-04,596.0369934393696,600.4935577176606,595.4886551807033,599.9751586914062,33457800.0,0.006708286863932544,0.008790234627488755,601.8166076660157,595.1453173828126,557.9832243347169,5.004902536957275,4.516384866098065,0.48851767085920983,5.004902536957275,7.067308160125866,-0.00210593358588973,2.5062292704382116,2.329881426607897,65.64945226917058
1178,2025-02-05,598.8385569367734,602.5573503352053,596.784737785208,602.4077758789062,30653100.0,0.004054529845545218,0.00844381399572946,601.5952697753906,595.4583898925781,558.5290518188476,5.772612549997348,2.582191643799092,3.1904209061982556,5.772612549997348,6.6428674284471185,-0.003660769870079239,2.607779101945198,2.3854609616753573,60.506888241915554
1179,2025-02-06,604.172498579845,604.6311408496849,600.8225905322549,604.5015258789062,35771500.0,0.0034756357468082033,0.008394130471988125,601.2532958984375,595.7503393554688,559.1068740844727,3.80855031742999,2.2233649707786753,1.5851853466513148,3.80855031742999,6.67135488781653,-0.005625298814820878,2.824645447405601,2.473297858821406,63.24905989385061
1180,2025-02-07,605.0698408193554,606.3061120968874,598.2503284518037,598.9682006835938,50788500.0,-0.009153533876142705,0.008249644048440273,600.5354614257812,595.8950549316406,559.6345162963867,8.055783645083693,1.804586217981182,6.251197427102511,8.055783645083693,6.69699586009976,-0.011842589520501545,2.520960426731108,2.4828303724033467,52.899463598121486
1181,2025-02-10,602.2184015940107,603.683963510289,600.9322316611732,603.035888671875,26048700.0,0.006791158501634698,0.008345811415494162,601.0818115234375,596.0809802246093,560.1532196044922,2.7517318491157994,4.715762826695254,1.9640309775794549,4.715762826695254,6.6435837769607735,0.00914282702658653,2.578789604165536,2.502022218755785,51.678437766162716
1182,2025-02-11,600.7428358535425,604.0429061552635,600.6232006225274,603.4945678710938,30056700.0,0.0007606167523941387,0.007442943722979217,601.1605712890625,596.2140759277344,560.6754013061524,3.4197055327360886,1.0070174833884948,2.4126880493475937,3.4197055327360886,6.548156477843195,0.0013067671275963644,2.6312992422166417,2.5278776234479565,48.88540531923373
1183,2025-02-12,597.4029183001364,602.7368484783108,596.714985283226,601.5504150390625,45076100.0,-0.0032214918501909384,0.007530392912571981,601.3151062011718,596.3444580078125,561.1973416137695,6.021863195084734,0.757719392782974,6.779582587867708,6.779582587867708,6.731177084292166,0.0025755601225290192,2.487363841072238,2.519774866972813,43.52319067557874
1184,2025-02-13,602.6670517126223,608.1106982366895,601.3909222732692,607.9013061523438,40921300.0,0.010557537580401899,0.007767662915012034,601.7827026367188,596.5279296875,561.7274859619141,6.719775963420261,6.560283197626973,0.15949276579328853,6.719775963420261,6.927725042255986,0.007751604635077403,2.852871705724283,2.586394234723107,51.632087232366075
1185,2025-02-14,608.1106693810499,609.1575080488998,607.2432835546514,607.8713989257812,26910400.0,-4.919750337728512e-05,0.006860893674086545,602.5683410644531,596.6893395996094,562.2485939025879,1.9142244942484012,1.2562018965560355,0.6580225976923657,1.9142244942484012,6.115173062687234,0.013093646134750392,3.104341146216143,2.6899836170217144,61.38920199518079
1186,2025-02-18,609.0478499794664,609.656005859375,606.5553479941693,609.656005859375,26749000.0,0.002935829744165508,0.0068263566922028545,603.9362243652344,596.88087890625,562.8185173034668,3.100657865205676,1.78460693359375,1.316050931611926,3.100657865205676,5.758388482188033,0.022951941166410084,3.408346062714827,2.833656106160337,58.29954555991479
1187,2025-02-19,608.2502469503253,611.3907628653418,607.731787077126,611.0916748046875,31011100.0,0.0023548836253795002,0.006551451298121614,605.0478759765625,597.0266064453125,563.4036665344238,3.6589757882157983,1.7347570059667987,1.9242187822489996,3.6589757882157983,5.642303665878501,0.018528293967249088,3.722211299908622,3.011367144909994,63.65422692222692
1188,2025-02-20,609.705871640604,609.845466362675,605.1994692243143,608.5493774414062,36554000.0,-0.004160255274454183,0.006388403375329493,605.6620361328125,597.1413610839844,563.9529985046387,4.645997138360713,1.2462084420125166,5.892205580373229,5.892205580373229,5.6444348095496775,0.01019509011738684,3.722894402064753,3.153672596340946,56.668424955469426
1189,2025-02-21,608.3300054050101,608.4696001270332,597.6720639975363,598.1406860351562,76519800.0,-0.017104103285771943,0.007347218106806988,605.0259521484375,597.025087890625,564.4193801879883,10.797536129496962,0.07977731437301827,10.87731344386998,10.87731344386998,5.786863555806259,-0.010522454570320194,2.850680487847285,3.093074174642214,48.01103133100081
1190,2025-02-24,600.2144558088706,601.2214363779027,594.7010120406462,595.4188842773438,50737200.0,-0.004550437416077302,0.007266445422229994,604.6710205078125,596.91658203125,564.8460847473144,6.520424337256486,3.0807503427464553,3.4396739945100308,6.520424337256486,5.445748390668371,-0.005925717596024671,1.9177118337732963,2.8580017064684307,49.39054210902946
1191,2025-02-25,595.3590701652774,596.0968410433766,587.7918070882386,592.457763671875,58266500.0,-0.004973172137566095,0.007307785658538565,603.6132080078125,596.7862145996094,565.2551693725586,8.305033955138015,0.6779567660328212,7.627077189105194,8.305033955138015,5.681472063395566,-0.01754145184177547,0.9286844714981726,2.472138259474379,41.603527520577885
1192,2025-02-26,594.1426816591761,597.7817589335975,590.0848810857798,592.7568359375,43321600.0,0.0005047993020994568,0.00666754781507517,602.5394348144531,596.5692199707031,565.6655029296875,7.6968778478177455,5.32399526172253,2.3728825860952156,7.6968778478177455,5.818919584668452,-0.017792590862039548,0.16707980177125137,2.0111265679337538,38.68101598191493
1193,2025-02-27,595.0598849968359,596.226419710782,582.8965242893548,583.2952880859375,74196700.0,-0.015961937978493657,0.007153643843737429,600.7139221191406,596.2251965332031,566.0138159179687,13.329895421427182,3.469583773282011,9.86031164814517,13.329895421427182,6.499015663525394,-0.0303467947103645,-1.1862904068490252,1.371643172977198,28.79352922578495
1194,2025-02-28,583.8038068836951,592.9363077632394,580.6931691446642,592.39794921875,88744100.0,0.015605579744493614,0.008029055051650044,599.1635864257812,596.0656103515626,566.4043338012696,12.24313861857513,9.64101967730187,2.602118941273261,12.24313861857513,6.798112447346211,-0.02550308212318353,-1.5069660023601728,0.795921337909724,43.86746286478646
1195,2025-03-03,594.3919179487391,595.5484729311629,578.1607768871335,582.0191650390625,74249200.0,-0.01751995291910613,0.00870665935097091,596.5783630371094,595.647177734375,566.7426126098633,17.38769604402944,3.1505237124129053,14.237172331616534,17.38769604402944,7.703250534298653,-0.042529117067202526,-2.568971363577816,0.12294279761221599,32.45093122625046
1196,2025-03-04,577.9713716824587,583.63432908105,570.533723601707,575.1298828125,109648200.0,-0.01183686490134761,0.0089559230295879,593.1257507324219,595.1406420898437,567.0346450805664,13.100605479343017,1.6151640419875548,11.485441437355462,13.100605479343017,8.394743387627718,-0.056632137984447106,-3.9213231904276427,-0.6859103999957558,28.612217434885423
1197,2025-03-05,574.9603891205771,583.1258280404028,571.3612308662864,581.311279296875,71230500.0,0.010747827002392407,0.009297717169172756,590.1477111816406,595.1156481933593,567.3255917358398,11.764597174116375,7.99594522790278,3.768651946213595,11.764597174116375,8.750815858074052,-0.048733106235378965,-4.443067800283757,-1.437341880053356,35.655714303017504
1198,2025-03-06,573.7540215413394,578.4299578955523,568.4101116656967,570.9923706054688,80094900.0,-0.017751089749862614,0.009784107987281562,586.3920104980468,594.8878552246093,567.5703253173829,10.019846229855602,2.8813214013226798,12.901167631178282,12.901167631178282,9.192343834342482,-0.06171562773401018,-5.624369623271377,-2.2747474286969602,25.234137079745025
1199,2025-03-07,569.187785314308,575.6583108183255,563.9335715863721,574.1926879882812,81158800.0,0.005604833877935977,0.009840213087090436,583.9972106933594,594.5841674804688,567.8273083496093,11.724739231953436,4.6659402128567535,7.058799019096682,11.724739231953436,9.8930948870357,-0.04003740024043012,-6.23049964067809,-3.0658978710931866,28.3238660915612
1200,2025-03-10,565.8877282348667,567.8318311729231,553.9237182672504,558.8987426757812,99326600.0,-0.02663556264724176,0.011081905578216445,580.3451965332031,593.904013671875,568.0048095703125,13.908112905672738,6.360856815358147,20.268969721030885,20.268969721030885,11.1194028767375,-0.061335208818388054,-7.854414811544643,-4.023601259183478,22.171178605585666
1201,2025-03-11,557.7222898220398,562.3284287982106,550.3644188129149,554.252685546875,88102100.0,-0.008312878119322353,0.011062605722830209,576.5246887207031,592.9991357421875,568.1526626586914,11.964009985295661,3.4296861224293025,8.534323862866358,11.964009985295661,11.712619605100347,-0.06448574137710072,-9.407829661548817,-5.100446939656546,19.896479447821434
1202,2025-03-12,560.483938216931,561.4211214289652,552.0293906715008,557.19384765625,69588200.0,0.005306536505949477,0.010997234584434525,572.9683898925781,592.1522827148438,568.322774963379,9.391730757464416,7.1684358820901934,2.223294875374222,9.391730757464416,11.962585689178288,-0.05999591421835537,-10.283058225772379,-6.136969196879713,22.915106796516525
1203,2025-03-13,556.8149774056806,557.4331130450024,548.0314026284964,549.7661743164062,74079400.0,-0.013330501352603052,0.01114042103913634,569.615478515625,591.2830969238281,568.4748559570312,9.401710416506035,0.23926538875241476,9.16244502775362,9.401710416506035,11.857185472938008,-0.05748222976317163,-11.44411371230808,-7.198398099965387,23.65903592034246
1204,2025-03-14,554.442091848548,562.1389695505442,549.835953090791,561.1220092773438,62660300.0,0.020655754194149223,0.012409763944817452,566.4878845214844,590.7764208984376,568.666534729004,12.303016459753167,12.372795234137925,0.06977877438475844,12.372795234137925,12.275211965572396,-0.05279548989434002,-11.317476746615284,-8.022213829295367,32.929704113251105
1205,2025-03-17,561.1020658506349,568.0013552926785,560.6633830586674,565.4490356445312,49008700.0,0.007711382365414909,0.012266324649523767,564.8308715820312,590.3989562988281,568.8780218505859,7.33797223401109,6.879346015334704,0.4586262186763861,7.33797223401109,12.206136128349044,-0.02847007519661171,-10.744109764184373,-8.566593016273169,36.73750014236227
1206,2025-03-18,563.1060336846033,563.3254055013634,557.3832588897637,559.33740234375,66041400.0,-0.010808460030027,0.012345154230657207,563.2516235351562,589.9279724121094,569.0772677612305,5.942146611599696,2.1236301431678157,8.065776754767512,8.065776754767512,12.232486050274028,-0.02745898090275123,-10.659988320300272,-8.98527207707859,34.47575066118064
1207,2025-03-19,561.141985813832,569.2376275644565,559.9455726652652,565.4290771484375,66556000.0,0.010890876918228543,0.01268226141916558,561.6634033203125,589.4330615234375,569.3242028808594,9.292054899191271,9.900225220706488,0.6081703215152174,9.900225220706488,11.987509607365407,-0.02732133835016559,-9.986654289301327,-9.185548519523138,41.43241819352572
1208,2025-03-20,561.6405112658884,568.8587877529125,560.9126592589647,563.7940063476562,62958200.0,-0.0028917345549811513,0.012612579549999262,560.9435668945313,588.8374536132812,569.5394616699218,7.946128493947754,3.4297106044749626,4.516417889472791,7.946128493947754,11.680580312749166,-0.01260676084021839,-9.475738354087525,-9.243586486436016,35.22504793653776
1209,2025-03-21,559.280029296875,564.8900146484375,558.030029296875,563.97998046875,83763000.0,0.00032986182719207946,0.012643349142387596,559.9222961425781,588.3797607421875,569.7535275268555,6.8599853515625,1.09600830078125,5.76397705078125,6.8599853515625,10.928600977572955,-0.017786202668849893,-8.9526269267634,-9.185394574501492,39.585482807029415
1210,2025-03-24,570.7999877929688,575.1500244140625,570.2000122070312,574.0800170898438,58766800.0,0.017908502022889516,0.013066549505269504,561.4404235839844,588.1069213867188,570.0151803588867,4.95001220703125,11.1700439453125,6.22003173828125,11.1700439453125,10.790703725142205,0.02716283515217932,-7.635056625875109,-8.875326984776216,49.41555101161559
1211,2025-03-25,575.2999877929688,576.4099731445312,573.6900024414062,575.4600219726562,38355700.0,0.0024038545877420603,0.013083380130569335,563.5611572265625,588.041142578125,570.2527279663086,2.719970703125,2.3299560546875,0.3900146484375,2.719970703125,10.144658977214249,0.03826293850945661,-6.405677150186989,-8.38139701785837,46.55870416278087
1212,2025-03-26,575.1900024414062,576.3300170898438,567.1900024414062,568.5900268554688,51848300.0,-0.011938266525687413,0.013261816764749537,564.7007751464844,587.8200170898438,570.4559750366211,9.1400146484375,0.8699951171875,8.27001953125,9.1400146484375,9.876005192732764,0.0204528087435909,-5.9175227310025775,-7.888622160487213,48.52736937886117
1213,2025-03-27,567.1799926757812,570.9000244140625,564.9400024414062,567.0800170898438,42164200.0,-0.0026557092004866334,0.013251421447982723,566.4321594238281,587.5527392578125,570.654881286621,5.96002197265625,2.30999755859375,3.6500244140625,5.96002197265625,9.464239674211537,0.03149310303596975,-5.588086027976374,-7.428514933985046,45.54768508966982
1214,2025-03-28,565.530029296875,566.27001953125,555.0700073242188,555.6599731445312,71662700.0,-0.020138328985595644,0.013500085159460898,565.8859558105469,586.8458947753907,570.7885409545898,11.20001220703125,0.80999755859375,12.010009765625,12.010009765625,8.874313963111117,-0.009734132759908865,-6.177299113516597,-7.1782717698913565,47.86929217327059
1215,2025-03-31,549.8300170898438,560.7100219726562,546.8699951171875,559.3900146484375,95328200.0,0.0067128130226792315,0.01304472111968072,565.2800537109375,586.2363830566406,570.9344818115235,13.84002685546875,5.050048828125,8.78997802734375,13.84002685546875,9.00831516812348,-0.01071541485465144,-6.270983557847444,-6.996814127482574,53.42095508741583
1216,2025-04-01,557.4500122070312,562.9400024414062,553.6799926757812,560.969970703125,54609600.0,0.0028244266313557365,0.01263376475824404,565.443310546875,585.5400268554688,571.0665496826172,9.260009765625,3.54998779296875,5.71002197265625,9.260009765625,8.998906525849236,0.0029187541411215268,-6.146882470748778,-6.826827796135816,52.56095238883692
1217,2025-04-02,555.0499877929688,567.4199829101562,554.8099975585938,564.52001953125,76014500.0,0.006328411525621025,0.012524707786048873,565.3524047851563,584.8056005859376,571.2109860229492,12.6099853515625,6.45001220703125,6.15997314453125,12.6099853515625,9.228069021210413,-0.0016077305782928875,-5.696407553305221,-6.600743747569697,60.56149230281227
1218,2025-04-03,545.1099853515625,547.969970703125,536.7000122070312,536.7000122070312,125986000.0,-0.04928081620084812,0.016095734743709667,562.6430053710938,583.447177734375,571.214692993164,11.26995849609375,16.550048828125,27.82000732421875,27.82000732421875,10.331441313359042,-0.04805654873159093,-7.4978148825586,-6.780157974567478,35.852412228595995
1219,2025-04-04,523.6699829101562,525.8699951171875,505.05999755859375,505.2799987792969,217965100.0,-0.058542971330535654,0.019893463221876722,556.7730072021484,581.3943524169922,571.0399717712403,20.80999755859375,10.83001708984375,31.6400146484375,31.6400146484375,12.067301485818072,-0.10408167616280428,-11.330168534954623,-7.690160086644908,23.47149747351952
1220,2025-04-07,489.19000244140625,523.1699829101562,481.7999877929687,504.3800048828125,256611400.0,-0.0017811785518102585,0.019750004349551535,549.8030059814453,579.3590216064454,570.8538874816894,41.36999511718756,17.889984130859375,23.480010986328182,41.36999511718756,14.446174225990932,-0.12141166759358424,-14.275400470483646,-9.007208163412656,24.60211707788193
1221,2025-04-08,521.8599853515625,524.97998046875,489.1600036621094,496.4800109863281,165816600.0,-0.0156627816725603,0.019316149800464817,541.9050048828125,577.3371740722656,570.6356597900391,35.819976806640625,20.5999755859375,15.220001220703125,35.819976806640625,16.297585053557658,-0.13724673821056677,-17.05043468555516,-10.615853467841157,18.659854477116085
1222,2025-04-09,493.44000244140625,548.6199951171875,493.0499877929687,548.6199951171875,241867300.0,0.10501930183911301,0.030857726639370146,539.9080017089843,576.2554345703124,570.6817526245118,55.57000732421881,52.139984130859375,3.430023193359432,55.57000732421881,19.699290684291302,-0.035122022538319086,-14.870984869994913,-11.466879748271909,45.27307345387287
1223,2025-04-10,532.1699829101562,533.5,509.3200073242187,524.5800170898438,162331200.0,-0.04381899719533322,0.03226191081784557,535.6580017089843,574.74693359375,570.6164126586914,24.179992675781307,15.1199951171875,39.29998779296881,39.29998779296881,22.016433715820323,-0.07494533173308171,-14.911687850070734,-12.155841368631675,39.31440105728879
1224,2025-04-11,523.010009765625,536.4299926757812,520.0700073242188,533.9400024414062,97866300.0,0.017842817199724692,0.03244968617837247,533.4860046386718,573.3612268066406,570.5875207519531,16.3599853515625,11.8499755859375,4.510009765625,16.3599853515625,22.387143816266754,-0.03908860049826812,-14.02697838647191,-12.530068772199723,39.06981745634186
1225,2025-04-14,544.0499877929688,544.280029296875,533.8599853515625,539.1199951171875,68034000.0,0.009701450822369617,0.032172719722950285,531.4590026855469,572.1433264160156,570.5811605834961,10.4200439453125,10.34002685546875,0.08001708984375,10.4200439453125,22.937149047851573,-0.03623593378582057,-12.76075955183535,-12.57620692812685,40.30519199267917
1226,2025-04-15,539.6699829101562,543.22998046875,536.8099975585938,537.6099853515625,56892900.0,-0.0028008788011967267,0.032105229111586496,529.1230041503907,570.9759826660156,570.5629907226562,6.41998291015625,4.1099853515625,2.30999755859375,6.41998291015625,22.74286106654577,-0.041642131614073485,-11.74374261652224,-12.409714065805929,41.491807224714975
1227,2025-04-16,531.6799926757812,537.8900146484375,520.2899780273438,525.6599731445312,83484800.0,-0.02222803246337901,0.03235898270151661,525.2369995117188,569.4896789550781,570.495719909668,17.60003662109375,0.280029296875,17.32000732421875,17.60003662109375,23.574290684291306,-0.06883732204747361,-11.766379978686587,-12.28104724838206,39.2415504383274
1228,2025-04-17,527.6400146484375,531.1699829101562,523.9099731445312,526.4099731445312,79741000.0,0.001426777837987947,0.03222930759385708,524.2079956054688,567.9697229003906,570.4266516113281,7.260009765625,5.510009765625,1.75,7.260009765625,23.235004970005594,-0.019172794537836935,-11.590196943588126,-12.142877187423274,41.95677356573438
1229,2025-04-21,521.1599731445312,521.7000122070312,508.4599914550781,513.8800048828125,69368100.0,-0.023802680232045126,0.03254995007908507,525.0679962158204,566.1572924804688,570.2767553710937,13.240020751953125,4.7099609375,17.949981689453125,17.949981689453125,23.52857317243305,0.017020278111724796,-12.31962141339352,-12.178226032617324,38.0632578368709
1230,2025-04-22,520.1400146484375,529.2999877929688,519.1900024414062,527.25,75948100.0,0.02601773758493775,0.033193643671523665,527.3549957275391,564.7229284667969,570.1815744018554,10.1099853515625,15.41998291015625,5.30999755859375,15.41998291015625,23.96857125418528,0.04534278697765015,-11.684160958298548,-12.07941301775357,41.67079005285473
1231,2025-04-23,540.4299926757812,545.4299926757812,533.8800048828125,535.4199829101562,90590700.0,0.015495463082325855,0.03312287801567121,531.2489929199219,563.3706103515625,570.1114926147461,11.54998779296875,18.17999267578125,6.6300048828125,18.17999267578125,24.366428920200907,0.07843210413742208,-10.401403720495978,-11.743811158302051,42.972360826875764
1232,2025-04-24,536.719970703125,547.4299926757812,535.4500122070312,546.6900024414062,64150400.0,0.02104893334386637,0.03351699271756418,531.0559936523438,562.2345190429687,570.0945907592774,11.97998046875,12.010009765625,0.030029296875,12.010009765625,23.23714338030135,-0.003517904365423319,-8.378827076186326,-11.070814341878906,52.622183302910265
1233,2025-04-25,546.6500244140625,551.0499877929688,543.6900024414062,550.6400146484375,61119600.0,0.00722532365580375,0.03349134204894955,533.6619934082031,561.2163110351562,570.0947640991211,7.3599853515625,4.3599853515625,3.0,7.3599853515625,21.50285557338171,0.049677831235669156,-6.383601357420503,-10.133371744987226,63.91241439976547
1234,2025-04-28,551.3900146484375,553.5499877929688,545.02001953125,550.8499755859375,47613800.0,0.00038130345037501456,0.033490406979591165,535.3529907226563,560.0752844238282,570.0687454223632,8.52996826171875,2.90997314453125,5.6199951171875,8.52996826171875,19.15713936941965,0.031670174677326024,-4.730893709727411,-9.052876137935263,64.31343582694174
1235,2025-04-29,548.9099731445312,555.4500122070312,548.5499877929688,554.3200073242188,47775100.0,0.006299413437552026,0.033225288676115905,536.8729919433594,559.0042565917969,570.0840499877929,6.9000244140625,4.60003662109375,2.29998779296875,6.9000244140625,17.0914284842355,0.028194116977106942,-3.105312323327553,-7.863363375013721,68.31539611504687
1236,2025-04-30,547.5700073242188,556.52001953125,541.52001953125,554.5399780273438,93101500.0,0.000396829809890642,0.03319386122688927,538.5659912109375,557.9019360351563,570.0830691528321,15.0,2.20001220703125,12.79998779296875,15.0,14.19357081821987,0.031491216936214705,-1.77877297791224,-6.646445295593425,52.792973867972066
1237,2025-05-01,560.3699951171875,564.0700073242188,557.8599853515625,558.469970703125,63186100.0,0.007086942026725218,0.03322437527482867,541.8469909667969,556.849501953125,570.0941104125976,6.21002197265625,9.530029296875,3.32000732421875,9.530029296875,12.067145211356026,0.06241676984139066,-0.4056869185881169,-5.398293620192364,69.7333059443753
1238,2025-05-02,564.72998046875,568.3800048828125,562.3800048828125,566.760009765625,60717300.0,0.014844198430334021,0.03335331952726093,545.8819946289062,556.0137145996093,570.1301083374024,6.0,9.9100341796875,3.9100341796875,9.9100341796875,11.606434413364955,0.07665135289907443,1.336029627675316,-4.0514289706188285,69.35142219851832
1239,2025-05-05,562.5700073242188,566.6500244140625,561.7000122070312,563.510009765625,38659200.0,-0.005734349537724115,0.03138566567276709,550.8449951171875,555.3211010742187,570.1890841674805,4.95001220703125,0.1099853515625,5.05999755859375,5.05999755859375,11.223573957170759,0.09657897643659119,2.4261376952301816,-2.755915637449027,64.71582966425139
1240,2025-05-06,557.9299926757812,563.3499755859375,556.9600219726562,558.7999877929688,48264700.0,-0.008358364343191038,0.028235317193373747,553.9999938964844,554.5887231445313,570.2457095336914,6.38995361328125,0.1600341796875,6.54998779296875,6.54998779296875,11.232860020228795,0.05983876300231161,2.876834426176856,-1.6293656247238504,62.30974825038949
1241,2025-05-07,560.1500244140625,563.8200073242188,556.0399780273438,561.1500244140625,55588000.0,0.0042055058561747405,0.02819179912228345,556.572998046875,553.962568359375,570.3322625732421,7.780029296875,5.02001953125,2.760009765625,7.780029296875,10.531430925641741,0.04805581099916423,3.3846272714653196,-0.6265670454860164,73.20520239287724
1242,2025-05-08,565.239990234375,570.3099975585938,561.7000122070312,565.0599975585938,65130800.0,0.0069677857514378605,0.02777357035204662,558.4099975585938,553.4086315917968,570.4103308105468,8.6099853515625,9.15997314453125,0.54998779296875,9.15997314453125,10.667142595563616,0.03360221521365103,4.055806107406397,0.3099075850924663,74.26850561603118
1243,2025-05-09,566.47998046875,567.5,562.760009765625,564.3400268554688,37603400.0,-0.0012741491279434358,0.016203468240848683,559.7799987792969,553.0295263671875,570.4891088867188,4.739990234375,2.44000244140625,2.29998779296875,4.739990234375,9.72357177734375,0.024880160980996324,4.478004898764539,1.1435270478268809,87.20142769332672
1244,2025-05-12,581.469970703125,583.0,577.0399780273438,582.989990234375,78993600.0,0.03304738719814848,0.013991681857610351,562.9940002441406,552.8413671875,570.723298034668,5.96002197265625,18.65997314453125,12.699951171875,18.65997314453125,9.954999651227679,0.05834622142671475,6.245502399157203,2.1639221180929455,88.12586104686599
1245,2025-05-13,583.4099731445312,589.0800170898438,582.8400268554688,586.8400268554688,67947200.0,0.006603949785734642,0.01369297039173506,566.2460021972656,552.9377844238281,570.9907049560547,6.239990234375,6.09002685546875,0.14996337890625,6.239990234375,9.102142333984375,0.05866650869815926,7.866245500017499,3.3043867944778564,87.38006836502522
1246,2025-05-14,587.8099975585938,588.97998046875,585.5399780273438,587.5900268554688,66283500.0,0.0012780314322096142,0.013659321000284561,569.5510070800781,553.1869873046875,571.2319946289062,3.44000244140625,2.13995361328125,1.300048828125,3.44000244140625,8.489998953683036,0.059599037287976,9.106243707243948,4.464758177031075,85.10128523716334
1247,2025-05-15,585.5599975585938,590.969970703125,585.0999755859375,590.4600219726562,71268100.0,0.004884349607746863,0.013565098340535328,572.7500122070312,553.3699621582032,571.4860491943359,5.8699951171875,3.37994384765625,2.49005126953125,5.8699951171875,8.383571079799108,0.05728159605297156,10.202922896530481,5.6123911209309565,84.81987795102029
1248,2025-05-16,591.25,594.5,589.280029296875,594.2000122070312,76052100.0,0.00633402786844095,0.012097100327954798,575.4940124511719,553.8341149902344,571.7724743652344,5.219970703125,4.03997802734375,1.17999267578125,5.219970703125,8.147142682756696,0.04841555855846935,11.244218657300166,6.738756628204799,85.7025374168194
1249,2025-05-19,588.0999755859375,595.5399780273438,588.0999755859375,594.8499755859375,68168500.0,0.0010938461217664397,0.012103503397628054,578.6280090332032,554.2472607421874,572.0185125732422,7.44000244140625,1.3399658203125,6.10003662109375,7.44000244140625,8.185712541852679,0.05561563286754634,11.983758355852387,7.787756973734317,85.00604658665702
1250,2025-05-20,593.0900268554688,594.0499877929688,589.5999755859375,592.8499755859375,60614500.0,-0.0033621922872737464,0.010279259624637568,582.0330078125,554.9262854003906,572.2931851196289,4.45001220703125,0.79998779296875,5.25,5.25,7.489283970424107,0.06093412408159171,12.26705859425249,8.683617297837952,82.10156572046975
1251,2025-05-21,588.4400024414062,592.5800170898438,581.8200073242188,582.8599853515625,95197700.0,-0.016850789652983478,0.010541961326567689,584.20400390625,555.4984313964844,572.5679830932618,10.760009765625,0.26995849609375,11.02996826171875,11.02996826171875,7.596422467912946,0.03868833643938441,11.552299633057373,9.257353764881836,68.55318872339635
1252,2025-05-22,582.6599731445312,586.6199951171875,581.4099731445312,583.0900268554688,70860400.0,0.00039467712604679406,0.010290733782184747,586.0070068359375,556.0163549804688,572.920803527832,5.21002197265625,3.760009765625,1.45001220703125,5.21002197265625,7.260707310267857,0.03190816793752127,10.879004046870818,9.581683821279633,64.1581601604462
1253,2025-05-23,575.97998046875,581.8099975585938,575.5999755859375,579.1099853515625,76029000.0,-0.006825775301577575,0.009783112469607308,587.4840026855469,556.6032312011719,573.2300970458984,6.21002197265625,1.280029296875,7.49005126953125,7.49005126953125,7.434282575334821,0.02617209092609052,9.910019817531293,9.647351020529966,63.35613789759057
1254,2025-05-27,586.0700073242188,591.3099975585938,578.4299926757812,591.1500244140625,72588500.0,0.02079059136787431,0.010511209126133668,588.3000061035157,557.2037915039062,573.6168777465821,12.8800048828125,12.20001220703125,0.67999267578125,12.8800048828125,7.886426653180804,0.013996868413481689,9.998368397051308,9.717554495834236,74.60825817306934
1255,2025-05-28,591.5599975585938,592.77001953125,586.989990234375,587.72998046875,68445500.0,-0.005785407771406903,0.010685575313056337,588.3890014648438,557.6494104003906,573.9271704101562,5.780029296875,1.6199951171875,4.1600341796875,5.780029296875,7.743569510323661,0.001516518254642607,9.680821830985906,9.71020796286457,69.89516214507351
1256,2025-05-29,593.0599975585938,593.2000122070312,586.0700073242188,590.0499877929688,69973300.0,0.003947403401760141,0.010663157585806226,588.6349975585938,558.263662109375,574.2374731445312,7.1300048828125,5.47003173828125,1.65997314453125,7.1300048828125,7.59857177734375,0.004186526021662917,9.506780839778457,9.66952253824735,69.16113972081669
1257,2025-05-30,588.9299926757812,591.1300048828125,583.239990234375,589.3900146484375,90471200.0,-0.0011185037847383228,0.010686986508856983,588.5279968261718,558.742880859375,574.543088684082,7.8900146484375,1.08001708984375,6.80999755859375,7.8900146484375,7.823573521205357,-0.0018121587989039512,9.209437124712736,9.577505455540427,69.22483111130681
