Price,Close,High,Low,Open,Volume
Ticker,SPY,SPY,SPY,SPY,SPY
Date,,,,,
2020-06-01,284.0940246582031,284.7076823382841,281.7788835182777,282.29955760296286,55758300
2020-06-02,286.4463195800781,286.49282555772106,283.67559614818225,285.02375875693684,74267200
2020-06-03,290.2584228515625,291.22540102788236,288.1757268175862,288.45464918834904,92567600
2020-06-04,289.4960632324219,291.0209148726546,287.37616760731163,289.26361841223604,75794400
2020-06-05,296.9156799316406,298.71014693910666,294.8887681291782,294.95385948168325,150524700
2020-06-08,300.50469970703125,300.6999454272229,297.18538059070323,297.7339470066986,73641200
2020-06-09,298.2638854980469,300.57902668815314,296.9342796417474,297.80827438311485,77479200
2020-06-10,296.5995178222656,299.7514824308455,295.874291296117,298.84959561470896,95000800
2020-06-11,279.50091552734375,290.2305755874608,278.94307069937685,289.58902566068906,209243600
2020-06-12,282.8481140136719,287.376134042086,277.6320664777444,286.59512294243626,194678900
2020-06-15,285.48870849609375,286.63234719299413,275.9026866605045,277.09280297024503,135782700
2020-06-16,290.98370361328125,293.47553354638995,286.0651918531277,293.326765462726,137627500
2020-06-17,289.7749938964844,292.3133013713127,289.0311534988338,292.0157652122525,83398900
2020-06-18,289.8865661621094,290.37004114512797,287.775977532385,288.2408671457295,80828700
2020-06-19,288.2298278808594,293.59023586028565,286.2593461483432,293.3941310194323,135549600
2020-06-22,290.07891845703125,290.48047602671704,286.4648433309138,287.622833903765,74649400
2020-06-23,291.4143371582031,293.7023317464779,291.0034317750071,292.75911323057716,68471200
2020-06-24,283.98077392578125,289.97623712344625,282.12238011582957,289.35053113495576,132813500
2020-06-25,287.0252380371094,287.2960685885523,281.35663461260157,283.401814243523,89468000
2020-06-26,280.20794677734375,286.12871324946207,279.6196320611756,285.9139126867648,127961000
2020-06-29,284.3263244628906,284.46639939712236,279.1620195580416,281.4780296354258,79773300
2020-06-30,287.9683837890625,289.68673112616494,283.72863091230226,283.8873729872626,113394800
2020-07-01,289.9854736328125,291.2649002289828,288.6313784316934,289.09831370783115,72396500
2020-07-02,291.5824890136719,294.82302181709093,290.91010090029897,293.4595499347535,69344200
2020-07-06,296.0837097167969,296.672052848873,294.6922514199316,295.4486844470371,61713800
2020-07-07,293.02996826171875,296.52263581204556,292.6470778271388,294.5241671894889,82910000
2020-07-08,295.271240234375,295.3833001619314,292.02138833734847,293.80505635007563,54638600
2020-07-09,293.5903015136719,296.1304311850912,290.13496821449627,295.8876156615187,83354200
2020-07-10,296.5880432128906,296.85887374233175,292.07745949573626,293.5249479299481,57550400
2020-07-13,294.0198974609375,301.3694565521852,293.35685713172796,298.9600822787399,102997500
2020-07-14,297.8300476074219,298.6144955528962,291.36765000974606,292.5816704849982,93657000
2020-07-15,300.5662841796875,301.67759256929554,298.15688186460716,301.08924948074167,87196500
2020-07-16,299.576416015625,300.0340035787868,297.9888242870818,298.64254523400535,54622500
2020-07-17,300.4449157714844,301.2387116536397,298.5958413224082,300.5943385198469,62774900
2020-07-20,302.8729553222656,303.6293883169463,299.41762229758507,300.17405529226573,56308800
2020-07-21,303.5173645019531,305.31038051767416,302.51811588410635,304.86214076348176,57292200
2020-07-22,305.24505615234375,305.5625973664487,303.04113430984114,303.1531942680049,57792900
2020-07-23,301.6029052734375,305.59055182494063,300.22079473054373,304.8808008978492,75738000
2020-07-24,299.6605224609375,300.69710556151017,298.13830821459993,299.72590026894125,73766600
2020-07-27,301.8456726074219,302.02311031086447,299.5576781153274,300.36082169398406,48293000
2020-07-28,299.9312744140625,302.23793625345144,299.6324289410671,301.1079321523386,57495000
2020-07-29,303.62005615234375,304.18973213420867,300.7810810693745,300.81844387953134,48454200
2020-07-30,302.53680419921875,302.9570574976411,298.50250363196176,300.61303245433163,61861700
2020-07-31,304.9274597167969,305.030200316559,300.08066836058464,304.34846442559933,84986800
2020-08-03,307.0473937988281,307.8224940369102,306.05749301309646,306.60847337500553,53077900
2020-08-04,308.2333679199219,308.2333679199219,306.17884093375534,306.17884093375534,41917900
2020-08-05,310.1478271484375,310.4093383398934,309.2793341178766,309.55016463797307,42697700
2020-08-06,312.2209777832031,312.3423855338045,309.23260865062025,309.55946909466877,43679400
2020-08-07,312.44512939453125,312.7346270338488,310.32522464920777,311.24042820221075,57308300
2020-08-10,313.3790588378906,313.56581591467875,310.94164101516793,312.9027755680474,44282100
2020-08-11,310.7922058105469,315.21877299541023,310.0544683626334,314.5743998324138,69601100
2020-08-12,315.1253662109375,315.9098142659354,313.2296096198239,313.25762460394975,53774400
2020-08-13,314.55572509765625,315.88183432550426,313.6218541905594,314.35027235811583,41816100
2020-08-14,314.56512451171875,315.10678568636916,313.42580067824514,314.16356679569094,47260400
2020-08-17,315.5643005371094,315.9658581604364,314.5743997217338,315.59231552246996,35481000
2020-08-18,316.24603271484375,316.6756053183714,314.3502475634696,315.965854365127,38733900
2020-08-19,314.92926025390625,317.15184881912415,314.35958424598005,316.6288834508993,68054200
2020-08-20,315.9097595214844,316.3953619953394,313.0521176379559,313.18284470806407,42207800
2020-08-21,317.0304260253906,317.2545458668646,315.2280339686334,315.5735900568674,55106600
2020-08-24,320.24298095703125,320.3176780797883,317.0024482049914,319.49586723208756,48588700
2020-08-25,321.3635559082031,321.4476008447765,319.63588954672014,320.8125756576868,38463400
2020-08-26,324.58544921875,324.8562512047831,321.4102945075383,321.96127480599944,50790200
2020-08-27,325.2952575683594,326.7614418091755,323.6143012473273,325.4633760000465,58034100
2020-08-28,327.39642333984375,327.52717893591137,325.127124060751,326.3318254124016,48588900
2020-08-31,326.2103576660156,328.0687511578837,325.9768900012294,327.18159113137835,66099200
2020-09-01,329.2828369140625,329.3855490183013,326.1450163289373,327.0508721095224,54908700
2020-09-02,334.0456237792969,335.0261767994066,330.0579768987018,331.21599616470536,69540000
2020-09-03,322.5496826171875,332.8129146497401,319.93482700733875,332.336631372699,148011100
2020-09-04,319.9161376953125,324.82827889102447,312.7253208905337,323.24071557662177,139156300
2020-09-08,311.1751708984375,319.98159673805833,310.86700598546315,314.4437196396938,114465300
2020-09-09,317.3199462890625,319.8133652017363,314.35021568033756,315.22805645469094,91462300
2020-09-10,311.8101806640625,319.8788107355983,310.8389469102598,319.21577035054526,90569500
2020-09-11,311.9689025878906,314.68647025726045,309.1112599870022,313.6125244496482,84680200
2020-09-14,316.077880859375,317.8709252096121,312.11827806442085,315.1720251068154,65605700
2020-09-15,317.6748352050781,319.4024733454134,316.08724348212337,318.5619953448092,52920900
2020-09-16,316.4140319824219,320.3736340620621,316.13385371296727,318.92614608468455,82096000
2020-09-17,313.6312255859375,315.3682404233869,310.969687600826,311.5020008977444,91523300
2020-09-18,310.0203857421875,314.55840951161593,307.50760068708763,314.4459010186344,105877900
2020-09-21,306.5700378417969,306.7200587261733,301.6569754860896,305.3792846273536,99450800
2020-09-22,309.6922607421875,310.2548319002989,305.5292742311441,308.0702153827949,63612100
2020-09-23,302.51019287109375,310.53612392384275,302.0038759802569,310.2548240451303,93112200
2020-09-24,303.31646728515625,306.41056508870315,299.84730304543854,301.1787202213207,76681300
2020-09-25,308.2202453613281,309.0171901941493,301.5726003704774,302.4539265874717,71069400
2020-09-28,313.3395690917969,314.06151775569106,311.4268386278702,312.43008717344736,64584600
2020-09-29,311.6330871582031,313.8833429517761,310.9298804343644,313.1332672251034,51304000
2020-09-30,313.99591064453125,317.1837757137039,312.1113072847554,312.30819717481097,104081100
2020-10-01,316.0117492675781,317.60566741909435,314.108404118656,316.62118940238014,88698700
2020-10-02,313.01141357421875,315.9836469643129,310.5267552211133,311.0049450109112,89431100
2020-10-05,318.5620422363281,318.74954686774726,315.0460084947165,315.09287749918235,45713100
2020-10-06,314.0334777832031,320.8217886113686,313.51780411067097,318.7027824248721,90128900
2020-10-07,319.49969482421875,320.3154101853938,316.99626586867777,317.02439299790586,56999600
2020-10-08,322.3312683105469,322.39690781746,320.531046175657,321.45929867947905,45242500
2020-10-09,325.2096862792969,325.6784907777207,323.37198065727125,324.00016266156786,59528600
2020-10-12,330.4415588378906,331.9323538308198,327.2818208390196,327.7787525033293,80388500
2020-10-13,328.2851257324219,330.4791279067141,327.3100041171043,330.3009798631398,73255500
2020-10-14,326.22235107421875,329.97278774758956,325.481660432992,328.8664157961998,57727900
2020-10-15,325.81915283203125,326.3066992490572,321.7218057616366,322.2656064339518,60357700
2020-10-16,325.6222229003906,328.8663418819281,325.44407490936027,327.1880138360098,89501900
2020-10-19,320.67169189453125,327.5349686413807,319.7622099387376,326.8974013316751,68425600
2020-10-20,321.9562072753906,325.2378390228432,321.26238571941064,322.03120341108115,60051900
2020-10-21,321.3467712402344,324.1033442326765,321.03734421932603,321.9093137990524,63575000
2020-10-22,323.1094055175781,323.7001037324051,319.39648209894983,321.5623564776125,55399300
2020-10-23,324.20648193359375,324.4033718379472,321.72182347631536,324.3471175795605,49143900
2020-10-26,318.2152404785156,321.5812544997655,314.68043503355244,320.7842808559811,91473000
2020-10-27,317.1181335449219,318.89958501445426,316.90247316287486,318.56205949148404,65994100
2020-10-28,306.2793884277344,317.1462743349563,305.782456755137,311.3799841606688,127094300
2020-10-29,309.3922119140625,312.5988185025003,304.80729040972653,306.5137455675911,90597700
2020-10-30,306.1668701171875,309.1203329301285,302.4726881358898,307.79830072339996,120287300
2020-11-02,309.5984802246094,311.62369033409163,306.8231371892153,309.5984802246094,86068300
2020-11-03,315.0647888183594,317.1462821919219,309.6829216708354,312.87078692950575,93294200
2020-11-04,322.1061706542969,326.2316441061424,318.4026040408083,319.5933570471306,126959700
2020-11-05,328.3882141113281,330.2165633690293,327.094308927547,327.45060497682704,82039700
2020-11-06,328.3131408691406,329.57891862617254,325.95973333788027,328.09748051796964,74973000
2020-11-09,332.4386901855469,341.6460186911724,331.96988562147504,341.2615955150063,172304200
2020-11-10,331.95111083984375,333.0199702609409,328.6413520900718,331.4354087023405,85552000
2020-11-11,334.4169616699219,335.2514186687487,332.9073965398904,334.16378896733227,58649000
2020-11-12,331.1728515625,334.4638681566387,329.34453126518764,333.3949802115646,67546200
2020-11-13,335.7578430175781,336.50791889367275,332.57933425813303,333.10439309411134,62892200
2020-11-16,339.94891357421875,340.14580345912816,337.15482835818597,338.4581186470764,74541100
2020-11-17,338.12054443359375,339.3394532708392,335.98279711230816,337.51110432174863,66111000
2020-11-18,334.0513000488281,338.94561968508856,334.0137876807749,338.3924338639038,70591300
2020-11-19,335.4577941894531,335.83283211963845,332.0542684612405,333.4138131484172,59940900
2020-11-20,333.1606140136719,335.40151339696433,333.08561787899174,335.1952382596468,70417300
2020-11-23,335.1576843261719,336.43284736607615,332.7292806005209,334.9889215838998,63230600
2020-11-24,340.5583190917969,341.11150493075695,336.8735228382616,337.7361070363317,62415900
2020-11-25,340.0332946777344,340.50209919331934,338.92692288820746,340.47397206692654,45330900
2020-11-27,340.980224609375,341.4583856678195,339.9582057783343,341.13960209100605,28514100
2020-11-30,339.470703125,340.4645663491977,336.76102806689266,340.1926517347119,83872700
2020-12-01,343.1836242675781,344.7400585885432,342.16163392578363,342.76171739998676,74231400
2020-12-02,343.9056091308594,344.06498663541856,341.4772052826671,342.05851827775217,45927000
2020-12-03,343.8118896484375,345.21830332494636,342.6961325093224,343.80250440092175,62882000
2020-12-04,346.7746887207031,346.7746887207031,344.3087725127256,344.40253913390853,50749900
2020-12-07,346.06207275390625,346.5590043368273,344.7775531120284,345.99643326227147,48944300
2020-12-08,347.0747985839844,347.646726442409,344.730775662124,344.7776446751368,42458900
2020-12-09,343.9618835449219,347.89982436194026,343.1180411279578,347.74044684803806,74098300
2020-12-10,343.8493957519531,344.90887000020473,341.6928776525128,342.57423249613083,57735400
2020-12-11,343.44622802734375,343.85877835183135,340.5959167481435,342.1335809101382,57698600
2020-12-14,341.9084777832031,346.7277728316405,341.7303297964102,345.64017164661016,69216200
2020-12-15,346.5309143066406,346.5309143066406,343.0899052264503,344.47754826352815,63865300
2020-12-16,347.0747985839844,348.0030225047015,345.85588949648036,346.7466296522117,58420500
2020-12-17,349.015625,349.22190016000127,347.8998678091151,348.7343536970714,64119500
2020-12-18,347.6219787597656,349.476943102596,345.5881070385258,349.30746097637393,136542300
2020-12-21,346.3791198730469,356.36014779397095,340.88957032108044,343.6578938643592,96386700
2020-12-22,345.7952880859375,346.82163491007543,344.6559531689443,346.7086468172202,47949000
2020-12-23,346.1059875488281,348.0362675918422,345.7764198319536,346.77451949870044,46201400
2020-12-24,347.4525146484375,347.4807616709391,345.9930372599785,346.58622473251165,26457900
2020-12-28,350.43743896484375,350.83289730413503,349.40166685034325,350.0325266367698,39000400
2020-12-29,349.7688903808594,352.160577213229,349.1756741156765,351.98166980831576,53680500
2020-12-30,350.2679443359375,351.31314175218836,349.87248597829733,350.59751212432394,49455300
2020-12-31,352.047607421875,352.78205885136373,349.55235761242795,350.07022934693424,78520700
2021-01-04,347.2547912597656,353.5258889790341,343.5166152971477,353.3940503814856,110210800
2021-01-05,349.6464538574219,350.7481452391204,346.55798811722065,346.6050856464886,66426200
2021-01-06,351.7368469238281,354.96657676543765,347.5655399860843,348.1210839785024,107997700
2021-01-07,356.9627685546875,357.71604170897524,353.9590437199544,354.1379511228153,68766800
2021-01-08,358.99664306640625,359.2131940136269,355.07955941853226,358.36575452524005,71677200
2021-01-11,356.5766906738281,358.3563106333283,355.66333192921377,355.78574527676943,51034700
2021-01-12,356.6520690917969,357.6784161110617,354.38279534376744,356.7650859416658,52547700
2021-01-13,357.6123962402344,358.6198923858287,355.7856790908254,356.5766243407465,45303600
2021-01-14,356.3600769042969,358.8741767085713,356.0211126532171,358.3657015964268,49989100
2021-01-15,353.76129150390625,355.53148617473596,351.87808000531857,354.72171902339625,107160000
2021-01-19,356.53900146484375,357.08514887638177,354.74995633725547,356.2471059893938,51233300
2021-01-20,361.4731140136719,362.32055360298614,358.4599635455185,358.85542194395,61836100
2021-01-21,361.8025817871094,362.47114255475856,360.8704012961552,362.0379832230494,47840100
2021-01-22,360.5220031738281,361.6990103254688,359.54272517771574,359.92878697171705,52860500
2021-01-25,361.94384765625,362.30163370303234,356.360103725601,361.2658903675394,70402000
2021-01-26,361.3788757324219,363.31858126190804,361.1434742969451,362.90427243662685,42665300
2021-01-27,352.5466003417969,358.11149358371074,350.2867523655921,358.017327264801,123351100
2021-01-28,355.5785827636719,359.6274759807228,353.94019795959974,354.3827250744922,94198100
2021-01-29,348.46002197265625,354.6746252269963,346.76511450209534,353.6953472708183,126765100
2021-02-01,354.26031494140625,355.30548345200435,348.751915972362,351.8968754918387,75817600
2021-02-02,359.26971435546875,360.8422088289255,354.34513396179295,357.48066891894405,64450700
2021-02-03,359.55218505859375,361.2941615578961,358.2621896938409,360.1077290394092,52427100
2021-02-04,363.6387023925781,363.6857711826962,359.6651252458616,360.59730568019086,47142600
2021-02-05,365.07000732421875,365.7856369876739,363.59170793309886,365.531413745119,48669800
2021-02-08,367.7064208984375,367.753489685361,365.67254930523956,366.53881038618937,38365200
2021-02-09,367.4617004394531,368.06434200517,366.44477871672024,366.8590588737363,35551100
2021-02-10,367.301513671875,369.3730575642953,364.8721837757853,369.2223972143444,59154400
2021-02-11,367.8948059082031,368.81758996668185,365.4372284841901,368.39385584883775,42913300
2021-02-12,369.7120361328125,369.9568340483631,367.0096039262208,367.08494846602287,50593300
2021-02-16,369.3919372558594,371.1527642082903,368.6669111475841,370.9550063042377,50972400
2021-02-17,369.4767150878906,369.73093831008623,366.59537489203046,367.6217505052759,52290600
2021-02-18,367.9042053222656,368.65747843938317,365.09820980027706,366.8401862110797,59712800
2021-02-19,367.2545471191406,369.46732672577343,366.80256594346724,369.17543119633797,83241000
2021-02-22,364.4296569824219,366.8684123243339,364.15658328043185,364.4579040043156,67414200
2021-02-23,364.87225341796875,366.23759334432503,357.9985424606935,362.19809635085926,107284100
2021-02-24,368.89288330078125,369.32604264589116,362.77244577698866,363.7705455974111,72433900
2021-02-25,360.0041198730469,368.99647217971085,358.5446424299502,367.6123105542624,146670500
2021-02-26,358.1491394042969,363.06432243322723,356.1435433499254,361.90616578339,152701600
2021-03-01,366.8307800292969,368.092557106135,358.34693119329995,363.0737820303415,105348800
2021-03-02,363.96820068359375,367.29206697353476,363.4597256639215,367.0566655968094,79595300
2021-03-03,359.1473083496094,364.2413706030317,359.04371676582616,363.26212122933833,119940200
2021-03-04,354.7029113769531,361.5766221262885,350.16436458811205,358.95895918844116,183433000
2021-03-05,361.2281799316406,362.2921989133074,350.87994303853714,358.2432773789606,152039600
2021-03-08,359.42974853515625,365.0417107669488,359.1472783039775,362.1980717428166,123149200
2021-03-09,364.5615234375,367.1415140860631,362.8101217396554,363.3185969081301,113633600
2021-03-10,366.8307800292969,368.54450950569117,365.5031411200717,366.93437161121443,109899400
2021-03-11,370.5501403808594,372.54634013873635,368.8646579026208,369.32606429854746,86245000
2021-03-12,371.04913330078125,371.1903684061859,368.3561548393164,369.1753471861882,64653600
2021-03-15,373.2619323730469,373.5255808290822,369.1376946614388,371.3033763549051,73427200
2021-03-16,372.7911071777344,374.59897398640015,372.0095583736193,373.88337321175214,73722500
2021-03-17,374.06231689453125,374.872084062615,370.3335373606462,371.4917228010157,97959300
2021-03-18,368.61981201171875,373.55381671421173,367.93242950176943,371.4446291288149,115349100
2021-03-19,367.937744140625,369.9121420972191,365.7366010584032,368.31561424381664,113624500
2021-03-22,370.875732421875,372.2738835812704,368.4006499768492,368.4573290534802,73778600
2021-03-23,367.9566650390625,371.6976284521401,367.1631290926305,370.2333708419937,90686600
2021-03-24,366.0861511230469,371.0268887536122,366.03892816874804,369.3736817381601,97588600
2021-03-25,368.1455993652344,368.9485625721345,362.66638163266924,364.6313524159487,116128600
2021-03-26,374.0782775878906,374.4844872829987,368.70299031657015,369.30757679748655,114409100
2021-03-29,373.88934326171875,374.8056935585765,371.08361328718706,372.58566667138035,108107600
2021-03-30,372.89739990234375,373.57757768374887,371.28195965297925,372.60454838267634,76262200
2021-03-31,374.40887451171875,375.98651907327525,373.4453013490467,373.47364088825344,112734200
2021-04-01,378.4521789550781,378.5088868681517,376.1565895873112,376.3644225030954,99682900
2021-04-05,383.88409423828125,384.43203041114225,381.0689373716322,381.14449986290174,91684800
2021-04-06,383.65740966796875,384.7154576111067,382.9772318717166,383.3173351846648,62021000
2021-04-07,384.1013488769531,384.4508794233749,383.02441770229257,383.4873063902955,55836300
2021-04-08,385.9246826171875,385.98136170115106,384.4226292328612,385.3673190717819,57863100
2021-04-09,388.7303771972656,388.9004432633174,385.6790477463552,385.80186202697575,61104600
2021-04-12,388.8720703125,389.14600955996264,387.51171487882584,388.12575739952746,56704900
2021-04-13,390.02459716796875,390.65755198684445,388.38084622499366,388.76817248286636,56551000
2021-04-14,388.6926574707031,391.0638094336997,388.144721203013,389.9963052708021,61659900
2021-04-15,392.8681640625,393.142132191828,390.8087471046535,390.85597006538586,60229800
2021-04-16,394.1812438964844,394.79528645183314,392.7358697703559,394.17178777374835,82037300
2021-04-19,392.2445983886719,393.6899724622035,390.90315517252697,393.2365398616549,78498500
2021-04-20,389.3727722167969,392.1312500378734,387.8801463236465,391.0165230941458,81851800
2021-04-21,393.05706787109375,393.26490076751844,388.607558428953,388.74928495396665,66793000
2021-04-22,389.4671630859375,393.72772232070054,388.39023195526994,392.8869635852258,97582800
2021-04-23,393.68994140625,395.11643195211155,389.9584347202658,390.0339972045161,73209200
2021-04-26,394.51190185546875,395.08817763703104,393.75616153139686,394.351320730685,52182400
2021-04-27,394.4268493652344,395.0125812201906,393.2743267307123,394.8141756176997,51303100
2021-04-28,394.3135070800781,395.8344726121784,393.8411621916665,394.7008333481329,51238900
2021-04-29,396.8263244628906,397.4498230794909,393.4065526082123,397.07195299266516,78544300
2021-04-30,394.218994140625,395.39042895454355,393.31210011504396,394.53075788137056,85527000
2021-05-03,395.06927490234375,396.6185511398328,394.5685904754569,396.23122487304954,68128300
2021-05-04,392.63189697265625,393.5577031829844,388.9003902550838,393.0570188353754,101591200
2021-05-05,392.7547607421875,394.5307820721771,392.1879411303291,394.294609636373,60162200
2021-05-06,395.8911437988281,396.0233853735317,390.799252165048,392.8303293787919,74321400
2021-05-07,398.7724304199219,399.43372477306895,395.97615684791066,396.66579074021297,67733800
2021-05-10,394.8236389160156,399.358138212809,394.70082463499676,399.1314218968624,81852400
2021-05-11,391.29998779296875,392.30135676111274,387.37953055018073,390.2513958626027,116888000
2021-05-12,382.98663330078125,389.76949804803,381.6546174387772,388.48473396616635,134811000
2021-05-13,387.5872497558594,389.54276415616044,384.5075524199053,384.5548041979105,106394000
2021-05-14,393.538818359375,394.3984894367975,390.32687917943207,390.3552187169453,82201600
2021-05-17,392.5375061035156,393.3594104690016,390.49697261988825,392.4147206430433,65129200
2021-05-18,389.15545654296875,393.04757328638203,388.9948466175032,392.8019447520136,59810200
2021-05-19,388.1351623535156,388.31465568718664,382.9110299226571,384.41311178435444,106467100
2021-05-20,392.3107604980469,393.5860974338589,388.9004443190321,389.0232297703426,78022200
2021-05-21,391.9895324707031,395.06923000856034,391.52664375966594,393.812776607687,76578700
2021-05-24,395.985595703125,397.0719830962271,394.01116885271523,394.2567974011119,51376700
2021-05-25,395.10699462890625,397.4403792449848,394.52129165177274,397.08139256102805,57451400
2021-05-26,395.8911437988281,396.4012555107979,394.6536025222363,395.7021943153733,43088600
2021-05-27,396.0989685058594,397.4498679127247,395.8155442865395,396.93030008843584,56707700
2021-05-28,396.8074645996094,397.9505310497316,396.5712921776214,397.6860190902907,58520200
2021-06-01,396.45794677734375,399.3392388863988,396.0139414565421,399.1975411945775,54216600
2021-06-02,397.0814514160156,397.9316953007315,396.09899478020424,397.1192470803606,49097100
2021-06-03,395.60772705078125,396.76024973049454,393.25545873442013,394.73862860160705,58138800
2021-06-04,399.22589111328125,399.52819875012193,395.67384845451096,397.47820932299726,55938800
2021-06-07,398.83856201171875,399.39592549649035,397.8938722755683,399.21643214025033,51555000
2021-06-08,398.92364501953125,399.8021996968463,397.0720609101083,399.7077249420533,47134300
2021-06-09,398.32843017578125,399.84939567559417,398.1017138596426,399.77380435045234,48436300
2021-06-10,400.17999267578125,401.14359462724616,398.23393418703716,399.56595013257123,51020100
2021-06-11,400.84130859375,400.9546667518774,399.43373008092857,400.737406558681,45570800
2021-06-14,401.73876953125,401.84267156480246,399.6982362258093,400.95466089957426,42358500
2021-06-15,401.00189208984375,401.9276695399214,400.1138814702221,401.88990270946545,51508500
2021-06-16,398.762939453125,401.37029214615194,396.6940956162795,401.14357585272023,80386100
2021-06-17,398.6307373046875,399.62265001616277,396.12731521839567,398.34734190987837,90949700
2021-06-18,393.2530212402344,396.01103650529984,393.04450841386256,395.3096883274855,118676300
2021-06-21,398.8828430175781,399.07241066609714,394.21029261360286,395.03485692913233,72822000
2021-06-22,401.01531982421875,401.85885819780464,398.14354659358435,398.87335595589127,57700300
2021-06-23,400.5319519042969,401.9062159552063,400.44665515001634,401.09113879833075,49445400
2021-06-24,402.90142822265625,403.3279120211782,402.446483246939,402.7024024500127,45110300
2021-06-25,404.33258056640625,404.787525568789,403.327935661278,403.65966458443444,58129500
2021-06-28,405.1476745605469,405.3182680848234,403.65019430751784,404.8633520200861,53159600
2021-06-29,405.36566162109375,406.180738827245,404.8254198873644,405.53625513996815,35970500
2021-06-30,405.70684814453125,406.38925114312417,404.8727968213665,404.90122907447613,64827900
2021-07-01,407.95306396484375,408.11419934095505,406.40817746172803,406.4745290238891,53441000
2021-07-02,411.0713195800781,411.43148076283416,408.03841070588646,409.1283813138995,57697700
2021-07-06,410.32257080078125,411.34618985307765,407.5550681683477,411.128189943579,68710400
2021-07-07,411.7726135253906,412.0569649645775,408.9766790457856,411.01440086881,63549500
2021-07-08,408.4176025390625,409.1853024616348,405.1951255677102,406.3893383023635,97595200
2021-07-09,412.77728271484375,413.0805793649907,408.21846159942754,409.94342875768245,76238600
2021-07-12,414.2558288574219,414.51174806709076,412.2560261724641,412.6919970412863,52889600
2021-07-13,412.84368896484375,414.9761950094737,412.5783115918039,413.45974048183285,52911300
2021-07-14,413.45965576171875,415.05194859765265,412.1991207290611,414.5590843458804,64130400
2021-07-15,412.0474853515625,412.78675282847234,410.12349249986374,412.1043498556356,55126400
2021-07-16,408.81561279296875,413.2891376406709,408.4175612043477,413.2417601881087,75874700
2021-07-19,402.7781982421875,408.88190573347885,399.9348573210503,403.9344913737417,147987000
2021-07-20,408.55023193359375,409.8392283654541,402.64554941183593,403.4511685662533,99608200
2021-07-21,411.8579406738281,412.00013086589416,408.50281905070426,409.76335419318394,64724400
2021-07-22,412.72039794921875,412.96683008086154,411.0428372446235,412.0379949818656,47878500
2021-07-23,416.9665222167969,417.3077092860723,413.98101966478436,414.6728808632472,63766600
2021-07-26,417.9900817871094,417.99956884632775,416.3220080304527,416.3693854786226,43719200
2021-07-27,416.08502197265625,416.9664506743468,413.22270707079593,416.9380184234522,67397100
2021-07-28,415.9144287109375,417.30766695039506,414.4738130246525,416.72004777472563,52472400
2021-07-29,417.6394348144531,418.72937650881437,416.84330273533806,416.8527897951727,47435300
2021-07-30,415.6111755371094,417.08022352770877,414.9097984013731,415.0425015354718,68951200
2021-08-02,414.7392272949219,417.9048104022537,414.3790661102858,417.3456234296735,58783300
2021-08-03,418.11334228515625,418.2365583722427,413.3270625530231,415.5448653486864,58053900
2021-08-04,416.0566101074219,418.08484492651655,415.81966503037125,416.8148227844002,46732200
2021-08-05,418.69146728515625,418.7767640479432,416.90963555415453,417.2318774104478,38969700
2021-08-06,419.3833312988281,419.8098440396247,418.7293605223864,419.0137119909047,46930000
2021-08-09,419.04217529296875,419.6771719975136,418.26498838164866,419.3549301151535,41222600
2021-08-10,419.5633850097656,420.2837073084507,418.80517232354134,419.49703344563204,43339300
2021-08-11,420.60601806640625,420.70080189870544,419.50658924445764,420.6439373841189,44034300
2021-08-12,421.8664855957031,422.00867578329036,419.54444115923184,420.45430217040604,38909400
2021-08-13,422.63421630859375,422.65316150251556,421.82859724553487,422.321432603143,39470300
2021-08-16,423.62939453125,423.76206874302704,419.7434892166579,421.31680810691563,73740000
2021-08-17,420.85235595703125,421.72429760131735,417.82893460503686,421.0418946552004,92673900
2021-08-18,416.2461853027344,421.4116000048217,415.99978206929455,419.82879402483263,89351900
2021-08-19,416.89068603515625,418.1038727524995,413.34599648280425,413.4881577625044,92812200
2021-08-20,420.2078552246094,420.53958411069095,416.74846295309345,417.24132721491486,72008700
2021-08-23,423.904296875,424.82364507616273,420.2837685839085,421.9139521285281,54973000
2021-08-24,424.5771484375,425.1173901582532,424.05588083436186,424.5771484375,38744700
2021-08-25,425.4681091308594,425.989376788988,424.38762557536865,424.7667608801489,40529700
2021-08-26,422.9564514160156,425.4206570887891,422.86166759999514,425.18371201071784,57829600
2021-08-27,426.7381286621094,427.11723504048143,423.714706846955,423.77157135751264,77235100
2021-08-30,428.6146545410156,429.4107864460952,427.17401011128976,427.42044222141794,48357400
2021-08-31,427.979736328125,428.8611652020728,427.3731718825137,428.51997812465964,59300200
2021-09-01,428.2071533203125,429.44874327289796,427.97020823128537,428.9274756466226,48721400
2021-09-02,429.52459716796875,430.33967441969605,428.3114394259816,429.64781324647686,42501000
2021-09-03,429.42022705078125,429.94152349908387,427.970124546445,428.3776920020868,47170500
2021-09-07,427.8848876953125,429.16439688975737,427.20248471987253,429.0696130746208,51671500
2021-09-08,427.3636779785156,428.0840003623598,425.42071073892623,427.34473278250624,56181900
2021-09-09,425.5344543457031,428.9369825103565,425.28802218606927,427.16463779043585,57970400
2021-09-10,422.1793212890625,427.91338137851,422.05610520409203,427.4868975351088,89948200
2021-09-13,423.2597351074219,425.4775665749538,420.91871649077,425.2121892344571,83738600
2021-09-14,420.9756164550781,424.9278443703824,420.07521354086856,424.71933153361607,78197100
2021-09-15,424.4918518066406,424.99417421627317,420.2837048971315,421.4020787262818,78792200
2021-09-16,423.8189392089844,424.9467711818383,420.83340805626517,423.96110047245674,77786700
2021-09-17,419.69049072265625,423.4652342286047,419.3291757295664,423.0373841183324,118425000
2021-09-20,412.6925048828125,415.08855261540714,407.7672521297652,413.491187460344,166445500
2021-09-21,412.30267333984375,416.37216788294455,411.7702182793726,415.0600361208461,92526100
2021-09-22,416.3246154785156,418.3879006292685,412.416772495929,414.6036394523698,102350100
2021-09-23,421.3829345703125,423.00885200549953,417.9790235804786,418.2167277534638,76396000
2021-09-24,422.0770568847656,422.79968688281105,419.50984011448503,419.72853840774184,62094800
2021-09-27,420.8695068359375,422.2101328126967,420.1658827653251,421.03112942133527,61371100
2021-09-28,412.3882141113281,418.39738252936206,411.64657825709514,418.0645908860193,130436300
2021-09-29,413.082275390625,415.5448868544254,412.5117796384684,413.7858703755339,82329200
2021-09-30,408.03350830078125,415.28821562757787,407.69119918693707,414.5751030750784,140506000
2021-10-01,412.88262939453125,414.5845993910466,406.21742414161906,409.78298672233353,129240100
2021-10-04,407.55816650390625,412.61649031657237,405.3902761342409,411.703714224933,128570000
2021-10-05,411.7987060546875,414.0711428099617,408.2711843295782,409.0793552867115,90682500
2021-10-06,413.51019287109375,413.71937371377385,406.5121956189314,408.15709000231993,113032200
2021-10-07,417.0852355957031,419.9566914356434,416.6478680609118,416.82852554592546,72437500
2021-10-08,416.3246154785156,418.25480137059486,415.6875844942296,417.86496301430975,74557400
2021-10-11,413.3105163574219,418.60657237517626,413.24395222399545,415.65903478250317,65233300
2021-10-12,412.29315185546875,414.65118782637245,411.4944692725718,414.24234359047716,71181200
2021-10-13,413.7763671875,414.6035729991626,410.31540980058895,413.32948221817855,72974000
2021-10-14,420.73638916015625,420.88852331393775,417.00917493406746,417.484583283401,70236800
2021-10-15,423.9406433105469,424.311475756708,422.24819072156123,422.87573323432537,66260200
2021-10-18,425.1957092285156,425.53798930193824,421.4684951126115,422.13407838865146,62213200
2021-10-19,428.4761047363281,428.5426398609434,426.222644503992,426.84069864891364,46996800
2021-10-20,430.1589660644531,430.4632343578258,428.8278285517246,428.941921907584,49571600
2021-10-21,431.2809753417969,431.5091620813401,429.1131142662613,429.55048185592744,41305400
2021-10-22,430.8341064453125,432.3078899044283,428.8659086931158,430.8436238986918,58845100
2021-10-25,433.1445617675781,433.4773534356401,430.1400063520101,431.93703493294555,45214500
2021-10-26,433.53436279296875,435.9399278188588,433.15404192648214,434.7133952006861,56075100
2021-10-27,431.6137390136719,434.6753699759611,431.53765742767655,434.00029823752453,72438000
2021-10-28,435.7783508300781,435.85440340468415,433.049511331318,433.05899976775305,51437900
2021-10-29,436.6625671386719,436.957317992765,433.1540512131141,433.4488020672072,70162400
2021-11-01,437.4137268066406,438.0412693163941,435.66422754458085,437.6609194196054,48433600
2021-11-02,439.1822814941406,439.4960672927222,437.45178792508125,437.584916207298,48908400
2021-11-03,441.863525390625,442.2723695959826,438.16483460506646,438.6117196019942,52509800
2021-11-04,443.9458312988281,444.0314013202998,442.12025045756326,442.4720479958212,52847100
2021-11-05,445.4862060546875,447.5019330819236,443.95540489373764,446.19931867375465,66390600
2021-11-08,445.8664855957031,447.10256476399456,445.17240794821066,446.59863305396107,50405200
2021-11-09,444.3927001953125,446.4749910254794,442.96647518925965,446.23728685780395,51149100
2021-11-10,440.8176574707031,444.39273773990254,439.31537977138765,442.6812501780706,69429700
2021-11-11,440.96026611328125,442.40552611905025,440.9412602245931,442.3294445310498,34848500
2021-11-12,444.2880859375,444.8490642794322,441.28350183921975,442.24383594176913,53466700
2021-11-15,444.44024658203125,445.75237828092077,443.29928394310963,445.5907556899695,46980500
2021-11-16,446.1992492675781,447.3497293227274,444.09795253490535,444.17400510179345,48857500
2021-11-17,445.1153564453125,446.11370240187745,444.48781392358285,445.9330449024421,47858300
2021-11-18,446.6271667480469,446.89339427995975,443.40388400635703,446.1612468047309,50625600
2021-11-19,445.8284606933594,447.7776233405202,445.45762824880177,446.5130208680076,57315600
2021-11-22,444.5733642578125,450.24974102650214,444.3641834265001,447.7300826152093,72762000
2021-11-23,445.1628723144531,446.02811899193205,441.60682714800225,444.24057895640397,73206500
2021-11-24,446.3513488769531,446.47495967812506,442.3103783101897,443.1375841129621,61858800
2021-11-26,436.39642333984375,441.0839435809935,435.2554314804199,439.60067157371947,112669600
2021-11-29,441.74945068359375,443.6130433165056,439.02061135981705,441.24551898634536,86268800
2021-11-30,433.154052734375,441.2074713292348,432.90683110751013,439.2773145924481,148559600
2021-12-01,428.34295654296875,441.8160429933335,428.14329314515095,438.93506932974725,131939200
2021-12-02,434.9035949707031,436.4914717810718,428.1623073956631,428.5616632157224,127637800
2021-12-03,431.11932373046875,437.6609182957372,426.84064855219214,436.58651979160004,137331600
2021-12-06,436.2252197265625,438.1268532041968,431.2524377365643,433.6960437193141,98977500
2021-12-07,445.2485046386719,445.8190005408262,436.09213390980756,441.5688481438857,95484700
2021-12-08,446.427490234375,446.883892741032,443.86979073969735,445.64784251669647,72238800
2021-12-09,443.413330078125,446.53200738560935,443.2136667154886,445.12478836253445,61272600
2021-12-10,447.58746337890625,447.73959753946315,443.56552713506284,446.1517498312818,77159800
2021-12-13,443.62255859375,447.41630797487454,443.3372961712615,447.0645104354329,87724700
2021-12-14,440.5704345703125,442.8333830739573,437.61340841103896,440.3137244942528,97264100
2021-12-15,447.4544372558594,447.7016299176194,438.0793675685681,440.6275789035962,116899300
2021-12-16,443.5085144042969,449.61274209959083,441.93964344822353,449.327508662101,116568600
2021-12-17,438.7882385253906,443.4349791298813,437.0612164345751,440.3912155292583,135511600
2021-12-20,434.1224670410156,434.5231967712665,430.45850677159706,433.64538842595744,107134800
2021-12-21,441.83203125,441.97514900646394,435.39147014201933,437.5860200573119,69806300
2021-12-22,446.2497863769531,446.3642805827982,441.37402790855924,441.5744218873552,58890200
2021-12-23,449.0264587402344,450.54356544604246,447.15631847074775,447.2612618032698,56439700
2021-12-27,455.3810729980469,455.42876921045337,450.3717477155582,450.41944392796466,56808600
2021-12-28,455.0089111328125,456.8599783156876,454.23604617815033,455.81995052630975,47274600
2021-12-29,455.5909729003906,456.6214498247785,454.10249005484945,455.11389431865143,54503000
2021-12-30,454.3315124511719,457.04131550398193,453.863984724026,456.0203602742119,55329000
2021-12-31,453.1865234375,454.99941640531046,452.9098387978473,453.8353725035261,65237400
2022-01-03,455.8104248046875,455.94402078870445,452.1273920142774,454.46505966747395,72668200
2022-01-04,455.6577453613281,457.97636941695663,453.778054569725,457.2512006490592,71178700
2022-01-05,446.90814208984375,456.06805678954737,446.8127205486723,455.28564091793396,104538900
2022-01-06,446.4883728027344,449.23635050731605,444.0934286429578,446.44067658478724,86858900
2022-01-07,444.72308349609375,447.6905272471142,443.349094929474,446.4978308607126,85111600
2022-01-10,444.169677734375,444.38911522991094,435.66813454048366,441.4884986322041,119362000
2022-01-11,448.2153625488281,448.31078409634137,440.8683401688283,443.9025823157687,74303100
2022-01-12,449.4270935058594,451.507178237759,447.44245943191686,449.97097007368217,67605400
2022-01-13,443.23468017578125,451.2018992886118,442.1946522346638,450.543528435834,91173100
2022-01-14,443.4158935546875,443.7689270266009,438.8168492936388,440.04772011937735,95890900
2022-01-18,435.5632019042969,438.8741284845824,434.43730342003215,438.66421274017995,109709100
2022-01-19,431.0404357910156,438.54009602620874,430.76372210073066,437.12796226591615,109357600
2022-01-20,426.26971435546875,437.71004946980986,424.1228607297277,432.9488145244408,122379700
2022-01-21,417.9017333984375,427.5196240681427,417.8731098504364,425.1342313395035,202271200
2022-01-24,419.6765441894531,420.1917972856983,401.4712356806785,412.2245779908159,251783900
2022-01-25,414.55267333984375,419.56199856119224,407.5682357570505,413.2073082147393,167997300
2022-01-26,413.5126037597656,423.683921819535,409.1997950829611,420.51611329659585,186391100
2022-01-27,411.47076416015625,421.34629754508484,409.76284364392416,418.168966707125,149878300
2022-01-28,421.68975830078125,421.7374545102003,408.207513297401,412.84470300582825,164457400
2022-01-31,429.28485107421875,429.63788456422157,419.64785794069275,421.012295690161,152251400
2022-02-01,432.1854553222656,432.83427513963653,426.45096202930443,430.01950014340736,123155400
2022-02-02,436.3837890625,437.1184796033078,432.28089574588796,434.6185924680603,117361000
2022-02-03,426.1266174316406,432.20459422350393,425.2774035345961,430.2772071346521,118024400
2022-02-04,428.13031005859375,432.02325828390605,423.4835404390657,425.88803500986137,118454400
2022-02-07,426.75634765625,430.3153352851843,425.4109825444908,428.9032013012466,84472900
2022-02-08,430.2676696777344,431.2027542589715,424.8098890806237,426.2506758361312,81012000
2022-02-09,436.5650329589844,436.88944286781225,434.1510167421676,434.3513815732101,92589900
2022-02-10,428.7219543457031,436.72731875164635,426.6991455790591,430.6493415610099,140103700
2022-02-11,420.26806640625,430.90691321691406,418.81775796478564,428.8077848767867,153214600
2022-02-14,418.89404296875,421.3557846131822,415.38275180062647,419.7528076605907,123006300
2022-02-15,425.6495056152344,425.82124691183253,422.8633539566384,423.38815785433053,88482700
2022-02-16,426.1266174316406,427.5196788103441,421.68024132188873,423.5790048590743,84863600
2022-02-17,417.0239562988281,426.09800086720514,416.41331081374534,422.90156832540976,102259100
2022-02-18,414.32366943359375,418.5505786166429,412.02414720949537,417.28153330164554,132642900
2022-02-22,409.8773193359375,415.53546459791914,406.3373751245111,412.09097104969135,124391800
2022-02-23,402.6066589355469,413.3981749869801,402.03415876801796,412.82567481945114,132578000
2022-02-24,408.6654968261719,409.1044300817511,391.8151071349742,392.17766239338056,213942900
2022-02-25,417.6823425292969,417.76821318887244,408.2457132066048,409.9154884194575,121804500
2022-02-28,416.6136779785156,418.11171182520815,410.9555325661179,412.22454887589333,145615000
2022-03-01,410.2685241699219,417.12891678130694,407.53006854077734,415.0965572822185,137785900
2022-03-02,417.81591796875,419.5620128646921,411.78563736539417,412.54895149200513,117726500
2022-03-03,415.73583984375,420.8882830783172,413.9133960344633,420.2776375908429,105501700
2022-03-04,412.3581237792969,413.5030949310613,408.2647812992154,411.95736494911114,113978200
2022-03-07,400.2021179199219,412.48211552013856,400.13531993238763,411.7664976728666,137896600
2022-03-08,397.16790771484375,407.62546176838356,396.0897054925874,400.38341260301814,164772700
2022-03-09,407.8163757324219,409.8201118893059,403.43679721272144,405.6504491406804,116990800
2022-03-10,405.97479248046875,406.8812242969528,401.1658323171435,403.15046636629705,93972700
2022-03-11,400.8128662109375,409.1140172955971,400.297613112895,408.4938208708891,95636300
2022-03-14,397.8835754394531,405.0874510691669,396.7290533137992,401.5952611392904,95729200
2022-03-15,406.6332092285156,407.2724782814784,399.23849051948713,400.5265795158824,106219100
2022-03-16,415.64996337890625,415.70721048260174,405.3259752734907,410.1826611460115,144954800
2022-03-17,420.85015869140625,420.85015869140625,413.33139466222354,413.71305175070313,102676900
2022-03-18,425.4596252441406,425.7850430387921,418.47265019814836,419.219203776238,106345500
2022-03-21,425.3351745605469,427.31639357395176,421.7842332897094,425.28730096720227,88349800
2022-03-22,430.31219482421875,431.25973563713376,426.7421215856696,426.7421215856696,74650400
2022-03-23,424.7704772949219,429.2593791208495,424.684339871641,427.7471401193155,79426100
2022-03-24,431.1736145019531,431.1831950629387,425.6893275182375,426.81872377149887,64736900
2022-03-25,433.2792663574219,433.55683972750614,429.20192005869427,431.8148718599814,77101300
2022-03-28,436.3612060546875,436.3612060546875,430.76204021438434,432.6762829489136,68529800
2022-03-29,441.7593688964844,442.25709071647043,437.57675306698206,440.29497432811587,86581500
2022-03-30,439.0316467285156,441.42445049483837,436.89725525370477,440.6013108105276,79666900
2022-03-31,432.2742919921875,439.08899119607855,431.81486323801704,438.25630031147745,121699900
2022-04-01,433.4994812011719,434.01630577896435,429.88156311147435,433.87274339624423,89048800
2022-04-04,437.2130126953125,437.3183112305066,432.86770287931245,433.7003937645586,59601000
2022-04-05,431.69049072265625,438.19890496383664,430.5323819351552,435.7008319748018,74214500
2022-04-06,427.37384033203125,429.68050642902966,424.4546317229695,427.7279997883647,106898000
2022-04-07,429.52734375,431.36502961975174,424.5120371525295,426.48370482446757,78097200
2022-04-08,428.37884521484375,431.3076344524145,426.81873261130204,428.7616879448412,79272700
2022-04-11,421.056884765625,425.91904892156595,420.5496115611133,425.0671968033889,89770500
2022-04-12,419.496826171875,426.6369449919777,417.9271327577382,424.08141751716863,84363600
2022-04-13,424.30145263671875,425.06713801380846,419.06599781582406,419.2478532044622,74070400
2022-04-14,419.0180969238281,425.6605203663138,418.9127984034897,424.53109515523863,97869500
2022-04-18,419.1904602050781,420.8941351265984,416.931638515193,418.08019587737556,66002500
2022-04-19,425.9572448730469,426.6846371533885,418.9128173572124,419.0850921702653,77821000
2022-04-20,425.6414794921875,428.3788620770245,424.46423878133174,427.75673896516173,65224400
2022-04-21,419.276611328125,430.7142241013014,418.3577829337673,429.30725443070924,85417300
2022-04-22,407.77197265625,419.2956922423888,407.19769402624064,418.1758766624438,132471800
2022-04-25,410.1361389160156,410.30841377400196,400.8807612582423,405.5036744107504,119647700
2022-04-26,398.2581787109375,407.7719667682054,398.2294662403028,407.5709502647388,103996300
2022-04-27,399.3780212402344,404.7857803167525,397.2149468186532,399.3493087676611,122030000
2022-04-28,409.4660949707031,411.21764345200137,399.69389386588324,404.18279547184125,105449100
2022-04-29,394.3340148925781,407.60928397292037,393.577880811708,405.42704835983704,145491100
2022-05-02,396.70770263671875,398.08595983894696,387.65331283699174,394.4010364747816,158312500
2022-05-03,398.5262451171875,400.96689319901003,395.6357195639531,397.2149933676342,100028200
2022-05-04,410.66253662109375,411.23681534635347,395.97071617759474,399.19621086621555,144247900
2022-05-05,396.06640625,406.7765971082307,391.88379038376684,406.3458807923875,172929100
2022-05-06,393.7023010253906,397.0139327887008,388.3328641573682,393.47260124336543,151770800
2022-05-09,381.09698486328125,388.9836546970786,379.4985795074588,387.7298281834731,155586100
2022-05-10,381.9775390625,388.6678076542912,377.89064159517943,387.14598828061884,132497200
2022-05-11,375.90936279296875,386.715269649872,375.153228843325,381.00125474281214,142361000
2022-05-12,375.5169677734375,378.8285992967604,368.63526328171594,372.67431634077207,125090800
2022-05-13,384.49481201171875,385.89220108458835,378.6467850380676,379.6996244254463,104174400
2022-05-16,382.9347229003906,386.6483588529305,380.55149980270585,382.82945355971924,78622400
2022-05-17,390.8117980957031,391.05107843409303,385.3179016641324,389.0985426943039,83029700
2022-05-18,375.0575866699219,386.4856187934089,373.80375994293706,386.1984940502169,117674500
2022-05-19,372.7604675292969,377.2398175829103,370.5112265467498,371.9564891117317,98510700
2022-05-20,372.9231872558594,380.00587923277953,364.2229578998327,376.38796178562956,131432200
2022-05-23,379.90057373046875,380.67583959467305,373.64099267039114,375.9859221724704,76414900
2022-05-24,377.0005798339844,378.2065329920415,370.367706024042,375.7275919556099,91448800
2022-05-25,380.331298828125,382.3221275547169,375.0862926252339,375.48826722741353,91472900
2022-05-26,387.930908203125,389.586738893634,381.3650688117415,381.57563670759214,82168300
2022-05-27,397.4542541503906,397.56910404848304,390.2184184802871,390.4194058019488,84768700
2022-05-31,395.22412109375,398.6027583682408,392.4484749570084,395.8175316708917,95937000
2022-06-01,392.02734375,398.39219510501664,389.48139736618805,397.36809742408747,86585800
2022-06-02,399.49285888671875,399.5407032663677,389.586647950477,391.86460123500865,79609600
2022-06-03,392.9365539550781,396.286478226082,391.95072026654356,394.71678540448124,71874300
2022-06-06,394.1330261230469,398.7463290328403,392.94617573503086,396.99480973775064,57508900
2022-06-07,397.9136657714844,398.37309458677043,390.132263641186,390.6012730179454,59272400
2022-06-08,393.5874938964844,397.9902585208139,392.7835153630201,396.1812849137473,64350000
2022-06-09,384.2268371582031,394.08517640788494,384.2268371582031,391.78809077008833,86289800
2022-06-10,373.0859375,378.8095344085753,373.03809311008894,377.9481309269711,132893900
2022-06-13,358.9205017089844,365.4384956832975,357.29338375096023,363.562546039559,170004900
2022-06-14,357.8389892578125,361.73448054139044,354.69963209281036,360.6912216734964,104011800
2022-06-15,362.9405212402344,367.438975220395,356.16408397689713,361.1793917979303,125666800
2022-06-16,350.92852783203125,355.0345864932004,348.46871901757845,354.6230313337775,134473300
2022-06-17,351.68499755859375,355.0686364090253,348.13799100149305,351.3485815305667,111113900
2022-06-21,360.53826904296875,361.9416944882253,357.404565320971,357.48148222315666,76811900
2022-06-22,359.8846130371094,364.04683820617265,355.8377045480305,356.2606594938497,90059400
2022-06-23,363.4123840332031,364.15254047647903,358.44270772012106,362.0474171549332,79292100
2022-06-24,374.9666748046875,374.97629675059903,366.59414443678344,366.6229809393172,98050300
2022-06-27,373.5344543457031,376.19712282537705,372.42901584581267,375.89913582110756,66009600
2022-06-28,365.9019775390625,377.92729577279925,365.7866315483152,375.11082360300094,86548900
2022-06-29,365.60406494140625,367.45928178519546,363.7584700438674,366.4595967720294,65676000
2022-06-30,362.6337890625,365.91167520884255,358.12549653489356,361.66291121412695,112508300
2022-07-01,366.4692077636719,366.9114066205378,359.31746117280204,361.9705369731838,74839700
2022-07-05,367.1612854003906,367.18052929239843,358.4523095292125,361.31686259425834,81438000
2022-07-06,368.40130615234375,370.9197917969221,364.89272815126634,367.3054603975696,70426200
2022-07-07,373.9188537597656,374.72630504569,368.42046985877863,370.19879881078674,64525900
2022-07-08,373.6113586425781,375.5050340154308,370.717968879512,372.2655768600894,72397800
2022-07-11,369.3433532714844,371.8810535124731,368.6416259261286,370.90058308632763,58366900
2022-07-12,366.0750732421875,371.19858364143073,364.30636589794364,368.7858219336144,62219200
2022-07-13,364.1525573730469,367.1228639001298,360.14413672325855,360.5670916633842,84224600
2022-07-14,363.26824951171875,364.3640660703582,356.66442564838934,359.1348312126431,89704800
2022-07-15,370.20843505859375,370.32378105601134,365.79627464618386,367.72837877332427,79060400
2022-07-18,367.1517333984375,374.01508584326325,365.91170497003117,373.33260231112837,63203600
2022-07-19,377.0718078613281,377.6485672171722,370.45839249794153,371.1216320216828,78506000
2022-07-20,379.4750061035156,380.90729743689303,375.8799181877334,377.26412912181934,71843800
2022-07-21,383.3392639160156,383.38731497885783,376.45666787635133,378.88864422727045,64903900
2022-07-22,379.7825622558594,384.6753509090649,377.53322713446744,383.4641885115153,72197300
2022-07-25,380.2439880371094,381.1091124451077,377.97540895048166,380.41700705166886,53631500
2022-07-26,375.7453308105469,378.7924955694413,374.84174792259165,378.5810180991709,52946400
2022-07-27,385.5020446777344,387.2707518773726,378.7828465059742,379.08083346522193,82342100
2022-07-28,390.3371887207031,391.0388867502387,382.7240291170594,386.31914611595874,73966600
2022-07-29,396.0278015136719,397.0275158449995,391.01004463526397,391.7886595530168,87003700
2022-08-01,394.8550720214844,397.39280165613854,392.5769002520845,393.2978421707656,69997500
2022-08-02,392.25006103515625,396.9986672958745,391.05811316467975,393.26898989253783,63435400
2022-08-03,398.3925476074219,399.57487367334056,394.1149468164302,394.40331187270203,67820600
2022-08-04,398.1233825683594,399.0077215987619,396.46039924405466,398.31561615378456,45656600
2022-08-05,397.45050048828125,398.1041474965762,393.7304446397982,393.788117650224,56814900
2022-08-08,396.9890441894531,401.43966346954056,395.8739838829897,399.16149179818365,53886100
2022-08-09,395.4126281738281,396.75838059347655,394.3264042916539,396.248916129781,44931800
2022-08-10,403.7178039550781,403.86201578962965,400.5745081283844,402.554692680031,68665700
2022-08-11,403.7178039550781,408.4856537251459,402.968025623243,406.601571282936,59489700
2022-08-12,410.5523376464844,410.65806169833536,404.71750818997225,405.67876394220696,61694500
2022-08-15,412.2441101074219,412.77281834954965,408.2549047741125,408.31257776995244,54048300
2022-08-16,413.0516662597656,415.00301453640907,410.34091761875305,411.1579909895095,59289000
2022-08-17,410.1198425292969,412.8594278359943,408.09160656890475,409.4085225181949,63563400
2022-08-18,411.3117980957031,412.0038741768005,409.01438243076507,410.321676364218,49023200
2022-08-19,405.7846374511719,408.7837515923218,404.9002689898349,408.51460107542897,68016900
2022-08-22,397.3351135253906,401.0647909363674,396.42190872907395,400.89174258771743,77695600
2022-08-23,396.3739013671875,399.3249642077709,395.8163564821189,396.9025804116317,49105200
2022-08-24,397.6427001953125,399.02688156067626,395.4510381419546,396.14311415703696,49177800
2022-08-25,403.25640869140625,403.3044597447822,398.04638962380767,399.151827868231,50942300
2022-08-26,389.6065979003906,403.6889899352568,389.5489248974377,403.14109640720415,103087000
2022-08-29,387.0304260253906,390.116048918196,385.65583727688966,386.6170930733573,65370800
2022-08-30,382.78167724609375,388.44348818633307,380.6573100679041,388.2031742279569,85652400
2022-08-31,379.8691101074219,385.69431867693766,379.7345495319771,384.4350757596623,76029700
2022-09-01,381.0610656738281,381.40710370684076,374.92824851702744,377.66783361918215,78740100
2022-09-02,377.0429992675781,386.00191116388805,375.20699700543383,384.7715048034439,99632100
2022-09-06,375.620361328125,378.850167040762,373.3710260635667,377.8985330960032,76637400
2022-09-07,382.36834716796875,383.1469620521762,375.0820408024224,375.3031108712713,70964200
2022-09-08,384.86761474609375,385.3289987709693,378.8501438499422,380.0709575312253,80821700
2022-09-09,390.8466491699219,391.72139554652983,386.8670357204222,387.13618619513227,76706900
2022-09-12,395.04736328125,395.77792719853437,392.6346014330005,392.94221038082594,69256300
2022-09-13,377.8696594238281,387.4822173876233,376.73538462454803,386.26140375169405,122947100
2022-09-14,379.3116149902344,380.849630422904,375.9664336243182,379.18664701939434,85023700
2022-09-15,375.0051574707031,380.61888856300754,373.7170780490116,377.7351207825989,87633800
2022-09-16,372.14422607421875,372.8102195024074,368.81425893327554,370.77365224787565,103084800
2022-09-19,375.0302734375,375.0302734375,368.8819242272376,368.95915709823635,73278500
2022-09-20,370.7254333496094,372.68479752032306,367.93600735699954,371.6616829950661,77274900
2022-09-21,364.2585144042969,375.7637347282181,364.248852934161,372.67506876630944,106746600
2022-09-22,361.1988525390625,365.1368741933567,360.44599415857806,363.4767211677108,89472600
2022-09-23,355.1470031738281,357.72408266182606,350.64914672465915,357.68546623470564,122346900
2022-09-26,351.6336975097656,357.3283989536155,350.3982367576907,353.6606331303109,92581200
2022-09-27,350.73602294921875,357.5117480709037,348.3133501798601,355.2145566019714,108294100
2022-09-28,357.63726806640625,359.34566964642033,349.9832024692985,351.7012655213766,110802200
2022-09-29,350.1665954589844,354.3362570682175,347.1841166912817,354.04670746191925,112952300
2022-09-30,344.7518005371094,353.1780479976644,344.6166871988766,349.21104144584865,153711200
2022-10-03,353.8536071777344,355.726106261923,346.7110997775249,348.5160274774265,89756500
2022-10-04,364.818359375,364.84731433282997,353.81503356403977,359.4421630441656,103602800
2022-10-05,363.9689636230469,366.2564935892926,358.0426232733326,360.3977246243655,88065700
2022-10-06,360.2143859863281,365.54230503287965,359.7124607183134,362.5501647365061,82333500
2022-10-07,350.1665954589844,360.30124405933043,348.3809610049247,356.13155299438966,107789500
2022-10-10,347.4929504394531,351.53716008098354,345.22474318780775,351.2958589303228,76042800
2022-10-11,345.292236328125,350.3981762021499,343.3328724398788,345.7748385612468,92482800
2022-10-12,344.1533203125,347.29989646454476,343.90235771219085,345.707314902231,76991800
2022-10-13,353.23590087890625,354.722324093684,335.9973327607428,337.05906362844115,147254500
2022-10-14,345.18609619140625,357.3766339562815,344.5393962043869,355.7261130237995,123737000
2022-10-17,354.05633544921875,355.17597624719497,344.8482759155853,351.344113055805,93168200
2022-10-18,358.21636962890625,362.3860603574706,354.7319658837695,362.0771878318647,97162900
2022-10-19,355.6778564453125,358.911297395047,352.83049140247834,356.15079722208765,79746900
2022-10-20,352.6954345703125,359.70282975273767,351.92325317715216,355.2242660395325,88283100
2022-10-21,361.26641845703125,361.7586527465479,350.8904695677972,352.41547979286736,131038400
2022-10-24,365.6870422363281,366.83563800442863,360.127454616326,362.81075153613125,85436900
2022-10-25,371.52655029296875,371.84505483562714,365.4940218238639,365.6098416575578,78846300
2022-10-26,368.7274475097656,374.0939826830532,368.0807769285353,368.3413715642347,104087300
2022-10-27,366.7584228515625,371.6037389212352,366.13101635115805,369.74090127341464,81971800
2022-10-28,375.48388671875,375.96648902367366,366.4688791974609,366.6522704297885,100302000
2022-10-31,372.77154541015625,374.885345189026,371.8546189962264,372.993553003776,96631300
2022-11-01,371.1404113769531,376.8061863460737,369.95322873313677,376.56488522910905,85407600
2022-11-02,361.8262023925781,375.1074255985711,361.7200440374336,370.5419977575852,126990400
2022-11-03,358.1005859375,361.1795911215684,355.95783044036943,358.5445718280526,87100100
2022-11-04,363.25469970703125,365.68700431067356,357.1256455742782,363.88207670676456,103505200
2022-11-07,366.7294616699219,367.3278837471931,362.4632448181019,364.56738355937927,68286900
2022-11-08,368.7081298828125,371.71956329878554,364.5770556791076,367.84908371371904,84641100
2022-11-09,361.1119689941406,367.8780620529582,360.6100437959627,366.7101433846629,78495500
2022-11-10,380.95660400390625,381.2944315033392,372.2215142003635,374.5476313535781,141455800
2022-11-11,384.6437072753906,385.4544756314829,379.9141810146239,381.8252967897964,93839900
2022-11-14,381.3716125488281,386.25554515730494,381.09169498505867,382.858035785753,71903500
2022-11-15,384.6243591308594,388.3114476524272,380.7635408563061,387.191806818122,93194500
2022-11-16,381.690185546875,383.93909939094436,381.053146951665,382.9738947537852,68508500
2022-11-17,380.52227783203125,381.20759435252256,376.5649622687644,376.8738053753298,74496300
2022-11-18,382.24993896484375,383.96800180564105,379.3639869205082,383.9004304209172,92922500
2022-11-21,380.86004638671875,382.0472585453057,378.9972087404378,380.90832428593535,51243200
2022-11-22,385.9852600097656,386.14935772947246,381.4005387968891,382.8290520104278,60429000
2022-11-23,388.4176330566406,388.90986735370535,385.41583154987455,385.6474712190815,68261600
2022-11-25,388.3307189941406,388.89055410722,387.5682286365076,387.84811673734316,30545400
2022-11-28,382.1341247558594,386.86362100910424,381.3619434670269,385.2034680577448,67881600
2022-11-29,381.47784423828125,383.47579547647257,379.6149768783477,382.2692896645585,52310000
2022-11-30,393.49456787109375,393.49456787109375,379.78868149193926,381.7287225286576,144566700
2022-12-01,393.205078125,395.73390961499217,390.6665851626051,394.5466972820921,76398200
2022-12-02,392.75140380859375,393.66833049697027,388.1473885118186,388.25354687813,85342700
2022-12-05,385.6861267089844,390.8403160607609,384.315552586433,389.8944343452361,77289800
2022-12-06,380.1264953613281,386.07215893019634,378.0127244938786,385.5220147224602,77972200
2022-12-07,379.4798583984375,381.87357650086983,378.3312625246142,379.2675122001918,65927900
2022-12-08,382.45263671875,383.5336610884183,379.58597806260593,381.39093529149324,60737900
2022-12-09,379.59564208984375,383.7846262783676,379.4701607861436,381.1978851684284,81447700
2022-12-12,385.0683898925781,385.0683898925781,379.72114812014985,380.3967736718847,75405800
2022-12-13,387.9832763671875,396.2068085763035,385.1841890472731,395.9462139503626,123782500
2022-12-14,385.5026550292969,391.39040812027383,382.5201767857034,387.63574863606715,108111300
2022-12-15,376.0726623535156,381.497107338881,374.3932158229351,380.5801512125836,117705900
2022-12-16,371.6326599121094,374.8421551302672,369.4703889362724,373.4846696225964,119858000
2022-12-19,368.4813232421875,372.16596040837743,366.79416487545245,371.8265816496415,79878100
2022-12-20,368.985595703125,370.62428426038457,366.3772703470594,367.7153738639664,74427200
2022-12-21,374.5027770996094,375.6469412543025,371.0702550445676,371.6132492058105,78167400
2022-12-22,369.16009521484375,374.48339136727145,363.39074486331384,371.4193357646153,100120900
2022-12-23,371.28363037109375,371.4290699727955,366.5517980559523,368.12260493626457,59857300
2022-12-27,369.8194885253906,371.5163530122188,368.12262403856244,371.1672979500218,51638200
2022-12-28,365.223388671875,371.7490547748007,364.9906853166092,369.75157580856137,70911500
2022-12-29,371.7975158691406,372.6798888580042,367.5698842736494,368.10320223797714,66970900
2022-12-30,370.81817626953125,370.9636158642574,366.93962925835154,369.08254778752337,84022200
2023-01-03,369.2570495605469,374.69669716086906,366.3578157499372,372.6992479566295,74850700
2023-01-04,372.1078796386719,374.16350520628316,368.4620352940203,371.5454736454373,85934100
2023-01-05,367.8608093261719,370.24610753892307,367.2596392522316,370.1297558589303,76970500
2023-01-06,376.296630859375,377.4311189189253,367.88989649639944,370.99271645676004,104189600
2023-01-09,376.08331298828125,381.7460179093739,375.8991092209777,378.517110812085,73978100
2023-01-10,378.720703125,378.78858479831536,374.5415711623446,375.49182581586547,65358100
2023-01-11,383.5107421875,383.58832970359543,379.49646116309526,380.32065837354753,68881100
2023-01-12,384.9070129394531,386.39055604862517,380.5048832061513,384.6258395750699,90157700
2023-01-13,386.4002380371094,386.9820259950069,381.39690894473443,381.6684060462913,63903900
2023-01-17,385.6923828125,388.0777104204415,385.00394903506844,386.38084618089556,62677300
2023-01-18,379.6030578613281,387.9710272209344,379.3994424421326,386.89474469993775,99632300
2023-01-19,376.8396911621094,379.20557792508555,375.5015875334553,377.5378013082219,86958900
2023-01-20,383.85980224609375,384.01494767738205,376.58752660363507,378.2553030012775,91806400
2023-01-23,388.465576171875,390.4242317555636,383.7046561749685,384.6742929256794,84178800
2023-01-24,388.04864501953125,388.9697821912986,385.56637726949504,386.7687173884597,59524900
2023-01-25,388.1941223144531,388.53350113320556,381.6102797581424,383.9277260541941,84800300
2023-01-26,392.4604797363281,392.6253310060261,387.8837930323548,390.8896729151746,72287400
2023-01-27,393.3622131347656,395.7669228266242,391.1902363749992,391.40355763468796,68346200
2023-01-30,388.4268798828125,392.82904012112726,388.1262947819447,390.56976935412024,74202000
2023-01-31,394.137939453125,394.18640945210655,388.6012925487081,388.9503771506525,86811800
2023-02-01,398.3267517089844,401.109633944594,390.1333392007626,392.9064860091245,101459200
2023-02-02,404.12518310546875,405.6087260745303,400.343605889328,402.26346761931126,101654500
2023-02-03,399.82977294921875,404.3094905953678,398.60802101264386,399.092839452114,94736800
2023-02-06,397.38623046875,398.8019214799618,395.7087777693734,397.3474663028563,60295300
2023-02-07,402.58349609375,403.8440120683523,395.1948685823552,396.4553845569575,90990700
2023-02-08,398.1813659667969,401.94356167398973,397.48322625215314,400.5860760041181,76227500
2023-02-09,394.7294006347656,401.98229380319435,393.48826684245864,401.8271483802855,78694900
2023-02-10,395.6506042480469,396.0384530460212,392.71260595671595,393.5367735557989,70769700
2023-02-13,400.29510498046875,400.4308683218395,395.8444760879518,396.30991235569826,64913500
2023-02-14,400.11090087890625,402.4476992787752,396.1062965854902,398.75338583024995,88389300
2023-02-15,401.4102478027344,401.4878057256822,397.0371764235173,397.8904615307759,61555700
2023-02-16,395.88330078125,400.37272377802026,395.7475670202348,396.37782500494444,76431500
2023-02-17,394.8942565917969,395.1366657696702,391.7817014424098,393.7306807016195,89257800
2023-02-21,386.97235107421875,391.8884168043037,386.7105597881842,390.82181039477337,82655900
2023-02-22,386.4390563964844,388.9504121435248,384.9651895305076,387.38928151695194,83742300
2023-02-23,388.49468994140625,389.98793892233294,384.21858803532103,389.3673571569208,96242400
2023-02-24,384.3446044921875,385.1881836967551,381.6878093714178,383.41376153448846,108194400
2023-02-27,385.65362548828125,389.1055298638057,384.70337084453803,387.7286326935627,80444700
2023-02-28,384.228271484375,387.156563842999,384.12159605361234,385.16882032398394,96438600
2023-03-01,382.7544250488281,384.6452286653994,381.4357331904151,383.4040947317888,99706800
2023-03-02,385.731201171875,386.58448626417436,380.41758101862564,380.7569598063764,85127800
2023-03-03,391.91748046875,392.1695954929354,386.9141512863153,387.5734971746838,90120000
2023-03-06,392.18896484375,395.0784929185733,391.74294023856396,392.7513411206399,72795900
2023-03-07,386.1772155761719,392.3829144136942,385.5566634469987,392.14050522757117,108310600
2023-03-08,386.8075256347656,387.5735174019799,384.5482553177289,386.2936193139277,74746600
2023-03-09,379.67095947265625,389.2897689515942,378.67223481429073,387.60258090246896,111945300
2023-03-10,374.19256591796875,381.2224331853656,372.65084685438,379.1183081694426,189253000
2023-03-13,373.65924072265625,378.53654246473604,369.09225946405695,370.21704175618794,157790000
2023-03-14,379.8358154296875,381.5035918263972,375.2978929421976,378.64315157224377,149752400
2023-03-15,377.460205078125,377.6638205167476,372.0593211039184,374.1731517764956,172996900
2023-03-16,384.08282470703125,384.4319093478442,374.56101366986553,375.07491999833877,143254200
2023-03-17,379.5918273925781,383.8842487131921,378.190219218341,382.7357177577169,140553400
2023-03-20,383.2418518066406,383.66040945643573,379.66972024400764,380.3802375233419,93055800
2023-03-21,388.27398681640625,388.7606554675455,385.0327569656362,386.6485004518863,91524200
2023-03-22,381.65533447265625,391.7585819883391,381.61642236134196,388.0988533633796,111746600
2023-03-23,382.68707275390625,388.64389279785183,379.9422541991001,384.5558638990384,119351300
2023-03-24,385.1983337402344,385.2859305548855,379.0176343837858,381.39258037178774,107682400
2023-03-27,385.9185485839844,388.2837811167207,385.0133519019217,387.50509334943473,74010400
2023-03-28,385.0522766113281,385.9185314405702,383.1931986358876,385.2177273330947,62871700
2023-03-29,390.6489562988281,390.89229063940246,388.0501324717786,389.2668041746503,77497900
2023-03-30,392.9363098144531,393.5689731668523,391.0480329323453,393.3158959443329,69840000
2023-03-31,398.474609375,398.7763415903642,393.7636302558497,393.8707128150531,112062600
2023-04-03,399.9930725097656,400.40185764091285,397.54998578787973,397.94905774231677,67391100
2023-04-04,397.7738037109375,400.93715022422197,396.3819086701285,400.6451311852712,66601500
2023-04-05,396.7323303222656,397.80300740342744,395.05818880551254,397.0340625400612,65200200
2023-04-06,398.27996826171875,398.5622444497438,394.8635441807036,395.92447847594616,63743300
2023-04-10,398.688720703125,398.7666043298066,395.14578799051924,395.76870848447066,63681000
2023-04-11,398.7958068847656,400.21687119365475,398.01714883428133,399.32141740598786,59297900
2023-04-12,397.1703186035156,401.1804936873702,396.5765970407877,400.8884746417839,86420400
2023-04-13,402.4458312988281,402.8059613979246,397.1119314502093,398.2702053766501,85814800
2023-04-14,401.4627380371094,404.0226201667192,399.12673420421424,401.80341206988373,78161500
2023-04-17,402.9032897949219,402.92274584971403,400.1292722361705,401.37514293257703,66436400
2023-04-18,403.1661071777344,404.63585627014226,401.774241717507,404.49957476577754,63560000
2023-04-19,403.0979309082031,404.01284065902394,401.1707123262414,401.22911018897685,55227300
2023-04-20,400.8982238769531,402.6697051216665,399.3311351746603,400.24607473164843,75840400
2023-04-21,401.2096862792969,401.676869218609,399.23381255472265,401.1999434000945,73457400
2023-04-24,401.62823486328125,402.0565057155857,399.65236103720025,401.00528464032885,64332100
2023-04-25,395.25286865234375,400.1974396579536,395.1944707801746,399.63288728844816,97766700
2023-04-26,393.57867431640625,396.96589896825884,393.0141517263801,395.8757658951748,80447000
2023-04-27,401.4140625,401.68659577148844,395.8952266224853,396.14830384025987,92968400
2023-04-28,404.8402099609375,404.8499528400004,400.4601917441596,400.518589610738,89335600
2023-05-01,404.4314270019531,406.4851546297592,404.1978058305228,404.3924851893981,62122300
2023-05-02,399.8859558105469,403.7598495686788,396.9464873945353,403.71116487366527,103998500
2023-05-03,397.1411437988281,402.83517393886245,396.89780943133866,400.3920873840193,91531800
2023-05-04,394.32818603515625,396.41111262734955,392.97523278984136,396.08018147546466,94901900
2023-05-05,401.62823486328125,402.6891691143394,397.74462796123623,398.00741837809966,87844000
2023-05-08,401.7353210449219,402.2219898080054,400.3142565738112,401.9591993693457,50046800
2023-05-09,399.9736022949219,401.10267744562583,399.7400107823298,400.1682816913522,49220100
2023-05-10,401.84234619140625,403.4872887518615,397.9684526974755,402.8448825119293,96142900
2023-05-11,401.14154052734375,401.4335298607705,399.0391282149725,400.9663469272877,70157100
2023-05-12,400.615966796875,402.61132643811567,398.16316705924265,402.3971910059802,70439400
2023-05-15,401.99810791015625,402.406893003121,399.2922309995601,401.2291630110443,54289400
2023-05-16,399.3116760253906,401.81316032040905,399.30193314595533,400.8787350116399,57705500
2023-05-17,404.1589050292969,404.77208264872,399.6912898643818,401.355688524903,87287000
2023-05-18,408.05224609375,408.48051692312157,403.6138299565358,403.83767854650284,97177200
2023-05-19,407.45849609375,409.50251056679645,406.222368293831,408.9671868803819,103679700
2023-05-22,407.6239929199219,409.1813387574631,406.2223846365249,407.4779982453808,60745400
2023-05-23,403.04931640625,407.55587372344837,402.65024447213256,405.95958598697865,86383500
2023-05-24,400.1292419433594,401.8131262282598,398.95151208373903,401.42379723458924,89213700
2023-05-25,403.5943603515625,405.06410937954433,401.41409400851745,403.681957155999,90961600
2023-05-26,408.8211364746094,409.5511394753617,404.17832808322765,404.25618200025934,93830000
2023-05-30,408.97686767578125,411.31287130121456,407.5752595597417,410.77754765718316,72216000
2023-05-31,406.7090759277344,408.04254353572287,405.1225310672273,407.127603919282,110811800
2023-06-01,410.5731506347656,411.64382761498473,405.6772651607568,406.9425917803537,88865000
2023-06-02,416.5105895996094,417.308703762245,412.6464385964793,413.1817623316023,91366700
2023-06-05,415.71240234375,418.1652018562358,415.00185536054477,416.8609333270958,65460200
2023-06-06,416.6175537109375,417.1528773320178,414.6319373476952,415.29382927137357,64022200
2023-06-07,415.17706298828125,418.1652159848775,414.7487921488518,417.01668496272606,85373300
2023-06-08,417.68829345703125,418.1457632344052,414.4665489603408,415.2452070178747,61952800
2023-06-09,418.437744140625,420.4720157510119,417.4352078024171,418.4961420085672,85742800
2023-06-12,422.2337341308594,422.3116177537034,418.70054447165705,419.4305474903507,76104300
2023-06-13,425.0174865722656,425.6696059560719,423.0416129596479,423.7132181007548,95899700
2023-06-14,425.52362060546875,427.35349959785805,422.0293430418738,425.358169888184,100612100
2023-06-15,430.79913330078125,432.0644600219507,424.5989789000315,424.6962888755832,110303100
2023-06-16,429.3317565917969,433.3861055747919,428.8530591628444,432.8097068830916,114121300
2023-06-20,427.10430908203125,428.26688554723484,425.00386607669554,427.3681054754282,76160400
2023-06-21,424.9158935546875,426.91863505911573,424.31993678671154,426.1077772764031,76982300
2023-06-22,426.44976806640625,426.5572185867041,423.60683122872587,423.94877074517865,70637200
2023-06-23,423.22576904296875,425.0331379202763,422.50283341774065,422.9522234160524,92074500
2023-06-26,421.49658203125,424.5935061786807,421.2523437943885,422.6493793538192,72823600
2023-06-27,426.1175842285156,426.74281861737984,421.9264476964196,422.3856167786235,72813700
2023-06-28,426.33251953125,427.3583082207874,424.39814192368516,425.0233763190897,75636000
2023-06-29,428.01287841796875,428.1789735516277,425.5021317852596,425.91243536260924,67882300
2023-06-30,433.0636901855469,434.0601714331237,430.94368922598466,431.2661003863023,104921500
2023-07-03,433.56195068359375,433.84524556804314,432.42868170308367,432.71200640177057,32793400
2023-07-05,432.91717529296875,433.6596690923143,431.7155124041709,431.72529147444817,58418400
2023-07-06,429.5271301269531,429.9569918026386,426.9870465381491,429.29267096357466,80658300
2023-07-07,428.4427185058594,432.438482440406,428.1984802602594,428.5208914404252,86076100
2023-07-10,429.5271301269531,429.70297449948697,427.5048304001015,428.08122905289855,62443500
2023-07-11,432.26263427734375,432.7608898689312,429.31224682593734,430.29897893814285,64463800
2023-07-12,435.7405700683594,437.16694292685935,434.65616653988315,436.10206772542455,91924500
2023-07-13,439.19891357421875,440.00002205334414,437.13755740575095,437.57716829241656,72425200
2023-07-14,438.9254150390625,440.9574640329814,438.15361386962167,440.0977704910173,69761800
2023-07-17,440.44952392578125,441.51439920748754,438.73007696084676,438.7789425034936,52680200
2023-07-18,443.7222595214844,444.3768012972551,439.6776600270388,440.11730077703953,80744400
2023-07-19,444.7090148925781,445.91064799435,443.6441098923527,444.52339143853806,65891700
2023-07-20,441.758544921875,444.61126044198244,441.0356093331961,443.7027014214693,70591600
2023-07-21,441.758544921875,443.7027014214693,441.74879566678186,443.4975198509774,71245400
2023-07-24,443.7320556640625,444.5526925899651,441.87582114974117,442.92116799428237,54023400
2023-07-25,444.9434814453125,446.21350843314684,443.4096580635545,443.4585236026188,55191200
2023-07-26,445.0118408203125,446.4577120825388,442.93092629914895,443.9958014202504,71052900
2023-07-27,442.0614318847656,448.8512668295463,441.14309372438333,448.44093347127927,92194400
2023-07-28,446.3893737792969,447.2295390407471,442.061449370216,445.3733343206396,80011800
2023-07-31,447.2392883300781,447.60075614241094,445.5393699652003,446.86804144792967,62040400
2023-08-01,445.95947265625,446.7117156597197,444.9922690069472,445.75429108001924,55291500
2023-08-02,439.755859375,443.06771454697815,438.9938372263311,442.8039479696757,93933400
2023-08-03,438.4955749511719,440.4006452008389,437.05945286822384,437.7140244875459,64276100
2023-08-04,436.5123596191406,442.46199970340473,435.9847966607325,440.33224935749195,100052300
2023-08-07,440.3224792480469,440.47879530609856,437.6651658896473,438.3685732437601,58357500
2023-08-08,438.4076843261719,440.31275471300717,435.007876954705,437.75311265971953,71361300
2023-08-09,435.476806640625,438.8473064696528,434.7050054104256,438.6812113387593,78789600
2023-08-10,435.6330871582031,441.2896530041849,434.45098245393154,437.8605386591447,93005500
2023-08-11,435.37908935546875,436.40490787249684,433.13210942829295,433.7378155053105,68664600
2023-08-14,437.7823791503906,437.7823791503906,434.1383636694306,434.4509957738728,47867400
2023-08-15,432.6827087402344,436.3462823230885,432.10628026000245,435.9847846856202,75707500
2023-08-16,429.5075988769531,433.9429436965957,429.4001185516448,432.26258347060406,80107200
2023-08-17,426.23480224609375,431.25632480369626,425.7072393158226,430.9925582456794,95711300
2023-08-18,426.4399719238281,427.48531875841724,423.03041559493624,423.3821043537296,98758400
2023-08-21,429.21453857421875,429.9667816706024,425.28719814548714,427.46578431087676,68719000
2023-08-22,428.0519104003906,431.0120765171459,427.4852908323814,431.0120765171459,65062900
2023-08-23,432.8194580078125,433.444722197635,428.9800401250662,429.12657710260663,68441000
2023-08-24,426.82098388671875,434.9589887513952,426.7916466768767,434.44120488622656,88517300
2023-08-25,429.8300476074219,431.12938208497275,424.97458960942953,428.56976978679927,102325100
2023-08-28,432.5556945800781,433.18092896018993,429.82998752114145,432.0476599686097,61595400
2023-08-29,438.8081970214844,439.09152172911735,432.26260023499714,432.4482236833527,83081900
2023-08-30,440.61553955078125,441.26033204626697,438.4369238378933,439.1501101921964,69053900
2023-08-31,439.9707946777344,442.39361906506304,439.78517122041615,441.2408216669476,66084600
2023-09-01,440.79144287109375,443.2142971344519,439.3162342455974,442.7258206162601,58875700
2023-09-05,438.8863220214844,440.6643834985176,438.8179579756271,440.34200215187354,55166200
2023-09-06,435.9359436035156,438.1731741919241,433.5814834321753,438.06569386474473,70758500
2023-09-07,434.5975036621094,435.28135280377876,432.54589660862825,432.89758534190344,70355400
2023-09-08,435.2521057128906,436.80545746187676,434.2849317481469,434.6463996010616,61659700
2023-09-11,438.11456298828125,438.4271652739135,436.1801854113515,437.90938140223244,60180100
2023-09-12,435.7112731933594,438.1927422425825,435.1251252255622,436.64916957031585,67565400
2023-09-13,436.21923828125,437.391563844118,434.8221730095013,435.9359135991734,60199300
2023-09-14,439.98052978515625,440.6839371233629,437.40138942122456,438.72028190714184,83430800
2023-09-15,434.6795349121094,438.70899068528865,434.23837327815903,438.3756585887244,111761400
2023-09-18,434.93438720703125,436.24811819832,433.88535315896445,434.36573906609357,55752200
2023-09-19,434.032470703125,434.60111892750206,431.31677600765863,434.00305992734036,66514600
2023-09-20,430.0422668457031,435.7285695423798,429.8363614969153,435.30700511860454,82562600
2023-09-21,422.9343566894531,427.4245711330259,422.77748925255304,427.159874162922,103976100
2023-09-22,421.9833068847656,425.59116764911784,421.5617126198386,423.97351545113276,100829700
2023-09-25,423.75787353515625,423.797067953463,420.3166634466325,420.7578549675111,70874500
2023-09-26,417.5323791503906,421.39515405026265,416.68922035487924,420.67945192658254,96168400
2023-09-27,417.6990051269531,419.2872767272579,414.0127250278903,418.7186285208834,104705800
2023-09-28,420.12060546875,421.8167066581407,416.5421547895231,417.14021378994175,92258300
2023-09-29,419.1009521484375,423.38529075475395,417.5617186227765,423.208826125155,115078500
2023-10-02,418.934326171875,420.1990493555368,416.1401828253966,418.2578484168517,83798600
2023-10-03,413.326416015625,418.9931211100854,411.9440498179188,416.7284017851677,103760600
2023-10-04,416.3363037109375,417.09120028015917,412.31666124023246,413.7970735205657,87453000
2023-10-05,416.17938232421875,417.0323246811002,412.91466676522356,416.0421121006544,70142700
2023-10-06,421.12060546875,422.6794363277748,412.3558357939285,413.69897767073206,113202700
2023-10-09,423.81671142578125,424.39514327184617,418.6402056663584,419.1990103831098,80374400
2023-10-10,426.0225830078125,428.6500451050346,424.05197147519465,424.453938649079,78607300
2023-10-11,427.7677307128906,428.02261412667553,424.6892632623498,427.1010665239066,62451700
2023-10-12,425.1597900390625,428.76765080594913,422.77742789566184,428.3853107935095,81154200
2023-10-13,423.0421447753906,427.8951315209917,421.45390327156525,426.67941648397607,95143100
2023-10-16,427.4931945800781,428.5716394797072,425.07160781793976,425.316707571519,75433200
2023-10-17,427.47357177734375,429.5520428410279,423.97356999956037,424.3264992869723,75324700
2023-10-18,421.7774658203125,426.6500502828491,420.6794236742881,425.67946480009624,93559800
2023-10-19,418.071533203125,424.33629709672346,417.38527186327997,422.50295577657073,121323000
2023-10-20,412.9342956542969,418.1794367765835,412.82643619616385,417.63041567901314,123845800
2023-10-23,412.21856689453125,416.1303793610577,409.61070188998167,411.3852217369332,92035100
2023-10-24,415.3264465332031,416.49312377432966,412.49307897063755,414.36564471127423,78564200
2023-10-25,409.3656005859375,413.64996945398013,408.84599029988897,413.6205586800304,94223200
2023-10-26,404.4635925292969,409.1498985183066,403.5322314377385,408.2871725369038,115156800
2023-10-27,402.63031005859375,406.4734878368903,401.18912213165845,406.07152060073474,107367700
2023-10-30,407.4440002441406,408.51263152033846,404.1400605356551,405.45379155188186,86562700
2023-10-31,410.0028991699219,410.32641769542846,406.0910865723673,408.02247391880456,79665200
2023-11-01,414.3754577636719,415.19898935884856,410.4440480777059,410.9832854960481,98068100
2023-11-02,422.3166809082031,422.4735483378235,418.19899315902586,418.21859036795234,94938900
2023-11-03,426.1696472167969,427.738291613609,424.52258406387557,424.6500407220308,100110800
2023-11-06,427.1500549316406,427.6010301071179,425.17944331101864,426.93436594868996,67831700
2023-11-07,428.3657531738281,429.01282014234994,425.9932042086531,427.15006791628076,64256100
2023-11-08,428.679443359375,429.50297489179553,426.346089057816,428.97355107831027,61746000
2023-11-09,425.3363037109375,429.87555592291034,424.904925752171,429.8363315850034,83174400
2023-11-10,431.9736022949219,432.28733716521367,425.3264980675604,427.4343799178175,89462200
2023-11-13,431.56182861328125,432.6794678903552,429.8265331928285,430.6206539716291,52236100
2023-11-14,439.93450927734375,441.2384269465209,437.346241231058,437.5717438003563,97176900
2023-11-15,440.8658142089844,442.5325044732284,440.0030583037006,441.287378597438,77327600
2023-11-16,441.405029296875,441.7285477853014,439.3363719577196,440.41481678481,66665800
2023-11-17,441.9541015625,442.57175775870127,440.48350296941317,441.4148641267252,83133200
2023-11-20,445.3560485839844,446.2089909063294,441.6893360671345,441.69914963110705,69936200
2023-11-21,444.38543701171875,445.2285956966268,443.1011167353494,444.2972046934265,49244600
2023-11-22,446.10113525390625,447.4344934312076,444.9933095334768,446.0619408364875,59394900
2023-11-24,446.37567138671875,446.57176316267487,445.8168666721121,446.15019875571403,29737400
2023-11-27,445.57177734375,446.5619600531191,445.17959378265584,445.73842842975046,50506000
2023-11-28,446.0129089355469,447.32664000240914,444.61094554920174,445.1795638034484,62115000
2023-11-29,445.69921875,449.33652093877504,445.2972814496463,448.18944083171374,63146000
2023-11-30,447.4541320800781,447.8070913053535,444.45411330256195,446.5521816854735,79752700
2023-12-01,450.1011962890625,450.64040378256834,446.23842175479484,446.8364507959776,89097900
2023-12-04,447.7384338378906,450.12079629179925,445.43449014156994,446.6698024892576,72430900
2023-12-05,447.6502380371094,448.62082357838926,445.9541368117821,446.33650682465384,69793500
2023-12-06,445.84625244140625,449.8462671396938,445.4050609299513,449.8168563668903,69124700
2023-12-07,449.24822998046875,449.9050805343139,447.3462535885612,447.954096161756,66995400
2023-12-08,451.1796569824219,451.71886449479484,448.24824346340256,448.49334322710024,83080900
2023-12-11,452.93450927734375,453.1110038301833,450.4639146510127,450.67960362057033,65002200
2023-12-12,455.0032043457031,455.1012502344239,451.5718076763078,452.5816174993822,68327600
2023-12-13,461.2777404785156,461.5326537987916,455.02278992254185,455.3855327740707,93278000
2023-12-14,462.7581481933594,464.4444356942921,460.0522373403874,463.23853413603206,119026000
2023-12-15,461.9962463378906,463.3448639816749,460.12594170499983,462.15374978623134,141319300
2023-12-18,464.594970703125,465.5891979977767,462.54748612125485,463.62045011337096,70375300
2023-12-19,467.4201354980469,467.49890223898143,465.0674973148692,465.146234015094,55761800
2023-12-20,460.94293212890625,468.46353310540064,460.5098052095539,466.553845335722,102921000
2023-12-21,465.3135986328125,465.5892221492984,461.5138993976389,463.9649810278423,86667500
2023-12-22,466.24871826171875,467.9516960202922,464.3292070719011,466.4554283810848,67126600
2023-12-26,468.2174377441406,469.13289825788524,466.58337347147733,466.66214020597357,55387000
2023-12-27,469.06402587890625,469.2116759586534,467.46934493622075,468.01073857552973,68000300
2023-12-28,469.2411804199219,470.08772752484174,468.8179068674619,469.4282138576518,77158100
2023-12-29,467.8827819824219,469.5759063860518,465.90418072054433,469.04433603914117,122234100
2024-01-02,465.26434326171875,466.26842392066214,463.1380919165969,464.78200963737714,123623700
2024-01-03,461.46466064453125,463.8271520560434,460.85435361763393,463.0790182601264,103585900
2024-01-04,459.978271484375,463.60076051558326,459.7518546546583,460.9823221278168,84232200
2024-01-05,460.6082458496094,463.08885724864916,459.1415083193869,460.1849422441129,86060800
2024-01-08,467.1838684082031,467.3315184880514,460.9822946882023,461.1102681043068,74879100
2024-01-09,466.47509765625,467.50867821085495,463.9846329489776,464.49649655038183,65931400
2024-01-10,469.1132507324219,469.98935797404295,466.46528238377533,466.75075924281816,67310600
2024-01-11,468.9065246582031,470.6488556888523,464.88043891433455,470.12713871081326,77940700
2024-01-12,469.2313537597656,471.12136490723475,467.8040295978058,470.3732311137583,57944000
2024-01-16,467.5086975097656,469.1624384816832,465.66792309023396,467.8335577253936,85014900
2024-01-17,464.90997314453125,465.40216011094293,462.5277750091871,464.44731619447595,68843900
2024-01-18,469.0443115234375,469.60541185803214,465.03793256834524,466.60308346955065,91856200
2024-01-19,474.8915100097656,475.17698686216823,469.0935631567449,470.18620380449687,110733300
2024-01-22,475.8956604003906,477.63799170516694,475.2361165496973,476.446907481248,75844900
2024-01-23,477.2835693359375,477.52966283909075,475.3443813701725,476.4468754577852,49945300
2024-01-24,477.8052673339844,481.1324259207397,477.3032270260809,480.1874353770752,81765000
2024-01-25,480.4040222167969,480.67964572380765,477.80529058508233,479.96104191877174,72525000
2024-01-26,479.7937316894531,481.4770028066331,478.93733112177756,479.9709117984805,76641600
2024-01-29,483.5934143066406,483.74109444230595,479.5575048545731,480.1087519028763,61322800
2024-01-30,483.2193603515625,483.9379341352055,482.4515198034891,482.8945001134222,58618400
2024-01-31,475.3345031738281,481.4376037086251,475.3147964685509,480.9848000978878,126011100
2024-02-01,481.5557861328125,481.58531615200064,476.2401423532499,477.05718961864164,91891600
2024-02-02,486.625244140625,488.2986617484959,481.65413791438186,481.9986747879959,99147700
2024-02-05,484.8534240722656,486.65484539824575,482.56969911775246,485.9854782571076,75757100
2024-02-06,486.2610778808594,486.5957614349735,484.36121323559956,485.80824421290174,55918600
2024-02-07,490.3166809082031,490.7399545059153,487.6194758002834,488.5349664241499,70556500
2024-02-08,490.5332336425781,490.91712386165034,489.48979965953936,490.316670172096,52343600
2024-02-09,493.36822509765625,493.8111753411615,490.70055012147776,491.04508700467625,63979400
2024-02-12,493.15167236328125,495.63228390301646,492.4232152124845,493.33870581706736,56502300
2024-02-13,486.3594970703125,489.3224724499517,483.0520148201474,486.8024773905753,113099200
2024-02-14,490.7793273925781,491.2715143675092,486.67447480374074,489.02714296345175,68387800
2024-02-15,494.16558837890625,494.3526218372526,491.00572629255566,491.4880899675745,61683000
2024-02-16,491.70465087890625,495.01213299527757,490.9565170494229,493.86043227431986,75461200
2024-02-20,488.99761962890625,490.62183066023255,486.7237181769076,489.94261022228915,71736700
2024-02-21,489.4405517578125,489.59805519099353,485.8475929329507,487.6785440580605,59603800
2024-02-22,499.5697937011719,500.5443143261037,495.15978746625774,496.13433813189937,76402500
2024-02-23,499.914306640625,502.15867800066263,499.17602619270855,501.3121007992168,61321800
2024-02-26,498.0833740234375,500.8002557857889,497.9554006011949,500.3572754842892,50386700
2024-02-27,499.0086975097656,499.2351143411997,496.86276943007084,498.7823107190416,48854500
2024-02-28,498.3491516113281,498.9397519322539,497.06944748767006,497.433661032477,56506600
2024-02-29,500.1407165527344,501.77478095792515,497.4533948240691,500.1308932406561,83924800
2024-03-01,504.836181640625,505.26930860368725,500.6132388118338,501.0266891095606,76805900
2024-03-04,504.2947692871094,506.1651038495938,503.99946911445886,504.02902917243324,49799300
2024-03-05,499.2547607421875,502.71977618889395,497.02024274409166,502.26694255347593,72855600
2024-03-06,501.7846374511719,504.0683922997588,500.47543327269375,502.57212462068674,68382400
2024-03-07,506.7655334472656,507.8286740996663,501.8436638657645,505.12164582984065,58652100
2024-03-08,503.72381591796875,510.12221626039303,503.1430389188463,507.4053947507134,86425500
2024-03-11,503.29071044921875,503.8813408255942,500.5541520780311,502.50322330785735,62557200
2024-03-12,508.70477294921875,509.2953732567319,502.87723620181947,505.4267910389835,73114400
2024-03-13,507.90740966796875,509.2067905212248,506.4505554149632,509.0296104159743,55104100
2024-03-14,506.90338134765625,509.0493093648836,503.8222860546738,508.8917758861152,110171800
2024-03-15,503.4226989746094,505.2692230649925,501.7341978345986,503.79792814662255,107585800
2024-03-18,506.4145812988281,509.00164944251645,505.9998765535288,507.54026873273324,88893300
2024-03-19,509.22882080078125,509.5151545205673,504.69647924551435,505.7135636183011,60755300
2024-03-20,513.9388427734375,514.0770977862902,508.606743491781,509.28807432015947,69594600
2024-03-21,515.63720703125,517.5231763815539,515.3508130660615,516.8122539881692,60256100
2024-03-22,514.6596069335938,516.0419759824129,514.4225725581739,515.5482598361023,79023000
2024-03-25,513.2377319335938,514.4028948746237,513.0797090074374,513.2673235646932,48512100
2024-03-26,512.289794921875,515.0250019230342,511.8849741606643,514.679364426303,65463700
2024-03-27,516.5950317382812,516.6345676089135,512.9612874577568,515.1534188944993,82999800
2024-03-28,516.496337890625,518.0169622820405,516.2100041549976,516.6345929084168,96294900
2024-04-01,515.59765625,517.7897874357077,514.4226093270697,517.246711689566,62477500
2024-04-02,512.3195190429688,512.4577137930522,509.98913247450986,511.7270233656594,74230300
2024-04-03,512.8822631835938,514.4029477306854,511.1641403606512,511.21349992961393,59155800
2024-04-04,506.6219787597656,517.286237258894,506.31587710832724,516.940660005626,96858100
2024-04-05,511.9145812988281,513.8993301021636,507.55014688576046,507.99450352753723,74482100
2024-04-08,512.2008666992188,513.6425395902407,511.38134126248457,512.6255156348878,48401800
2024-04-09,512.7933959960938,514.2054170815929,507.8858256784909,513.9585589840982,68124400
2024-04-10,507.65875244140625,509.67309288761504,505.65429596232127,507.02678122640623,82652800
2024-04-11,511.4900207519531,512.951401525454,505.6444373898546,509.19917018359536,70099000
2024-04-12,504.42987060546875,509.33741106297106,502.68209589185415,507.9056219639592,92469100
2024-04-15,498.1103210449219,508.82393922642535,497.25122948428464,508.6560925817605,92101400
2024-04-16,497.20184326171875,500.1345187428283,495.89842524032656,498.59412658447235,73484000
2024-04-17,494.25927734375,499.85803232859774,492.8472562394146,499.690155561082,75910300
2024-04-18,493.2422790527344,497.7943586166654,492.29435227585236,495.67138473618996,74548100
2024-04-19,488.93707275390625,494.1704528693444,487.65339244333126,493.1632825831793,102129100
2024-04-22,493.43975830078125,496.0663323040314,489.2036645395879,491.5734964560846,67961000
2024-04-23,499.29522705078125,499.72969975232706,493.25214509988666,495.47386817795365,64633600
2024-04-24,499.0582275390625,500.99358666230006,496.80688280638515,500.1937688055625,55928100
2024-04-25,497.162353515625,497.93254961957143,491.23775882863794,492.9065220761964,69122400
2024-04-26,501.8724365234375,503.47207230236467,499.34461181258143,499.98643689086055,64306100
2024-04-29,503.6498107910156,504.33114161625775,500.87512791942584,503.679432560198,46415400
2024-04-30,495.67132568359375,503.1560499967319,495.67132568359375,502.16861759935483,77483600
2024-05-01,494.06182861328125,501.8032953461073,493.5878501926421,495.0788828236565,80242800
2024-05-02,498.6829833984375,499.5321909315141,493.27184300217647,497.81403806563185,62550200
2024-05-03,504.8643493652344,506.1084937698732,502.1686479094306,504.73597832437986,72756700
2024-05-06,510.0779724121094,510.11744801239473,506.8490491130431,507.2934057556446,47264700
2024-05-07,510.6408386230469,512.0528598136372,509.959507812529,511.0555433826376,52561300
2024-05-08,510.69012451171875,511.2332002346547,508.665900307274,508.7843873643478,42047200
2024-05-09,513.6326904296875,513.6722262969421,510.2162129252239,510.87777575274464,43643700
2024-05-10,514.2943725585938,516.0717390144458,513.0600819270163,515.2521531600112,52233200
2024-05-13,514.3634033203125,516.101294049221,513.2081242461536,515.9926909456875,36716400
2024-05-14,516.723388671875,517.246756798696,514.0178334036524,514.5609091971558,57535900
2024-05-15,523.1219482421875,523.4181658986269,518.579723193792,519.2215783394845,59504900
2024-05-16,522.045654296875,524.8401049513539,521.8975153250047,523.2207013003554,50244800
2024-05-17,522.7960815429688,522.8652090411972,520.6928457686228,522.1641103603855,59187600
2024-05-20,523.3984985351562,524.8796473700406,522.5196690954474,522.9146662253235,37764200
2024-05-21,524.6820678710938,524.8400908059087,522.4208693618174,522.6282518632279,33437000
2024-05-22,523.17138671875,524.7018950646127,520.9693712262205,523.9810886138737,48390000
2024-05-23,519.3499755859375,526.370605604358,518.1255087640279,526.2620025028626,57211200
2024-05-24,522.7862548828125,523.6058407166882,520.2584301434748,521.2162107208669,41258400
2024-05-28,523.151611328125,523.8428261329518,520.4855315198485,523.6058519754333,36269600
2024-05-29,519.4882202148438,520.6830352503243,518.7674137672095,519.0735154350635,45190300
2024-05-30,516.0420532226562,518.5995297613006,514.7781710383293,517.9280829339874,46468500
2024-05-31,520.7422485351562,520.8706195756462,511.84547248017293,517.0097851977956,90785800
2024-06-03,521.1668090820312,522.657841650115,516.032148544318,522.3715079503993,46835700
2024-06-04,521.7494506835938,522.49990899419,518.3625645865347,519.8437132727871,34632700
2024-06-05,527.9505004882812,527.9702684234203,522.0851492209949,524.0995500261425,47610400
2024-06-06,527.9406127929688,528.6910711058155,525.985515807043,528.2565984124882,30808500
2024-06-07,527.2987670898438,530.1425771236412,525.8472101733005,526.9531296011007,43224500
2024-06-10,528.9280395507812,529.253909134287,525.8769070309806,526.4792263610262,35729300
2024-06-11,530.2018432617188,530.2610867954452,525.3634003577233,527.3580331066662,36383400
2024-06-12,534.556396484375,537.2817195863698,533.5097205376181,534.823022521598,63251300
2024-06-13,535.6327514648438,536.5016968534992,532.808709085761,536.323966242378,44760900
2024-06-14,535.9586181640625,535.9882097983759,533.0653880279153,534.0824723877374,40089900
2024-06-17,540.2242431640625,541.6363245352009,534.8032489186013,535.2673734870664,55839500
2024-06-18,541.5968627929688,541.725233844278,539.8589718842574,540.2835606431654,41376400
2024-06-20,540.1255493164062,543.206333734204,538.3284150280085,542.5348869014116,70328200
2024-06-21,539.4014282226562,540.5307472774641,537.9254170455512,539.2924747513658,64513900
2024-06-24,537.6480102539062,541.8185338516724,537.5291409294473,539.2231194967758,45528700
2024-06-25,539.7183837890625,540.0849075862001,537.3507924251047,538.8862381242648,38273300
2024-06-26,540.3920288085938,541.1151605924962,537.935315544085,538.5890968132603,38550600
2024-06-27,541.2439575195312,541.8284487491936,539.5004601471773,540.2533395091051,35041500
2024-06-28,539.1141357421875,545.1173392760371,537.85609191082,542.0265552795133,76144500
2024-07-01,540.2236328125,540.758544752217,537.4300828689322,540.5108902585941,40297800
2024-07-02,543.8592529296875,543.8592529296875,538.5495544229893,538.5990732354992,40434800
2024-07-03,546.2861938476562,546.6527176503928,543.5025598400373,543.5421627913393,32789900
2024-07-05,549.4363403320312,549.8424670776978,545.9493458886657,546.5932717248053,41488400
2024-07-08,550.0703735351562,551.0312439407816,548.9905733480141,550.2288458063081,36110500
2024-07-09,550.6053466796875,551.9525727530728,550.3081733491656,551.0412210519627,27289700
2024-07-10,556.0537109375,556.4004030574295,551.5464110657902,551.843584377519,38701200
2024-07-11,551.2590942382812,557.0542459098444,550.6152288053468,556.1725813645302,53054200
2024-07-12,554.7361450195312,558.3816118783382,551.9228238555439,552.3983011311424,53084400
2024-07-15,556.26171875,559.5406617004013,554.3795204861657,556.7570277181121,40584300
2024-07-16,559.5604248046875,559.8575980887277,556.8263096664786,557.5891048142814,36475300
2024-07-17,551.71484375,555.2513576014627,551.3879228494364,553.5573788940302,57119000
2024-07-18,547.4749145507812,554.2705999484662,545.2658557697873,553.2700660994436,56270400
2024-07-19,543.8394165039062,548.8816891943164,542.7695320353313,547.2372293030306,65509100
2024-07-22,549.4463500976562,550.0605284790182,545.8504015789395,547.8118060573195,43346700
2024-07-23,548.5844116210938,551.5166019194357,548.0891026693448,549.3372304392366,34439600
2024-07-24,536.1521606445312,544.0176699808688,535.2209773062864,543.7105808194543,74515300
2024-07-25,533.358642578125,542.3237843826932,532.4076879374397,536.2710620902797,61158300
2024-07-26,539.3320922851562,542.0562919162144,536.4097569520611,537.192383905728,53763800
2024-07-29,539.6491088867188,541.9176024979843,537.6282093301492,540.8972973275345,39515800
2024-07-30,536.9149780273438,542.2049049678778,533.4676465939222,541.1350205544782,46853600
2024-07-31,545.642333984375,548.3070989978249,542.4426569823155,543.8294859958498,65663400
2024-08-01,537.9154663085938,549.6641807633281,534.3690370943198,547.3857715555625,76428700
2024-08-02,527.900390625,531.9519846487756,523.6406845786929,530.7236279231074,82789100
2024-08-05,512.5259399414062,518.6677835651788,505.48263031997044,506.83980235904284,146267400
2024-08-06,517.2512817382812,524.7799553554416,513.0114071118838,514.3487174048885,84826300
2024-08-07,513.7938842773438,526.6026277008622,513.1896218330463,523.5118440416625,70698300
2024-08-08,525.6714477539062,526.3053973005219,516.9441058934248,518.994631875678,63276600
2024-08-09,527.9894409179688,529.495199519807,523.6010107428957,524.8392831555863,45619600
2024-08-12,528.2669067382812,530.7037884446491,525.9686656073576,529.1980901235476,42542100
2024-08-13,536.95458984375,537.1923889659508,531.2486806240174,531.4963351382646,52333100
2024-08-14,538.6485595703125,539.847229165935,535.052611245972,537.7569791487715,42446900
2024-08-15,547.881103515625,548.168360968592,543.730411684699,544.3445900065761,60846800
2024-08-16,549.1094360351562,549.8127965494804,546.0880633659141,546.246535635152,44430700
2024-08-19,554.3597412109375,554.3597412109375,548.6636875389138,549.5255203879397,39121800
2024-08-20,553.4583129882812,555.5782501123483,552.1011711057072,553.9041032003555,33732300
2024-08-21,555.3602294921875,556.8362405615584,549.5254752640853,554.5182284209087,41514600
2024-08-22,551.0015258789062,557.8962490623195,549.7731692085193,557.2820707271261,56121500
2024-08-23,556.8560791015625,557.8070941103703,552.0614615681247,554.2804965886761,50639400
2024-08-26,555.5286254882812,558.6193486946379,553.8049599073349,557.896216929936,35788600
2024-08-27,556.2914428710938,556.7867518721707,553.0818502181188,554.240856351132,32693900
2024-08-28,553.0620727539062,556.3806796641229,549.8326480761413,555.944805281924,41066000
2024-08-29,553.1115112304688,558.3915218624276,551.9525051521193,555.0531441896234,38715200
2024-08-30,558.3915405273438,558.9066812293946,551.9129206487703,555.5088687841893,62700100
2024-09-03,546.900390625,555.5484662312776,544.3544951641693,555.2116295150004,60600100
2024-09-04,545.781005859375,549.2283371934773,544.304994695349,545.0380423502995,47224900
2024-09-05,544.45361328125,548.6043056443475,541.9671521129878,545.7216335035239,44264300
2024-09-06,535.290283203125,546.4248189179493,534.3789316488474,544.7804197789798,68493800
2024-09-09,541.2835083007812,542.5713599602232,537.588522826048,539.5400715589968,40445800
2024-09-10,543.6412963867188,543.9979648614943,538.2820789602596,543.2153378505611,36394600
2024-09-11,549.2183837890625,550.1495670752728,534.8940870094609,543.5520781692663,75248600
2024-09-12,553.8446655273438,554.151754700655,547.5542047078643,549.80292700237,51892700
2024-09-13,556.7371826171875,557.7476322358331,554.2012031799659,554.4587735111908,39310500
2024-09-16,557.5594482421875,557.8268739812047,554.6470289741064,556.4697321910213,36656100
2024-09-17,557.7872924804688,561.2643713841238,555.5286543862046,559.7982156086712,49321000
2024-09-18,556.1329956054688,563.354579399442,555.5683360633434,558.4510079757443,59044900
2024-09-19,565.623046875,567.5052452619498,562.7502909495536,565.6527944370424,75315500
2024-09-20,564.6453247070312,565.6985982057745,561.584845604879,564.237952213736,77503100
2024-09-23,566.0562744140625,566.7121216588677,564.4962264504853,565.7284114396389,44116900
2024-09-24,567.6759033203125,567.7355202798775,563.9993624192057,566.8610977742745,46805700
2024-09-25,566.4239501953125,568.2622511765038,565.301113457304,567.5170087741786,38428600
2024-09-26,568.6696166992188,571.064362885533,566.2848774298052,570.7364392510955,48336000
2024-09-27,567.8448486328125,570.5774039966909,566.8015214416548,569.7527127715928,42100900
2024-09-30,570.120361328125,570.7364235043248,564.4763997038558,566.8015219435828,63557400
2024-10-01,565.012939453125,570.4184330981693,562.409564342811,569.7626465103712,72668800
2024-10-02,565.25146484375,566.2849064967246,561.6842717014576,564.108796170998,38097800
2024-10-03,564.2180786132812,566.185499206709,561.9028418329451,563.7609747596233,40846500
2024-10-04,569.3452758789062,569.7228701967099,564.4962273588824,568.7192674387571,42939100
2024-10-07,564.1981811523438,568.3318263939267,563.0356199616413,567.6759791031835,49964700
2024-10-08,569.5341186523438,570.1402952518803,565.9172548337782,566.8015630876895,37398700
2024-10-09,573.4789428710938,574.0453343695604,568.9180327244846,569.5241486507804,37912200
2024-10-10,572.475341796875,573.9161558957669,570.8457305312595,572.117640001393,44138100
2024-10-11,575.9034423828125,576.6486847463361,572.2566794174254,572.3958058807981,42268000
2024-10-14,580.6134033203125,581.5573891736228,577.0461496161133,577.533031622562,36217200
2024-10-15,576.1021728515625,581.1896890869497,574.8699878939491,580.8816580095407,54203600
2024-10-16,578.606201171875,579.1328682582629,575.2874222334457,576.1022278881695,30725400
2024-10-17,578.6558227539062,582.4019270642203,578.4670255981297,582.1932373716321,34393700
2024-10-18,580.8816528320312,581.6765658652295,578.8843936568359,580.3649320688628,37416800
2024-10-21,579.927734375,581.1399661656003,576.9169261394305,580.1463096888544,36439000
2024-10-22,579.6197509765625,580.7922584378235,576.6983982686804,577.3641311814339,34183800
2024-10-23,574.3235473632812,578.0199813159995,570.7761861542631,577.5728237328826,49314600
2024-10-24,575.5655517578125,576.3803573236686,572.91250602068,576.3008478263231,34979900
2024-10-25,575.3668212890625,580.7524830298728,574.4129498913522,577.82118431004,47268200
2024-10-28,577.1455688476562,579.013648071529,576.8375377335062,578.8844678641772,30174700
2024-10-29,578.0795288085938,579.2122510622435,574.7606896006656,576.1716647696521,42899700
2024-10-30,576.3307495117188,579.6197502905108,575.6152852535009,577.6025983681301,41435800
2024-10-31,565.0328979492188,571.9785478103307,564.8341545016019,571.9089845712656,60182500
2024-11-01,567.4176025390625,571.8990031889416,567.0002837782789,567.6958554782392,45667500
2024-11-04,566.1953735351562,568.8683117841309,564.2875701521782,567.5566780058409,38217000
2024-11-05,573.041748046875,573.0814724758461,566.9009578077806,567.1195331390961,39478300
2024-11-06,587.290771484375,588.1751404085513,581.6766481170673,585.4624773142872,68182000
2024-11-07,591.8317260742188,592.8651676361171,589.2382971968773,589.3178066973262,47233200
2024-11-08,594.3953857421875,595.8361998006164,592.3881801994943,592.3881801994943,46444900
2024-11-11,594.9617309570312,596.362759831691,593.2128859447075,596.0050580740726,37586800
2024-11-12,593.1136474609375,595.48844063711,590.5996671575766,594.8823246679941,43006100
2024-11-13,593.4017333984375,595.4287708447639,591.1858987893664,593.5805842924092,47388600
2024-11-14,589.5860595703125,594.0177893902365,588.8905485392219,593.5309074092812,38904100
2024-11-15,582.0343017578125,586.456085364698,580.1562763950889,585.979088998431,75988800
2024-11-18,584.4190673828125,585.75053306763,581.6268951744081,582.5012570573457,37084100
2024-11-19,586.555419921875,587.2907160283254,580.3252349064234,581.0009140487828,49412000
2024-11-20,586.754150390625,587.0422889360375,580.9213917152948,586.6349164650766,50032600
2024-11-21,589.904052734375,591.344866826489,583.7235382544677,589.6358067130162,46750300
2024-11-22,591.732421875,592.3683766226027,589.3874069721955,589.8941208684593,38226400
2024-11-25,593.7396240234375,597.0484566493915,591.4243872937958,595.7169908429067,42441400
2024-11-26,596.8397827148438,597.5154618364036,594.2761320418831,595.0014818573266,45621300
2024-11-27,595.0313110351562,597.0384558306165,593.4911556618155,596.6509759062111,34000200
2024-11-29,598.7277221679688,599.5226352519451,595.5778479906228,595.856040278423,30177400
2024-12-02,599.8009033203125,600.4865287602358,598.648227768682,599.1450560396994,31746000
2024-12-03,600.0790405273438,600.3274546400478,598.5190532697817,599.5623804135435,26906600
2024-12-04,603.8052978515625,604.0537119830409,601.1125274810446,601.7882066409081,42787600
2024-12-05,602.8116455078125,604.6201076752798,602.4539437115175,603.8053020406198,28762200
2024-12-06,603.954345703125,605.2063625778626,603.1693789132718,603.5866976555247,31241500
2024-12-09,600.8441772460938,604.0039974916313,600.2480076329648,603.8350928759075,34742700
2024-12-10,598.9761352539062,601.9571047996105,598.3104023701336,601.5298397758172,37234500
2024-12-11,603.6065673828125,604.5703850257809,601.6589789125985,601.9372318289047,28677700
2024-12-12,600.4964599609375,603.3084642377864,600.4964599609375,602.7321871244142,31543800
2024-12-13,600.3772583007812,603.2787185052333,598.9861148428745,602.5533686161162,35904700
2024-12-16,602.9407958984375,603.9245667615821,601.370862320769,602.1558291096032,43695200
2024-12-17,600.4566650390625,601.3310876116105,599.0655823267214,600.3573236481737,55773500
2024-12-18,582.5609741210938,602.5632240884986,582.1734335224694,600.1486460207312,108248700
2024-12-19,582.3820190429688,589.2382727831096,582.1336049313401,587.6086616553114,85919500
2024-12-20,589.3770751953125,593.963254751842,579.1677354036608,580.0252023798975,125716700
2024-12-23,592.9064331054688,593.5145890145251,585.8974879778806,589.1178420766572,57635800
2024-12-24,599.49658203125,599.5365010094702,593.6840502010506,594.2723074608894,33160100
2024-12-26,599.5364990234375,600.673033709029,596.286266618511,597.7019907423149,41219100
2024-12-27,593.2254638671875,595.9871755936747,588.9882104091681,595.7478442826339,64969300
2024-12-30,586.455810546875,589.9652730101648,582.6572397439561,586.1268440800185,56578800
2024-12-31,584.322265625,588.8685869923663,582.6672101639617,588.1407350043717,57052700
2025-01-02,582.8865966796875,589.3571225168115,578.7589985198474,587.6223507588766,50204000
2025-01-03,590.1746215820312,590.8226355752365,584.6711578252952,585.7678951902626,37888500
2025-01-06,593.5744018554688,597.9014122494413,591.8196706515002,594.4817066914783,47679400
2025-01-07,586.8646240234375,595.9572670439192,585.0201967640594,595.6282397198856,60393100
2025-01-08,587.7219848632812,588.8087424972755,583.4448733889237,586.9343761474076,47304700
2025-01-10,578.7489624023438,584.1926084677874,576.8147784906305,584.1228111122192,73105000
2025-01-13,579.6463012695312,580.0052069477971,573.6243775799428,574.0431617233518,47910100
2025-01-14,580.4439086914062,583.2454785560273,576.6153987751911,582.6073834279746,48420600
2025-01-15,591.002197265625,592.1586914849061,587.4329171587094,588.5595329953718,56900200
2025-01-16,589.8656005859375,592.5674339582336,589.1577080719753,592.3879811065466,43319700
2025-01-17,595.7877807617188,597.562410619056,593.8236574580369,595.1696451072651,58070600
2025-01-21,601.2413330078125,601.2513127523598,596.8744645431257,598.8684661853716,42532900
2025-01-22,604.6211547851562,605.9970207281947,603.5443769053658,604.1026949074611,48196000
2025-01-23,607.9212646484375,607.9212646484375,603.7039705508554,603.9830991440912,41152100
2025-01-24,606.1465454101562,608.9481760680518,604.980071516125,607.981053651763,34604700
2025-01-27,597.5723876953125,597.8914352658803,592.8565932019453,593.0260663058995,70361100
2025-01-28,602.7069702148438,603.5543965921443,595.4587545999498,598.818642579001,44433300
2025-01-29,600.0050659179688,602.3181151413867,597.4228069982945,601.9093107246936,37177400
2025-01-30,603.225341796875,604.7806606099443,598.9182910409676,602.1486247469728,39281300
2025-01-31,600.0150146484375,608.1306155740967,599.2473045778189,605.6779717570167,66671500
2025-02-03,595.9771728515625,598.4895734255874,588.7189779992506,590.8924323868896,65857200
2025-02-04,599.9751586914062,600.4935577176606,595.4886551807033,596.0369934393696,33457800
2025-02-05,602.4077758789062,602.5573503352053,596.784737785208,598.8385569367734,30653100
2025-02-06,604.5015258789062,604.6311408496849,600.8225905322549,604.172498579845,35771500
2025-02-07,598.9682006835938,606.3061120968874,598.2503284518037,605.0698408193554,50788500
2025-02-10,603.035888671875,603.683963510289,600.9322316611732,602.2184015940107,26048700
2025-02-11,603.4945678710938,604.0429061552635,600.6232006225274,600.7428358535425,30056700
2025-02-12,601.5504150390625,602.7368484783108,596.714985283226,597.4029183001364,45076100
2025-02-13,607.9013061523438,608.1106982366895,601.3909222732692,602.6670517126223,40921300
2025-02-14,607.8713989257812,609.1575080488998,607.2432835546514,608.1106693810499,26910400
2025-02-18,609.656005859375,609.656005859375,606.5553479941693,609.0478499794664,26749000
2025-02-19,611.0916748046875,611.3907628653418,607.731787077126,608.2502469503253,31011100
2025-02-20,608.5493774414062,609.845466362675,605.1994692243143,609.705871640604,36554000
2025-02-21,598.1406860351562,608.4696001270332,597.6720639975363,608.3300054050101,76519800
2025-02-24,595.4188842773438,601.2214363779027,594.7010120406462,600.2144558088706,50737200
2025-02-25,592.457763671875,596.0968410433766,587.7918070882386,595.3590701652774,58266500
2025-02-26,592.7568359375,597.7817589335975,590.0848810857798,594.1426816591761,43321600
2025-02-27,583.2952880859375,596.226419710782,582.8965242893548,595.0598849968359,74196700
2025-02-28,592.39794921875,592.9363077632394,580.6931691446642,583.8038068836951,88744100
2025-03-03,582.0191650390625,595.5484729311629,578.1607768871335,594.3919179487391,74249200
2025-03-04,575.1298828125,583.63432908105,570.533723601707,577.9713716824587,109648200
2025-03-05,581.311279296875,583.1258280404028,571.3612308662864,574.9603891205771,71230500
2025-03-06,570.9923706054688,578.4299578955523,568.4101116656967,573.7540215413394,80094900
2025-03-07,574.1926879882812,575.6583108183255,563.9335715863721,569.187785314308,81158800
2025-03-10,558.8987426757812,567.8318311729231,553.9237182672504,565.8877282348667,99326600
2025-03-11,554.252685546875,562.3284287982106,550.3644188129149,557.7222898220398,88102100
2025-03-12,557.19384765625,561.4211214289652,552.0293906715008,560.483938216931,69588200
2025-03-13,549.7661743164062,557.4331130450024,548.0314026284964,556.8149774056806,74079400
2025-03-14,561.1220092773438,562.1389695505442,549.835953090791,554.442091848548,62660300
2025-03-17,565.4490356445312,568.0013552926785,560.6633830586674,561.1020658506349,49008700
2025-03-18,559.33740234375,563.3254055013634,557.3832588897637,563.1060336846033,66041400
2025-03-19,565.4290771484375,569.2376275644565,559.9455726652652,561.141985813832,66556000
2025-03-20,563.7940063476562,568.8587877529125,560.9126592589647,561.6405112658884,62958200
2025-03-21,563.97998046875,564.8900146484375,558.030029296875,559.280029296875,83763000
2025-03-24,574.0800170898438,575.1500244140625,570.2000122070312,570.7999877929688,58766800
2025-03-25,575.4600219726562,576.4099731445312,573.6900024414062,575.2999877929688,38355700
2025-03-26,568.5900268554688,576.3300170898438,567.1900024414062,575.1900024414062,51848300
2025-03-27,567.0800170898438,570.9000244140625,564.9400024414062,567.1799926757812,42164200
2025-03-28,555.6599731445312,566.27001953125,555.0700073242188,565.530029296875,71662700
2025-03-31,559.3900146484375,560.7100219726562,546.8699951171875,549.8300170898438,95328200
2025-04-01,560.969970703125,562.9400024414062,553.6799926757812,557.4500122070312,54609600
2025-04-02,564.52001953125,567.4199829101562,554.8099975585938,555.0499877929688,76014500
2025-04-03,536.7000122070312,547.969970703125,536.7000122070312,545.1099853515625,125986000
2025-04-04,505.2799987792969,525.8699951171875,505.05999755859375,523.6699829101562,217965100
2025-04-07,504.3800048828125,523.1699829101562,481.79998779296875,489.19000244140625,256611400
2025-04-08,496.4800109863281,524.97998046875,489.1600036621094,521.8599853515625,165816600
2025-04-09,548.6199951171875,548.6199951171875,493.04998779296875,493.44000244140625,241867300
2025-04-10,524.5800170898438,533.5,509.32000732421875,532.1699829101562,162331200
2025-04-11,533.9400024414062,536.4299926757812,520.0700073242188,523.010009765625,97866300
2025-04-14,539.1199951171875,544.280029296875,533.8599853515625,544.0499877929688,68034000
2025-04-15,537.6099853515625,543.22998046875,536.8099975585938,539.6699829101562,56892900
2025-04-16,525.6599731445312,537.8900146484375,520.2899780273438,531.6799926757812,83484800
2025-04-17,526.4099731445312,531.1699829101562,523.9099731445312,527.6400146484375,79741000
2025-04-21,513.8800048828125,521.7000122070312,508.4599914550781,521.1599731445312,69368100
2025-04-22,527.25,529.2999877929688,519.1900024414062,520.1400146484375,75948100
2025-04-23,535.4199829101562,545.4299926757812,533.8800048828125,540.4299926757812,90590700
2025-04-24,546.6900024414062,547.4299926757812,535.4500122070312,536.719970703125,64150400
2025-04-25,550.6400146484375,551.0499877929688,543.6900024414062,546.6500244140625,61119600
2025-04-28,550.8499755859375,553.5499877929688,545.02001953125,551.3900146484375,47613800
2025-04-29,554.3200073242188,555.4500122070312,548.5499877929688,548.9099731445312,47775100
2025-04-30,554.5399780273438,556.52001953125,541.52001953125,547.5700073242188,93101500
2025-05-01,558.469970703125,564.0700073242188,557.8599853515625,560.3699951171875,63186100
2025-05-02,566.760009765625,568.3800048828125,562.3800048828125,564.72998046875,60717300
2025-05-05,563.510009765625,566.6500244140625,561.7000122070312,562.5700073242188,38659200
2025-05-06,558.7999877929688,563.3499755859375,556.9600219726562,557.9299926757812,48264700
2025-05-07,561.1500244140625,563.8200073242188,556.0399780273438,560.1500244140625,55588000
2025-05-08,565.0599975585938,570.3099975585938,561.7000122070312,565.239990234375,65130800
2025-05-09,564.3400268554688,567.5,562.760009765625,566.47998046875,37603400
2025-05-12,582.989990234375,583.0,577.0399780273438,581.469970703125,78993600
2025-05-13,586.8400268554688,589.0800170898438,582.8400268554688,583.4099731445312,67947200
2025-05-14,587.5900268554688,588.97998046875,585.5399780273438,587.8099975585938,66283500
2025-05-15,590.4600219726562,590.969970703125,585.0999755859375,585.5599975585938,71268100
2025-05-16,594.2000122070312,594.5,589.280029296875,591.25,76052100
2025-05-19,594.8499755859375,595.5399780273438,588.0999755859375,588.0999755859375,68168500
2025-05-20,592.8499755859375,594.0499877929688,589.5999755859375,593.0900268554688,60614500
2025-05-21,582.8599853515625,592.5800170898438,581.8200073242188,588.4400024414062,95197700
2025-05-22,583.0900268554688,586.6199951171875,581.4099731445312,582.6599731445312,70860400
2025-05-23,579.1099853515625,581.8099975585938,575.5999755859375,575.97998046875,76029000
2025-05-27,591.1500244140625,591.3099975585938,578.4299926757812,586.0700073242188,72588500
2025-05-28,587.72998046875,592.77001953125,586.989990234375,591.5599975585938,68445500
2025-05-29,590.0499877929688,593.2000122070312,586.0700073242188,593.0599975585938,69973300
2025-05-30,589.3900146484375,591.1300048828125,583.239990234375,588.9299926757812,90471200
